timestamp,NO2,C2H50H,VOC,CO,Alcohol,LPG,Benzene,Temperature,Pressure,Humidity,Gas_Resistance,Altitude,State197208,53,84,152,768,4,36,4294967295,25.59,1022.24,28.21,419.11,-43.37,1
198204,53,84,152,768,4,36,4294967295,25.59,1022.24,28.22,420.68,-43.46,1
199200,53,84,150,768,4,36,4294967295,25.59,1022.25,28.27,421.74,-43.46,1
200196,53,83,151,767,4,36,4294967295,25.59,1022.25,28.29,422.27,-43.37,1
201192,53,84,150,768,4,36,4294967295,25.59,1022.24,28.32,423.87,-43.37,1
202188,52,83,150,768,5,39,4294967295,25.59,1022.24,28.36,423.33,-43.46,1
203184,52,84,149,767,4,36,4294967295,25.59,1022.25,28.37,424.67,-43.37,1
204180,52,83,149,766,5,36,4294967295,25.59,1022.24,28.39,429.28,-43.37,1
205176,51,84,149,766,4,36,4294967295,25.59,1022.24,28.42,427.10,-43.37,1
206172,50,83,148,767,4,36,4294967295,25.59,1022.24,28.43,430.38,-43.37,1
207168,51,84,148,768,4,35,4294967295,25.59,1022.24,28.45,430.93,-43.37,1
208164,51,83,147,767,4,36,4294967295,25.59,1022.24,28.44,430.11,-43.37,1
209160,51,83,146,766,4,36,4294967295,25.59,1022.24,28.43,434.00,-43.37,1
210156,51,83,147,766,4,39,4294967295,25.59,1022.24,28.45,432.60,-43.37,1
211152,51,83,147,766,4,36,4294967295,25.59,1022.24,28.46,435.40,-43.37,1
212148,50,83,146,765,4,36,4294967295,25.59,1022.24,28.47,434.00,-43.37,1
213144,50,83,146,765,4,35,4294967295,25.60,1022.24,28.47,437.67,-43.29,1
214140,50,83,145,764,4,38,4294967295,25.60,1022.23,28.45,435.40,-43.29,1
215136,50,83,145,765,4,36,4294967295,25.60,1022.23,28.45,436.82,-43.29,1
216132,50,83,144,764,5,36,4294967295,25.59,1022.23,28.44,436.54,-43.37,1
217128,49,83,144,765,4,36,4294967295,25.60,1022.24,28.44,440.83,-43.46,1
218124,49,83,143,765,4,36,4294967295,25.60,1022.25,28.42,441.70,-43.46,1
219120,49,83,143,765,4,36,4294967295,25.60,1022.25,28.42,438.82,-43.46,1
220116,49,83,143,765,4,36,4294967295,25.60,1022.25,28.39,439.97,-43.37,1
221112,49,83,142,765,4,34,4294967295,25.60,1022.24,28.39,442.28,-43.37,1
222108,49,82,142,766,4,36,4294967295,25.60,1022.24,28.39,441.12,-43.37,1
223104,48,82,142,766,4,36,4294967295,25.60,1022.24,28.39,443.16,-43.37,1
224100,48,83,142,767,4,36,4294967295,25.60,1022.24,28.39,444.62,-43.46,1
225096,49,83,142,768,4,36,4294967295,25.60,1022.25,28.41,443.45,-43.46,1
226092,49,83,142,769,4,36,4294967295,25.60,1022.25,28.41,444.62,-43.46,1
227088,48,83,142,771,4,36,4294967295,25.60,1022.25,28.43,446.10,-43.46,1
228084,48,83,142,772,4,36,4294967295,25.60,1022.25,28.43,446.40,-43.37,1
229080,48,83,142,773,4,35,4294967295,25.60,1022.24,28.43,444.04,-43.37,1
230076,48,83,142,774,4,37,4294967295,25.60,1022.24,28.42,446.99,-43.37,1
231072,48,83,142,776,4,35,4294967295,25.60,1022.24,28.42,449.08,-43.37,1
232068,48,83,142,776,4,36,4294967295,25.60,1022.24,28.40,446.10,-43.37,1
233064,48,84,141,776,4,36,4294967295,25.60,1022.24,28.39,452.41,-43.46,1
234060,48,84,141,776,4,36,4294967295,25.60,1022.25,28.41,446.40,-43.46,1
235056,48,84,141,776,4,36,4294967295,25.60,1022.25,28.42,448.18,-43.46,1
236052,48,84,140,776,4,36,4294967295,25.60,1022.25,28.44,451.19,-43.46,1
237048,48,84,140,777,4,36,4294967295,25.60,1022.25,28.45,451.80,-43.37,1
238044,48,84,140,777,3,36,4294967295,25.60,1022.24,28.47,449.08,-43.37,1
239040,48,84,140,778,4,36,4294967295,25.60,1022.24,28.49,448.48,-43.37,1
240036,47,84,140,778,4,36,4294967295,25.60,1022.24,28.51,450.29,-43.37,1
241032,47,84,139,778,4,36,4294967295,25.60,1022.24,28.55,449.99,-43.37,1
242028,48,84,140,778,4,36,4294967295,25.60,1022.24,28.54,449.68,-43.46,1
243024,48,84,139,779,4,36,4294967295,25.60,1022.25,28.55,448.78,-43.46,1
244020,47,84,139,779,4,36,4294967295,25.61,1022.25,28.56,449.38,-43.46,1
245016,48,85,139,779,4,36,4294967295,25.61,1022.25,28.55,452.41,-43.54,1
246012,48,84,139,780,4,36,4294967295,25.61,1022.26,28.56,453.02,-43.46,1
247008,47,85,139,781,4,36,4294967295,25.61,1022.25,28.54,449.08,-43.46,1
248004,47,84,139,782,4,36,4294967295,25.61,1022.25,28.54,452.11,-43.46,1
249000,47,85,139,783,4,36,4294967295,25.61,1022.25,28.55,453.02,-43.46,1
249996,47,84,139,784,4,37,4294967295,25.61,1022.25,28.54,450.59,-43.46,1
250992,47,84,138,784,4,36,4294967295,25.61,1022.25,28.55,452.41,-43.46,1
251988,47,84,138,784,5,37,4294967295,25.61,1022.25,28.54,451.80,-43.46,1
252984,47,84,138,783,4,36,4294967295,25.61,1022.25,28.55,448.78,-43.46,1
253980,47,84,138,784,4,35,4294967295,25.61,1022.25,28.58,451.50,-43.46,1
254976,47,85,138,784,4,35,4294967295,25.61,1022.25,28.60,451.19,-43.46,1
255972,47,85,137,784,4,36,4294967295,25.61,1022.25,28.61,449.38,-43.46,1
256968,47,85,137,785,5,37,4294967295,25.61,1022.25,28.63,454.55,-43.46,1
257964,47,84,138,785,4,36,4294967295,25.61,1022.25,28.61,453.32,-43.54,1
258960,47,85,137,784,4,36,4294967295,25.61,1022.26,28.60,452.41,-43.54,1
259956,47,84,137,785,4,36,4294967295,25.61,1022.26,28.60,452.41,-43.62,1
260952,47,84,138,785,4,36,4294967295,25.61,1022.27,28.59,452.11,-43.54,1
261948,47,85,137,786,4,35,4294967295,25.61,1022.26,28.60,453.02,-43.62,1
262944,47,85,137,786,3,36,4294967295,25.61,1022.27,28.62,452.71,-43.62,1
263940,47,85,137,787,4,36,4294967295,25.61,1022.27,28.64,451.19,-43.62,1
264936,47,85,137,787,4,37,4294967295,25.61,1022.27,28.65,453.63,-43.71,1
265932,47,85,137,788,4,36,4294967295,25.61,1022.28,28.66,454.55,-43.62,1
266928,47,85,137,788,4,36,4294967295,25.61,1022.27,28.64,453.63,-43.62,1
267924,47,85,137,788,4,36,4294967295,25.61,1022.27,28.63,453.94,-43.62,1
268920,47,85,137,789,4,37,4294967295,25.61,1022.27,28.61,453.02,-43.71,1
269916,47,85,137,789,4,36,4294967295,25.61,1022.28,28.62,454.24,-43.71,1
270912,47,86,137,790,4,36,4294967295,25.61,1022.28,28.62,451.80,-43.71,1
271908,47,86,137,791,4,37,4294967295,25.61,1022.28,28.64,453.63,-43.71,1
272904,47,86,138,792,4,36,4294967295,25.61,1022.28,28.64,455.17,-43.71,1
273900,47,86,138,793,4,37,4294967295,25.61,1022.28,28.65,452.41,-43.54,1
274896,47,86,139,794,4,36,4294967295,25.61,1022.26,28.65,453.63,-43.54,1
275892,48,86,139,796,4,36,4294967295,25.61,1022.26,28.65,455.79,-43.62,1
276888,48,86,139,796,4,36,4294967295,25.61,1022.27,28.63,454.24,-43.62,1
277884,47,86,139,796,4,36,4294967295,25.61,1022.27,28.61,454.55,-43.71,1
278880,47,86,139,797,4,37,4294967295,25.61,1022.28,28.61,454.86,-43.71,1
279876,47,86,138,797,4,36,4294967295,25.61,1022.28,28.62,456.40,-43.71,1
280872,47,86,138,797,4,40,4294967295,25.61,1022.28,28.65,454.24,-43.62,1
281868,47,86,138,798,4,35,4294967295,25.61,1022.27,28.67,456.40,-43.62,1
282864,48,86,138,798,4,36,4294967295,25.62,1022.27,28.66,453.94,-43.54,1
283860,47,86,139,799,4,36,4294967295,25.62,1022.26,28.67,454.55,-43.62,1
284856,48,86,140,799,4,36,4294967295,25.62,1022.27,28.67,454.24,-43.62,1
285852,48,86,140,800,4,36,4294967295,25.62,1022.27,28.69,453.94,-43.71,1
286848,48,87,140,801,4,36,4294967295,25.62,1022.28,28.70,454.24,-43.71,1
287844,48,87,140,802,4,35,4294967295,25.62,1022.28,28.71,454.86,-43.71,1
288840,48,87,141,803,4,37,4294967295,25.62,1022.28,28.73,454.55,-43.71,1
289836,48,87,141,803,4,37,4294967295,25.62,1022.28,28.74,454.55,-43.71,1
290832,48,87,141,804,5,37,4294967295,25.62,1022.28,28.73,454.24,-43.71,1
291828,49,87,142,805,5,36,4294967295,25.62,1022.28,28.74,454.24,-43.79,1
292824,48,87,142,805,5,37,4294967295,25.62,1022.29,28.72,453.02,-43.79,1
293820,49,87,142,805,5,37,4294967295,25.62,1022.29,28.72,456.10,-43.71,1
294816,49,87,142,806,5,37,4294967295,25.62,1022.28,28.70,455.17,-43.79,1
295812,49,87,143,806,5,38,4294967295,25.62,1022.29,28.72,454.55,-43.79,1
296808,49,87,142,806,5,37,4294967295,25.62,1022.29,28.73,450.89,-43.79,1
297804,49,87,143,807,5,37,4294967295,25.61,1022.29,28.73,451.19,-43.79,1
298800,49,87,143,807,5,37,4294967295,25.62,1022.29,28.75,453.94,-43.79,1
299796,49,87,143,807,5,37,4294967295,25.62,1022.29,28.77,454.24,-43.71,1
300792,49,87,143,807,6,38,4294967295,25.62,1022.28,28.79,450.59,-43.79,1
301788,49,87,144,807,5,38,4294967295,25.62,1022.29,28.79,453.63,-43.71,1
302784,49,87,143,807,5,39,4294967295,25.62,1022.28,28.78,454.55,-43.79,1
303780,49,87,143,806,5,37,4294967295,25.62,1022.29,28.79,453.94,-43.79,1
304776,49,87,143,806,5,39,4294967295,25.62,1022.29,28.78,453.02,-43.87,1
305772,49,87,144,806,5,38,4294967295,25.62,1022.30,28.79,451.19,-43.87,1
306768,49,87,143,806,5,38,4294967295,25.62,1022.30,28.78,449.99,-43.87,1
307764,49,87,143,806,5,38,4294967295,25.62,1022.30,28.80,453.02,-43.87,1
308760,48,87,143,805,5,37,4294967295,25.62,1022.30,28.80,450.89,-43.87,1
309756,49,87,144,806,5,38,4294967295,25.62,1022.30,28.79,449.99,-43.79,1
310752,49,87,144,807,5,37,4294967295,25.62,1022.29,28.84,449.08,-43.79,1
311748,49,87,145,807,5,39,4294967295,25.62,1022.29,28.87,449.38,-43.87,1
312744,49,87,145,808,5,38,4294967295,25.62,1022.30,28.94,448.78,-43.87,1
313740,50,87,145,808,5,38,4294967295,25.62,1022.30,28.98,446.69,-43.87,1
314736,49,88,145,808,5,37,4294967295,25.62,1022.30,29.02,446.69,-43.87,1
315732,49,88,146,808,6,38,4294967295,25.62,1022.30,29.05,451.19,-43.95,1
316728,50,88,145,808,5,37,4294967295,25.62,1022.31,29.05,449.08,-44.04,1
317724,50,88,146,808,5,37,4294967295,25.62,1022.32,29.06,446.40,-43.95,1
318720,49,88,146,809,5,38,4294967295,25.62,1022.31,29.06,447.88,-43.87,1
319716,50,88,147,809,5,38,4294967295,25.62,1022.30,29.04,443.45,-43.87,1
320712,50,88,147,810,5,38,4294967295,25.62,1022.30,29.01,445.21,-43.87,1
321708,50,88,148,810,5,37,4294967295,25.62,1022.30,29.00,447.88,-43.79,1
322704,50,88,148,811,5,38,4294967295,25.62,1022.29,29.00,448.18,-43.87,1
323700,50,88,148,811,5,37,4294967295,25.62,1022.30,29.02,443.45,-43.79,1
324696,50,88,148,812,5,38,4294967295,25.62,1022.29,29.04,442.28,-43.87,1
325692,51,88,149,812,5,37,4294967295,25.62,1022.30,29.07,442.87,-43.87,1
326688,51,88,149,812,5,38,4294967295,25.62,1022.30,29.12,444.04,-43.95,1
327684,51,88,149,813,5,36,4294967295,25.62,1022.31,29.12,445.80,-43.87,1
328680,51,88,149,812,5,38,4294967295,25.62,1022.30,29.11,444.92,-43.95,1
329676,51,88,149,813,5,38,4294967295,25.62,1022.31,29.10,446.40,-43.87,1
330672,51,89,150,813,5,38,4294967295,25.62,1022.30,29.07,442.28,-43.95,1
331668,51,88,150,813,6,39,4294967295,25.62,1022.31,29.06,444.33,-43.95,1
332664,51,89,150,814,5,39,4294967295,25.62,1022.31,29.07,444.62,-43.95,1
333660,51,88,151,813,5,39,4294967295,25.62,1022.31,29.06,442.28,-43.95,1
334656,51,89,151,813,5,38,4294967295,25.62,1022.31,29.10,443.74,-43.95,1
335652,52,89,152,814,5,42,4294967295,25.62,1022.31,29.13,445.51,-43.95,1
336648,52,89,151,814,5,38,4294967295,25.62,1022.31,29.16,444.62,-43.95,1
337644,52,89,151,814,6,39,4294967295,25.62,1022.31,29.19,443.74,-43.95,1
338640,52,89,152,814,6,40,4294967295,25.62,1022.31,29.21,444.04,-44.04,1
339636,52,89,152,815,6,39,4294967295,25.62,1022.32,29.23,442.28,-43.87,1
340632,52,89,152,815,6,39,4294967295,25.62,1022.30,29.24,442.28,-43.95,1
341628,52,89,153,816,6,39,4294967295,25.62,1022.31,29.28,441.12,-43.95,1
342624,52,89,153,815,6,40,4294967295,25.62,1022.31,29.33,438.53,-43.95,1
343620,52,89,153,816,6,38,4294967295,25.62,1022.31,29.37,435.97,-43.87,1
344616,52,89,153,815,5,39,4294967295,25.62,1022.30,29.39,436.54,-43.87,1
345612,52,89,153,815,6,38,4294967295,25.62,1022.30,29.40,442.28,-43.95,1
346608,52,89,153,815,5,38,4294967295,25.62,1022.31,29.42,437.67,-43.95,1
347604,53,89,154,816,6,38,4294967295,25.62,1022.31,29.44,436.25,-43.95,1
348600,53,89,154,815,6,38,4294967295,25.62,1022.31,29.47,433.44,-43.87,1
349596,53,89,154,815,5,39,4294967295,25.62,1022.30,29.48,434.84,-43.95,1
350592,53,89,155,816,6,39,4294967295,25.62,1022.31,29.50,437.67,-43.95,1
351588,53,90,155,816,6,38,4294967295,25.62,1022.31,29.50,436.82,-43.95,1
352584,53,90,156,817,6,39,4294967295,25.62,1022.31,29.49,434.56,-43.95,1
353580,53,89,156,817,6,42,4294967295,25.62,1022.31,29.49,437.67,-43.95,1
354576,53,90,155,816,6,39,4294967295,25.61,1022.31,29.48,432.60,-44.04,1
355572,53,89,157,817,5,39,4294967295,25.61,1022.32,29.50,433.16,-43.95,1
356568,53,89,157,817,6,39,4294967295,25.61,1022.31,29.53,430.66,-43.95,1
357564,53,89,156,817,7,39,4294967295,25.61,1022.31,29.56,433.16,-44.04,1
358560,54,90,157,817,6,39,4294967295,25.61,1022.32,29.62,429.83,-44.04,1
359556,54,90,157,818,6,38,4294967295,25.61,1022.32,29.66,432.88,-44.04,1
360552,54,90,158,818,6,39,4294967295,25.61,1022.32,29.67,431.21,-44.04,1
361548,54,90,158,818,6,40,4294967295,25.61,1022.32,29.68,428.19,-44.12,1
362544,54,90,158,818,6,39,4294967295,25.61,1022.33,29.67,428.19,-44.04,1
363540,55,90,158,818,6,39,4294967295,25.61,1022.32,29.69,427.92,-44.04,1
364536,54,90,158,818,5,39,4294967295,25.61,1022.32,29.71,426.83,-44.12,1
365532,54,90,159,817,6,40,4294967295,25.61,1022.33,29.72,424.67,-44.04,1
366528,55,90,159,817,6,39,4294967295,25.61,1022.32,29.73,424.40,-44.04,1
367524,55,90,159,817,6,39,4294967295,25.61,1022.32,29.71,427.64,-44.04,1
368520,54,90,160,818,6,39,4294967295,25.61,1022.32,29.66,423.87,-44.04,1
369516,55,90,159,817,6,37,4294967295,25.61,1022.32,29.64,428.19,-43.95,1
370512,55,90,159,817,6,40,4294967295,25.61,1022.31,29.60,426.02,-43.95,1
371508,55,90,160,818,6,39,4294967295,25.61,1022.31,29.60,428.46,-43.95,1
372504,55,90,161,818,6,40,4294967295,25.61,1022.31,29.61,425.48,-44.04,1
373500,55,90,160,818,6,40,4294967295,25.61,1022.32,29.60,425.48,-43.95,1
374496,56,90,161,819,7,40,4294967295,25.61,1022.31,29.60,425.48,-43.87,1
375492,55,90,162,819,6,40,4294967295,25.61,1022.30,29.60,423.87,-43.87,1
376488,56,91,162,820,7,40,4294967295,25.61,1022.30,29.60,424.94,-43.79,1
377484,56,91,162,820,6,40,4294967295,25.61,1022.29,29.58,424.13,-43.87,1
378480,56,91,163,820,6,40,4294967295,25.61,1022.30,29.56,424.94,-43.87,1
379476,56,91,163,820,6,40,4294967295,25.61,1022.30,29.55,426.56,-43.95,1
380472,56,91,163,820,6,40,4294967295,25.61,1022.31,29.56,424.40,-43.95,1
381468,56,91,163,821,7,41,4294967295,25.61,1022.31,29.63,421.47,-43.87,1
382464,56,91,163,821,6,38,4294967295,25.61,1022.30,29.71,420.15,-43.95,1
383460,56,91,164,821,6,41,4294967295,25.61,1022.31,29.79,419.63,-43.95,1
384456,57,91,164,821,5,38,4294967295,25.61,1022.31,29.89,417.28,-43.95,1
385452,57,91,164,821,7,37,4294967295,25.61,1022.31,29.98,416.51,-43.95,1
386448,57,91,164,822,5,37,4294967295,25.61,1022.31,30.07,419.11,-44.04,1
387444,57,92,165,822,5,37,4294967295,25.61,1022.32,30.10,414.96,-43.95,1
388440,57,91,165,821,5,37,4294967295,25.61,1022.31,30.10,417.02,-43.95,1
389436,57,91,165,822,5,37,4294967295,25.61,1022.31,30.07,415.22,-43.95,1
390432,58,91,165,822,5,37,4294967295,25.61,1022.31,30.02,416.77,-43.95,1
391428,58,91,166,822,5,37,4294967295,25.61,1022.31,29.97,414.96,-43.95,1
392424,58,91,166,822,5,37,4294967295,25.61,1022.31,29.91,414.20,-44.04,1
393420,58,91,167,822,5,37,4294967295,25.61,1022.32,29.89,413.43,-43.95,1
394416,58,91,167,822,5,38,4294967295,25.61,1022.31,29.86,418.85,-43.95,1
395412,58,92,167,823,5,37,4294967295,25.61,1022.31,29.82,416.51,-43.95,1
396408,58,92,167,822,5,37,4294967295,25.61,1022.31,29.77,417.54,-43.95,1
397404,58,92,167,822,5,37,4294967295,25.61,1022.31,29.71,417.28,-44.04,1
398400,58,92,167,823,5,39,4294967295,25.61,1022.32,29.66,418.85,-44.04,1
399396,58,92,167,822,5,38,4294967295,25.61,1022.32,29.64,417.54,-44.04,1
400392,59,92,167,823,5,37,4294967295,25.61,1022.32,29.64,418.32,-43.95,1
401388,58,92,168,823,5,38,4294967295,25.62,1022.31,29.65,416.25,-44.04,1
402384,59,91,168,823,5,37,4294967295,25.62,1022.32,29.62,417.80,-43.95,1
403380,59,92,169,823,5,37,4294967295,25.62,1022.31,29.60,419.89,-44.04,1
404376,59,92,169,823,5,37,4294967295,25.62,1022.32,29.59,419.37,-43.95,1
405372,59,92,169,823,5,38,4294967295,25.62,1022.31,29.56,418.58,-43.95,1
406368,59,92,169,823,5,38,4294967295,25.62,1022.31,29.54,417.54,-43.95,1
407364,59,92,169,823,6,40,4294967295,25.62,1022.31,29.53,418.06,-43.95,1
408360,59,91,169,823,6,41,4294967295,25.62,1022.31,29.51,416.51,-43.95,1
409356,59,92,170,823,5,42,4294967295,25.62,1022.31,29.50,417.02,-43.95,1
410352,60,92,170,823,6,41,4294967295,25.62,1022.31,29.51,417.02,-43.95,1
411348,59,92,170,824,6,40,4294967295,25.62,1022.31,29.55,417.02,-44.04,1
412344,60,93,171,824,6,40,4294967295,25.62,1022.32,29.60,416.25,-43.95,1
413340,60,92,170,824,6,40,4294967295,25.62,1022.31,29.65,414.45,-44.04,1
414336,60,93,171,824,6,42,4294967295,25.62,1022.32,29.67,414.20,-44.04,1
415332,60,93,171,824,6,39,4294967295,25.61,1022.32,29.68,413.69,-44.04,1
416328,60,93,172,824,6,38,4294967295,25.62,1022.32,29.71,414.20,-44.04,1
417324,60,92,171,824,6,40,4294967295,25.62,1022.32,29.72,413.94,-44.04,1
418320,60,93,172,824,6,39,4294967295,25.62,1022.32,29.71,413.18,-44.04,1
419316,61,93,173,825,6,38,4294967295,25.62,1022.32,29.73,413.69,-43.95,1
420312,60,93,173,825,5,42,4294967295,25.62,1022.31,29.77,415.22,-44.04,1
421308,61,92,172,824,6,39,4294967295,25.62,1022.32,29.85,412.42,-44.04,1
422304,61,92,173,824,6,41,4294967295,25.62,1022.32,29.93,413.43,-44.12,1
423300,60,93,173,824,6,40,4294967295,25.62,1022.33,29.99,408.90,-44.12,1
424296,61,93,173,824,6,38,4294967295,25.62,1022.33,30.05,410.15,-44.12,1
425292,61,92,174,824,6,40,4294967295,25.62,1022.33,30.10,406.68,-44.04,1
426288,61,92,174,824,7,39,4294967295,25.62,1022.32,30.14,407.91,-44.04,1
427284,61,92,174,824,6,39,4294967295,25.62,1022.32,30.14,409.15,-44.12,1
428280,61,93,174,824,6,38,4294967295,25.62,1022.33,30.09,408.41,-44.12,1
429276,61,93,174,824,6,40,4294967295,25.62,1022.33,30.04,409.40,-44.04,1
430272,61,93,174,824,7,43,4294967295,25.61,1022.32,30.00,407.17,-44.04,1
431268,61,93,174,824,7,42,4294967295,25.62,1022.32,29.98,408.65,-44.04,1
432264,61,93,175,824,6,40,4294967295,25.61,1022.32,29.99,408.41,-44.04,1
433260,62,93,175,824,7,41,4294967295,25.61,1022.32,29.96,406.92,-44.04,1
434256,62,93,175,825,6,40,4294967295,25.61,1022.32,29.93,407.42,-44.12,1
435252,62,93,175,825,6,40,4294967295,25.61,1022.33,29.94,408.65,-44.12,1
436248,61,93,175,824,6,40,4294967295,25.61,1022.33,29.96,405.69,-44.12,1
437244,62,93,175,824,6,40,4294967295,25.61,1022.33,29.96,407.42,-44.12,1
438240,61,93,176,823,6,40,4294967295,25.61,1022.33,29.94,406.92,-44.12,1
439236,62,93,176,824,6,41,4294967295,25.61,1022.33,29.95,406.92,-44.12,1
440232,62,93,176,824,6,41,4294967295,25.61,1022.33,29.92,404.96,-44.12,1
441228,62,93,176,825,6,41,4294967295,25.61,1022.33,29.89,406.92,-44.12,1
442224,62,93,177,825,7,42,4294967295,25.61,1022.33,29.86,407.17,-44.04,1
443220,62,93,177,825,5,41,4294967295,25.61,1022.32,29.85,405.94,-44.12,1
444216,62,94,177,825,6,41,4294967295,25.61,1022.33,29.83,407.17,-44.12,1
445212,62,93,178,826,6,41,4294967295,25.61,1022.33,29.82,406.43,-44.12,1
446208,62,94,178,826,6,40,4294967295,25.61,1022.33,29.81,408.90,-44.04,1
447204,62,94,178,826,7,44,4294967295,25.61,1022.32,29.80,409.40,-44.12,1
448200,62,94,178,826,6,38,4294967295,25.61,1022.33,29.80,409.15,-44.12,1
449196,63,94,179,826,6,40,4294967295,25.61,1022.33,29.77,406.43,-44.12,1
450192,63,94,179,827,6,40,4294967295,25.61,1022.33,29.77,404.23,-44.04,1
451188,63,94,179,827,6,40,4294967295,25.61,1022.32,29.78,406.43,-44.04,1
452184,63,94,179,826,6,40,4294967295,25.61,1022.32,29.79,409.40,-44.04,1
453180,63,94,179,827,6,40,4294967295,25.61,1022.32,29.77,407.17,-44.04,1
454176,63,94,179,827,6,41,4294967295,25.61,1022.32,29.79,404.71,-44.04,1
455172,63,94,180,826,6,38,4294967295,25.61,1022.32,29.80,405.69,-44.12,1
456168,64,94,180,826,6,39,4294967295,25.61,1022.33,29.86,405.45,-44.12,1
457164,63,94,179,826,7,41,4294967295,25.61,1022.33,29.95,403.02,-44.12,1
458160,63,93,180,826,6,40,4294967295,25.61,1022.33,30.01,402.53,-44.12,1
459156,63,93,180,825,6,40,4294967295,25.61,1022.33,30.02,402.77,-44.12,1
460152,64,93,180,825,7,40,4294967295,25.61,1022.33,30.01,402.53,-44.04,1
461148,63,93,181,824,6,40,4294967295,25.61,1022.32,29.98,401.57,-44.12,1
462144,64,94,181,824,6,39,4294967295,25.61,1022.33,29.97,402.53,-44.12,1
463140,63,93,181,824,7,41,4294967295,25.61,1022.33,29.96,405.45,-44.12,1
464136,63,93,181,825,6,41,4294967295,25.61,1022.33,29.94,402.53,-44.12,1
465132,64,94,181,825,6,39,4294967295,25.61,1022.33,29.94,404.47,-44.12,1
466128,64,94,182,826,6,40,4294967295,25.61,1022.33,29.94,403.99,-44.12,1
467124,64,94,182,826,5,40,4294967295,25.61,1022.33,29.94,405.94,-44.12,1
468120,64,94,183,826,6,39,4294967295,25.61,1022.33,29.93,402.53,-44.12,1
469116,64,94,182,827,7,40,4294967295,25.61,1022.33,29.90,404.71,-44.12,1
470112,64,94,183,827,6,40,4294967295,25.61,1022.33,29.88,403.50,-44.12,1
471108,65,94,183,827,6,38,4294967295,25.61,1022.33,29.85,404.71,-44.12,1
472104,65,94,183,827,6,40,4294967295,25.61,1022.33,29.82,405.20,-44.12,1
473100,64,94,183,826,6,41,4294967295,25.61,1022.33,29.83,403.26,-44.12,1
474096,65,94,183,826,6,40,4294967295,25.61,1022.33,29.83,405.20,-44.04,1
475092,64,94,184,826,6,39,4294967295,25.61,1022.32,29.83,403.99,-44.04,1
476088,65,94,184,826,6,38,4294967295,25.61,1022.32,29.83,405.94,-44.04,1
477084,65,94,184,826,6,40,4294967295,25.61,1022.32,29.81,403.99,-44.04,1
478080,65,94,184,826,5,40,4294967295,25.61,1022.32,29.80,406.18,-44.04,1
479076,65,94,184,827,6,41,4294967295,25.61,1022.32,29.79,403.50,-44.04,1
480072,65,94,184,827,6,40,4294967295,25.61,1022.32,29.80,403.50,-44.04,1
481068,65,94,184,826,6,40,4294967295,25.61,1022.32,29.79,404.47,-44.04,1
482064,65,94,184,827,6,39,4294967295,25.61,1022.32,29.77,408.65,-44.04,1
483060,65,94,185,827,6,38,4294967295,25.61,1022.32,29.77,405.20,-43.95,1
484056,65,94,185,826,6,40,4294967295,25.61,1022.31,29.74,403.50,-44.04,1
485052,65,94,185,826,6,40,4294967295,25.61,1022.32,29.70,403.50,-44.04,1
486048,65,94,185,826,5,40,4294967295,25.61,1022.32,29.68,404.47,-43.95,1
487044,65,95,185,826,6,40,4294967295,25.60,1022.31,29.64,405.94,-44.04,1
488040,65,94,185,826,6,40,4294967295,25.60,1022.32,29.66,403.99,-43.95,1
489036,65,94,185,826,6,40,4294967295,25.60,1022.31,29.68,406.43,-43.95,1
490032,65,94,185,826,5,40,4294967295,25.61,1022.31,29.69,404.96,-44.04,1
491028,66,94,185,826,6,40,4294967295,25.61,1022.32,29.68,404.47,-44.04,1
492024,66,94,186,826,6,40,4294967295,25.61,1022.32,29.67,404.96,-43.95,1
493020,65,94,186,826,6,40,4294967295,25.61,1022.31,29.64,404.47,-44.04,1
494016,65,94,186,826,6,41,4294967295,25.61,1022.32,29.67,403.02,-44.04,1
495012,66,94,187,826,6,40,4294967295,25.61,1022.32,29.68,407.17,-44.04,1
496008,65,94,187,826,5,40,4294967295,25.61,1022.32,29.69,406.43,-44.04,1
497004,66,95,187,826,5,40,4294967295,25.61,1022.32,29.69,403.74,-44.12,1
498000,66,95,187,827,5,40,4294967295,25.61,1022.33,29.71,403.74,-44.20,1
498996,66,95,187,827,5,39,4294967295,25.61,1022.34,29.74,402.05,-44.12,1
499992,66,95,188,827,5,40,4294967295,25.61,1022.33,29.77,404.71,-44.12,1
500988,66,95,188,827,5,39,4294967295,25.61,1022.33,29.78,404.47,-44.12,1
501984,66,95,188,827,5,40,4294967295,25.61,1022.33,29.80,402.53,-44.04,1
502980,66,95,188,828,7,40,4294967295,25.61,1022.32,29.82,404.71,-43.95,1
503976,66,96,188,828,5,40,4294967295,25.61,1022.31,29.82,401.33,-44.04,1
504972,67,95,189,828,6,40,4294967295,25.61,1022.32,29.83,402.53,-43.87,1
505968,66,96,189,828,5,40,4294967295,25.61,1022.30,29.82,403.26,-43.87,1
506964,66,95,189,828,5,40,4294967295,25.61,1022.30,29.85,401.57,-43.95,1
507960,67,95,189,828,6,40,4294967295,25.61,1022.31,29.86,402.77,-43.87,1
508956,67,95,188,827,5,40,4294967295,25.61,1022.30,29.88,399.90,-43.95,1
509952,67,95,189,828,6,42,4294967295,25.61,1022.31,29.88,401.57,-44.04,1
510948,67,95,189,827,6,41,4294967295,25.61,1022.32,29.88,404.23,-44.04,1
511944,67,96,190,828,5,40,4294967295,25.61,1022.32,29.89,400.37,-44.04,1
512940,67,95,189,828,5,40,4294967295,25.61,1022.32,29.93,402.05,-44.04,1
513936,67,96,190,827,5,40,4294967295,25.61,1022.32,29.99,399.66,-44.12,1
514932,67,96,190,828,5,40,4294967295,25.61,1022.33,30.05,398.95,-44.04,1
515928,67,95,190,827,5,40,4294967295,25.61,1022.32,30.07,401.57,-44.04,1
516924,67,96,190,828,5,40,4294967295,25.61,1022.32,30.04,398.24,-44.04,1
517920,67,95,190,827,6,40,4294967295,25.61,1022.32,30.03,399.18,-43.95,1
518916,67,95,190,827,5,41,4294967295,25.61,1022.31,30.00,398.00,-43.95,1
519912,67,95,190,827,5,40,4294967295,25.61,1022.31,29.97,396.59,-44.04,1
520908,67,95,190,826,5,39,4294967295,25.61,1022.32,29.95,400.85,-44.04,1
521904,67,95,189,826,5,40,4294967295,25.61,1022.32,29.95,397.53,-44.04,1
522900,67,94,190,827,5,40,4294967295,25.61,1022.32,29.93,399.18,-44.04,1
523896,67,95,190,827,5,40,4294967295,25.61,1022.32,29.91,401.57,-44.12,1
524892,67,95,191,827,5,40,4294967295,25.61,1022.33,29.89,400.61,-44.12,1
525888,67,95,191,827,5,40,4294967295,25.61,1022.33,29.87,401.09,-44.12,1
526884,67,95,192,827,5,40,4294967295,25.61,1022.33,29.85,398.95,-44.12,1
527880,67,95,191,827,5,40,4294967295,25.61,1022.33,29.83,399.42,-44.12,1
528876,67,95,191,827,5,40,4294967295,25.61,1022.33,29.84,400.13,-44.12,1
529872,67,96,192,827,5,41,4294967295,25.61,1022.33,29.88,396.36,-44.20,1
530868,67,95,192,828,5,40,4294967295,25.61,1022.34,29.95,397.77,-44.12,1
531864,68,95,192,828,5,44,4294967295,25.61,1022.33,30.00,397.30,-44.20,1
532860,67,95,192,828,6,41,4294967295,25.61,1022.34,30.04,395.66,-44.20,1
533856,67,95,193,828,6,41,4294967295,25.61,1022.34,30.07,396.59,-44.12,1
534852,68,95,193,828,6,41,4294967295,25.61,1022.33,30.11,396.83,-44.04,1
535848,68,96,193,829,6,41,4294967295,25.61,1022.32,30.15,396.83,-44.04,1
536844,68,96,194,828,5,41,4294967295,25.61,1022.32,30.15,395.43,-44.12,1
537840,67,96,194,829,6,41,4294967295,25.61,1022.33,30.12,397.53,-44.12,1
538836,67,96,194,829,5,40,4294967295,25.61,1022.33,30.09,394.26,-44.20,1
539832,68,96,194,829,5,41,4294967295,25.61,1022.34,30.06,397.53,-44.20,1
540828,68,96,195,830,4,38,4294967295,25.61,1022.34,30.04,398.95,-44.20,1
541824,68,96,194,830,4,35,4294967295,25.61,1022.34,29.99,397.30,-44.20,1
542820,69,97,195,830,4,37,4294967295,25.61,1022.34,29.95,399.18,-44.28,1
543816,69,97,194,830,4,37,4294967295,25.61,1022.35,29.93,399.18,-44.20,1
544812,69,96,195,830,4,37,4294967295,25.61,1022.34,29.94,397.77,-44.20,1
545808,69,96,195,830,4,38,4294967295,25.61,1022.34,29.94,397.06,-44.20,1
546804,69,96,195,829,4,39,4294967295,25.61,1022.34,29.95,395.89,-44.20,1
547800,69,96,195,830,4,36,4294967295,25.61,1022.34,29.98,397.30,-44.20,1
548796,69,96,195,829,3,36,4294967295,25.61,1022.34,30.01,397.06,-44.20,1
549792,69,96,196,829,4,37,4294967295,25.61,1022.34,30.01,397.30,-44.28,1
550788,69,96,195,829,3,40,4294967295,25.61,1022.35,30.00,398.47,-44.28,1
551784,69,96,196,829,3,36,4294967295,25.61,1022.35,29.98,396.12,-44.28,1
552780,70,96,196,830,3,36,4294967295,25.61,1022.35,29.99,396.12,-44.28,1
553776,69,96,197,830,3,36,4294967295,25.62,1022.35,30.03,396.12,-44.28,1
554772,70,96,196,830,3,36,4294967295,25.62,1022.35,30.10,392.65,-44.28,1
555768,70,96,197,830,3,39,4294967295,25.62,1022.35,30.20,390.82,-44.28,1
556764,70,96,197,830,3,36,4294967295,25.62,1022.35,30.29,391.51,-44.37,1
557760,70,96,197,830,3,34,4294967295,25.62,1022.36,30.36,389.46,-44.37,1
558756,70,97,197,831,3,36,4294967295,25.62,1022.36,30.39,388.79,-44.37,1
559752,70,97,198,830,4,36,4294967295,25.62,1022.36,30.42,388.12,-44.37,1
560748,71,97,197,830,3,37,4294967295,25.62,1022.36,30.42,390.82,-44.37,1
561744,71,97,197,830,3,36,4294967295,25.62,1022.36,30.40,388.34,-44.45,1
562740,71,97,198,831,3,36,4294967295,25.62,1022.37,30.36,390.37,-44.53,1
563736,71,97,198,831,3,36,4294967295,25.62,1022.38,30.32,389.01,-44.45,1
564732,71,96,198,830,3,36,4294967295,25.62,1022.37,30.32,391.28,-44.53,1
565728,71,96,198,831,3,36,4294967295,25.62,1022.38,30.34,388.56,-44.53,1
566724,70,96,198,831,3,36,4294967295,25.62,1022.38,30.36,388.79,-44.53,1
567720,71,97,198,830,3,36,4294967295,25.62,1022.38,30.36,387.44,-44.53,1
568716,71,96,199,830,3,36,4294967295,25.62,1022.38,30.36,387.44,-44.53,1
569712,71,97,199,831,3,36,4294967295,25.62,1022.38,30.36,387.22,-44.53,1
570708,70,97,199,831,3,37,4294967295,25.62,1022.38,30.40,387.67,-44.53,1
571704,71,97,199,831,3,37,4294967295,25.62,1022.38,30.46,383.03,-44.53,1
572700,71,97,200,831,3,35,4294967295,25.62,1022.38,30.53,386.11,-44.53,1
573696,71,97,200,831,3,36,4294967295,25.62,1022.38,30.55,386.11,-44.53,1
574692,71,97,200,831,3,39,4294967295,25.62,1022.38,30.55,383.68,-44.53,1
575688,72,98,200,832,3,37,4294967295,25.62,1022.38,30.50,383.03,-44.53,1
576684,71,97,200,832,3,36,4294967295,25.62,1022.38,30.45,385.44,-44.53,1
577680,72,98,200,831,3,36,4294967295,25.62,1022.38,30.39,385.22,-44.45,1
578676,71,97,201,832,3,35,4294967295,25.62,1022.37,30.35,385.66,-44.53,1
579672,72,98,201,832,3,36,4294967295,25.62,1022.38,30.32,384.12,-44.53,1
580668,72,98,200,831,3,35,4294967295,25.62,1022.38,30.33,385.00,-44.45,1
581664,72,97,201,831,3,36,4294967295,25.62,1022.37,30.37,383.46,-44.53,1
582660,71,97,201,832,3,37,4294967295,25.62,1022.38,30.40,383.24,-44.53,1
583656,72,97,201,832,3,36,4294967295,25.62,1022.38,30.43,382.15,-44.61,1
584652,72,97,201,831,3,36,4294967295,25.62,1022.39,30.46,379.99,-44.70,1
585648,72,98,201,831,3,37,4294967295,25.62,1022.40,30.46,385.66,-44.61,1
586644,72,98,201,831,3,37,4294967295,25.62,1022.39,30.46,383.03,-44.61,1
587640,72,97,202,831,3,37,4294967295,25.62,1022.39,30.44,381.50,-44.61,1
588636,72,98,202,831,3,39,4294967295,25.62,1022.39,30.43,383.46,-44.61,1
589632,72,98,202,832,3,37,4294967295,25.62,1022.39,30.41,380.85,-44.53,1
590628,73,98,202,831,3,37,4294967295,25.62,1022.38,30.38,381.29,-44.53,1
591624,72,98,203,831,3,37,4294967295,25.62,1022.38,30.40,383.24,-44.53,1
592620,72,98,202,831,3,37,4294967295,25.62,1022.38,30.41,384.12,-44.61,1
593616,73,98,202,832,3,37,4294967295,25.62,1022.39,30.41,380.42,-44.53,1
594612,73,98,202,831,3,37,4294967295,25.62,1022.38,30.46,381.94,-44.61,1
595608,73,98,203,832,3,37,4294967295,25.62,1022.39,30.50,378.49,-44.61,1
596604,73,98,203,831,3,37,4294967295,25.62,1022.39,30.52,377.64,-44.70,1
597600,72,98,203,832,3,37,4294967295,25.62,1022.40,30.52,383.24,-44.70,1
598596,73,98,203,832,3,37,4294967295,25.62,1022.40,30.48,380.85,-44.61,1
599592,73,97,203,832,3,36,4294967295,25.62,1022.39,30.46,383.68,-44.61,1
0,71,97,203,830,3,37,4294967295,25.62,1022.39,30.44,380.64,-44.61,1
996,72,97,203,830,3,37,4294967295,25.55,1022.39,30.45,374.99,-44.70,1
1992,72,97,203,830,3,39,4294967295,25.54,1022.40,30.49,373.72,-44.70,1
2988,72,97,203,829,3,35,4294967295,25.54,1022.40,30.53,372.04,-44.78,1
3984,72,97,203,829,3,37,4294967295,25.55,1022.41,30.57,374.99,-44.78,1
4980,72,97,203,828,3,37,4294967295,25.56,1022.41,30.63,372.46,-44.78,1
5976,72,97,203,829,3,38,4294967295,25.57,1022.41,30.69,372.46,-44.78,1
6972,72,97,203,829,3,37,4294967295,25.58,1022.41,30.74,372.46,-44.78,1
7968,72,97,204,829,3,37,4294967295,25.59,1022.41,30.75,371.20,-44.78,1
8964,73,97,204,830,3,37,4294967295,25.59,1022.41,30.74,370.79,-44.78,1
9960,73,98,204,830,3,37,4294967295,25.59,1022.41,30.74,373.72,-44.86,1
10956,73,98,205,830,3,37,4294967295,25.60,1022.42,30.69,372.46,-44.78,1
11952,72,98,204,830,3,37,4294967295,25.60,1022.41,30.65,374.99,-44.70,1
12948,73,98,205,830,3,37,4294967295,25.60,1022.40,30.59,374.57,-44.70,1
13944,73,98,205,831,3,37,4294967295,25.61,1022.40,30.57,374.14,-44.78,1
14940,73,98,205,831,3,37,4294967295,25.61,1022.41,30.56,373.72,-44.70,1
15936,72,98,205,831,3,37,4294967295,25.61,1022.40,30.53,374.99,-44.78,1
16932,73,98,205,831,3,37,4294967295,25.61,1022.41,30.53,372.46,-44.78,1
17928,73,98,205,832,3,37,4294967295,25.61,1022.41,30.56,372.46,-44.78,1
18924,73,99,206,831,3,37,4294967295,25.61,1022.41,30.57,374.99,-44.78,1
19920,73,98,205,832,3,37,4294967295,25.61,1022.41,30.58,374.57,-44.78,1
20916,73,98,206,832,3,35,4294967295,25.61,1022.41,30.57,373.30,-44.78,1
21912,73,98,206,832,3,37,4294967295,25.61,1022.41,30.58,374.99,-44.78,1
22908,73,98,206,831,3,36,4294967295,25.61,1022.41,30.56,374.99,-44.86,1
23904,73,98,206,831,3,37,4294967295,25.61,1022.42,30.51,372.46,-44.86,1
24900,73,98,206,831,3,36,4294967295,25.61,1022.42,30.45,374.57,-44.86,1
25896,73,98,206,831,3,37,4294967295,25.61,1022.42,30.40,374.99,-44.86,1
26892,73,98,207,830,3,37,4294967295,25.61,1022.42,30.35,374.99,-44.86,1
27888,74,98,206,831,3,36,4294967295,25.61,1022.42,30.36,376.27,-44.86,1
28884,73,97,204,830,3,36,4294967295,25.61,1022.42,30.35,374.14,-44.86,1
29880,72,97,204,828,3,36,4294967295,25.62,1022.42,30.33,375.84,-44.86,1
30876,72,97,204,826,3,36,4294967295,25.62,1022.42,30.33,372.04,-44.86,1
31872,72,97,204,826,3,37,4294967295,25.62,1022.42,30.32,371.62,-44.86,1
32868,72,97,204,825,3,37,4294967295,25.62,1022.42,30.32,374.99,-44.86,1
33864,71,97,205,825,3,38,4294967295,25.62,1022.42,30.32,375.84,-44.86,1
34860,72,97,205,825,3,37,4294967295,25.62,1022.42,30.31,372.88,-44.78,1
35856,71,97,204,826,3,37,4294967295,25.62,1022.41,30.30,374.99,-44.78,1
36852,72,98,206,826,3,37,4294967295,25.62,1022.41,30.27,374.57,-44.86,1
37848,72,98,206,827,3,37,4294967295,25.62,1022.42,30.26,374.99,-44.78,1
38844,72,97,206,827,3,37,4294967295,25.62,1022.41,30.25,372.88,-44.86,1
39840,72,98,206,827,3,37,4294967295,25.62,1022.42,30.24,374.57,-44.86,1
40836,72,98,206,828,3,37,4294967295,25.62,1022.42,30.20,375.42,-44.94,1
41832,73,98,207,829,3,36,4294967295,25.62,1022.43,30.18,376.70,-44.94,1
42828,73,98,207,829,3,37,4294967295,25.62,1022.43,30.16,375.84,-44.94,1
43824,72,98,207,829,4,37,4294967295,25.62,1022.43,30.17,376.70,-44.94,1
44820,72,98,207,829,3,37,4294967295,25.62,1022.43,30.19,374.14,-44.94,1
45816,73,98,206,830,3,37,4294967295,25.62,1022.43,30.24,373.72,-44.94,1
46812,73,99,207,830,3,37,4294967295,25.62,1022.43,30.27,374.14,-44.94,1
47808,72,99,208,830,3,36,4294967295,25.62,1022.43,30.30,373.72,-44.94,1
48804,73,99,207,830,3,37,4294967295,25.62,1022.43,30.32,374.99,-44.94,1
49800,73,99,207,830,3,37,4294967295,25.62,1022.43,30.37,374.57,-44.94,1
50796,73,98,208,830,3,36,4294967295,25.62,1022.43,30.39,374.14,-44.94,1
51792,73,98,208,830,3,37,4294967295,25.62,1022.43,30.39,373.72,-44.94,1
52788,73,99,208,831,3,35,4294967295,25.62,1022.43,30.42,372.46,-45.03,1
53784,73,99,208,831,3,37,4294967295,25.62,1022.44,30.47,371.62,-44.94,1
54780,73,97,207,829,4,38,4294967295,25.62,1022.43,30.52,372.04,-45.03,1
55776,73,98,207,829,3,38,4294967295,25.62,1022.44,30.55,370.79,-45.03,1
56772,73,98,207,829,3,39,4294967295,25.62,1022.44,30.55,374.14,-45.03,1
57768,73,98,207,828,3,38,4294967295,25.62,1022.44,30.50,374.99,-44.94,1
58764,73,98,208,829,3,38,4294967295,25.61,1022.43,30.45,374.14,-45.03,1
59760,72,98,208,829,3,36,4294967295,25.61,1022.44,30.43,372.46,-45.03,1
60756,72,98,208,829,3,39,4294967295,25.61,1022.44,30.42,371.20,-45.03,1
61752,72,97,208,828,3,39,4294967295,25.62,1022.44,30.43,372.46,-45.03,1
62748,72,97,207,828,3,39,4294967295,25.61,1022.44,30.45,372.46,-44.94,1
63744,72,98,207,828,3,39,4294967295,25.61,1022.43,30.47,369.95,-44.94,1
64740,72,97,207,828,3,39,4294967295,25.62,1022.43,30.47,370.37,-44.94,1
65736,72,97,208,827,3,39,4294967295,25.62,1022.43,30.48,369.95,-44.94,1
66732,72,97,208,827,3,39,4294967295,25.62,1022.43,30.48,369.95,-44.86,1
67728,72,97,208,827,3,39,4294967295,25.62,1022.42,30.48,371.20,-44.94,1
68724,72,97,208,828,3,39,4294967295,25.62,1022.43,30.48,370.79,-44.86,1
69720,72,97,208,828,3,40,4294967295,25.62,1022.42,30.46,372.04,-44.94,1
70716,72,97,208,828,3,39,4294967295,25.62,1022.43,30.42,372.46,-44.94,1
71712,72,97,208,828,3,41,4294967295,25.62,1022.43,30.41,372.46,-44.94,1
72708,72,97,209,828,3,39,4294967295,25.62,1022.43,30.38,370.37,-44.86,1
73704,71,97,208,828,2,38,4294967295,25.62,1022.42,30.37,370.37,-44.94,1
74700,71,97,208,828,3,39,4294967295,25.61,1022.43,30.36,372.46,-44.94,1
75696,72,97,209,829,3,38,4294967295,25.61,1022.43,30.37,372.04,-44.94,1
76692,71,98,209,828,3,38,4294967295,25.61,1022.43,30.35,369.54,-45.03,1
77688,72,97,209,828,3,38,4294967295,25.61,1022.44,30.33,372.04,-45.03,1
78684,71,97,209,829,3,38,4294967295,25.62,1022.44,30.32,373.30,-45.03,1
79680,72,97,210,829,3,39,4294967295,25.62,1022.44,30.33,371.62,-45.03,1
80676,71,98,210,829,3,38,4294967295,25.62,1022.44,30.33,370.37,-44.94,1
81672,72,97,210,829,3,38,4294967295,25.62,1022.43,30.31,371.62,-44.94,1
82668,71,98,210,829,3,39,4294967295,25.62,1022.43,30.28,370.79,-44.94,1
83664,72,98,210,828,3,38,4294967295,25.62,1022.43,30.25,372.88,-44.86,1
84660,72,98,210,828,4,38,4294967295,25.62,1022.42,30.24,372.46,-44.86,1
85656,72,98,209,829,3,38,4294967295,25.62,1022.42,30.24,373.30,-44.86,1
86652,72,98,210,829,3,38,4294967295,25.62,1022.42,30.26,372.88,-44.86,1
87648,72,98,209,829,3,38,4294967295,25.62,1022.42,30.30,372.04,-44.94,1
88644,72,99,210,830,3,43,4294967295,25.62,1022.43,30.31,371.20,-44.94,1
89640,72,98,211,830,3,38,4294967295,25.62,1022.43,30.35,374.14,-44.94,1
90636,72,99,210,830,3,42,4294967295,25.62,1022.43,30.38,370.79,-44.94,1
91632,72,99,211,830,3,38,4294967295,25.62,1022.43,30.42,370.79,-45.03,1
92628,72,99,211,830,4,38,4294967295,25.62,1022.44,30.45,369.95,-45.03,1
93624,73,98,211,831,3,39,4294967295,25.62,1022.44,30.47,368.72,-45.03,1
94620,72,99,211,831,3,38,4294967295,25.62,1022.44,30.48,369.95,-45.11,1
95616,73,99,211,831,3,38,4294967295,25.62,1022.45,30.47,372.46,-45.03,1
96612,73,99,211,831,3,38,4294967295,25.62,1022.44,30.43,372.04,-45.03,1
97608,73,99,211,831,3,38,4294967295,25.62,1022.44,30.42,371.62,-44.94,1
98604,73,99,211,832,3,38,4294967295,25.62,1022.43,30.38,370.79,-44.94,1
99600,73,99,211,832,3,39,4294967295,25.62,1022.43,30.40,369.95,-45.03,1
100596,73,99,211,831,3,38,4294967295,25.62,1022.44,30.45,369.95,-45.03,1
101592,73,99,211,832,3,38,4294967295,25.62,1022.44,30.48,369.13,-45.03,1
102588,73,99,212,831,3,38,4294967295,25.62,1022.44,30.51,367.08,-45.03,1
103584,73,100,212,831,3,39,4294967295,25.62,1022.44,30.50,369.95,-45.03,1
104580,73,100,211,832,3,38,4294967295,25.62,1022.44,30.47,368.31,-45.11,1
105576,73,99,212,831,2,38,4294967295,25.62,1022.45,30.47,367.49,-45.11,1
106572,73,99,212,832,3,38,4294967295,25.62,1022.45,30.50,368.31,-45.11,1
107568,73,99,212,832,3,38,4294967295,25.62,1022.45,30.50,367.49,-45.19,1
108564,73,99,212,831,3,38,4294967295,25.62,1022.46,30.53,366.67,-45.11,1
109560,74,99,212,832,3,38,4294967295,25.62,1022.45,30.57,367.90,-45.11,1
110556,73,100,212,832,3,37,4294967295,25.62,1022.45,30.58,367.90,-45.11,1
111552,73,99,212,831,3,38,4294967295,25.62,1022.45,30.55,367.49,-45.19,1
112548,72,99,212,832,3,39,4294967295,25.62,1022.46,30.53,368.31,-45.19,1
113544,74,100,212,832,3,38,4294967295,25.62,1022.46,30.52,368.31,-45.19,1
114540,73,99,212,832,3,38,4294967295,25.62,1022.46,30.53,365.46,-45.19,1
115536,73,99,212,832,3,40,4294967295,25.62,1022.46,30.61,363.45,-45.19,1
116532,74,99,213,832,3,38,4294967295,25.62,1022.46,30.71,362.65,-45.19,1
117528,73,99,213,832,3,38,4294967295,25.62,1022.46,30.79,363.45,-45.19,1
118524,73,100,213,832,3,38,4294967295,25.62,1022.46,30.82,363.05,-45.19,1
119520,74,100,213,831,3,38,4294967295,25.62,1022.46,30.81,364.25,-45.19,1
120516,73,100,214,832,3,39,4294967295,25.62,1022.46,30.79,364.25,-45.19,1
121512,74,100,214,832,3,38,4294967295,25.62,1022.46,30.78,362.25,-45.27,1
122508,74,100,214,833,3,38,4294967295,25.62,1022.47,30.80,364.65,-45.27,1
123504,74,100,213,833,3,37,4294967295,25.62,1022.47,30.84,360.28,-45.27,1
124500,73,100,214,833,3,37,4294967295,25.62,1022.47,30.87,361.86,-45.36,1
125496,74,100,213,833,3,39,4294967295,25.62,1022.48,30.86,362.65,-45.36,1
126492,74,100,214,832,3,38,4294967295,25.62,1022.48,30.81,361.06,-45.44,1
127488,74,101,213,832,3,37,4294967295,25.62,1022.49,30.74,365.05,-45.44,1
128484,74,101,214,833,3,38,4294967295,25.62,1022.49,30.70,364.25,-45.44,1
129480,74,100,214,833,3,38,4294967295,25.62,1022.49,30.68,363.05,-45.44,1
130476,75,100,214,832,3,38,4294967295,25.62,1022.49,30.72,362.25,-45.44,1
131472,74,101,214,833,3,38,4294967295,25.62,1022.49,30.76,361.06,-45.44,1
132468,74,101,214,833,3,37,4294967295,25.62,1022.49,30.84,362.25,-45.44,1
133464,75,100,215,833,3,38,4294967295,25.62,1022.49,30.89,359.49,-45.44,1
134460,74,101,214,832,3,39,4294967295,25.62,1022.49,30.91,360.28,-45.52,1
135456,75,100,214,833,3,39,4294967295,25.62,1022.50,30.88,361.86,-45.44,1
136452,75,100,214,833,3,38,4294967295,25.62,1022.49,30.84,360.67,-45.44,1
137448,74,99,214,833,3,38,4294967295,25.62,1022.49,30.81,358.32,-45.44,1
138444,75,100,214,832,3,38,4294967295,25.62,1022.49,30.81,361.06,-45.44,1
139440,75,100,214,833,2,38,4294967295,25.62,1022.49,30.79,362.25,-45.44,1
140436,74,100,215,832,3,38,4294967295,25.62,1022.49,30.77,361.06,-45.52,1
141432,74,100,215,832,3,38,4294967295,25.62,1022.50,30.71,364.25,-45.61,1
142428,75,100,215,832,3,38,4294967295,25.62,1022.51,30.67,363.45,-45.52,1
143424,74,100,215,832,3,36,4294967295,25.62,1022.50,30.67,362.25,-45.52,1
144420,75,100,215,831,3,38,4294967295,25.62,1022.50,30.71,362.25,-45.61,1
145416,75,101,216,833,3,38,4294967295,25.62,1022.51,30.77,361.46,-45.52,1
146412,75,100,215,833,3,40,4294967295,25.62,1022.50,30.80,360.67,-45.61,1
147408,74,100,215,832,3,38,4294967295,25.62,1022.51,30.81,361.46,-45.61,1
148404,75,100,216,832,3,38,4294967295,25.62,1022.51,30.79,360.28,-45.52,1
149400,75,100,215,831,3,38,4294967295,25.62,1022.50,30.78,359.49,-45.52,1
150396,74,99,214,829,3,38,4294967295,25.62,1022.50,30.75,360.28,-45.52,1
151392,74,99,213,829,3,38,4294967295,25.62,1022.50,30.75,359.89,-45.52,1
152388,74,99,213,828,3,38,4294967295,25.62,1022.50,30.76,359.10,-45.61,1
153384,74,99,214,827,3,38,4294967295,25.62,1022.51,30.74,361.46,-45.61,1
154380,73,99,214,828,3,35,4294967295,25.62,1022.51,30.73,361.86,-45.61,1
155376,73,99,214,828,3,38,4294967295,25.62,1022.51,30.68,362.25,-45.61,1
156372,74,99,215,827,3,38,4294967295,25.62,1022.51,30.62,360.67,-45.52,1
157368,74,100,215,829,3,38,4294967295,25.62,1022.50,30.58,363.45,-45.52,1
158364,74,99,215,829,2,38,4294967295,25.62,1022.50,30.60,361.46,-45.61,1
159360,73,99,215,829,3,38,4294967295,25.62,1022.51,30.63,361.06,-45.69,1
