timestamp,NO2,C2H50H,VOC,CO,Alcohol,LPG,Benzene,Temperature,Pressure,Humidity,Gas_Resistance,Altitude,State484056,76,122,166,750,2,21,4294967295,25.53,1004.35,45.71,76.68,105.38,1
485052,76,121,166,751,2,21,4294967295,25.53,1004.36,45.72,76.96,105.46,1
486048,76,121,166,750,2,23,4294967295,25.53,1004.35,45.77,76.68,105.46,1
487044,76,121,165,750,2,21,4294967295,25.53,1004.35,45.78,76.75,105.38,1
488040,75,121,165,750,2,21,4294967295,25.53,1004.36,45.81,76.68,105.46,1
489036,76,121,165,751,2,21,4294967295,25.53,1004.35,45.82,76.54,105.46,1
490032,76,121,165,751,2,21,4294967295,25.53,1004.35,45.85,76.54,105.46,1
491028,76,121,165,751,2,22,4294967295,25.53,1004.35,45.86,76.26,105.30,1
492024,76,121,165,751,2,21,4294967295,25.53,1004.37,45.85,76.54,105.30,1
493020,76,121,165,751,2,22,4294967295,25.53,1004.37,45.87,76.33,105.30,1
494016,75,121,165,751,2,21,4294967295,25.53,1004.37,45.87,76.54,105.30,1
495012,75,121,165,751,2,21,4294967295,25.54,1004.37,45.88,76.47,105.30,1
496008,75,121,164,752,2,21,4294967295,25.54,1004.37,45.87,76.47,105.30,1
497004,75,121,165,752,2,21,4294967295,25.54,1004.37,45.88,76.33,105.38,1
498000,76,120,165,752,2,21,4294967295,25.54,1004.36,45.88,76.33,105.38,1
498996,75,121,164,752,2,21,4294967295,25.54,1004.36,45.88,76.33,105.30,1
499992,75,121,164,752,2,19,4294967295,25.54,1004.37,45.88,76.54,105.30,1
500988,75,121,164,752,2,21,4294967295,25.54,1004.37,45.90,76.26,105.30,1
501984,75,121,164,752,2,21,4294967295,25.54,1004.37,45.90,76.40,105.30,1
502980,76,121,163,752,2,21,4294967295,25.54,1004.37,45.89,76.33,105.30,1
503976,75,120,164,752,2,21,4294967295,25.54,1004.37,45.88,76.13,105.30,1
504972,76,121,163,753,2,21,4294967295,25.54,1004.37,45.88,76.13,105.21,1
505968,75,120,164,753,2,21,4294967295,25.54,1004.38,45.87,76.13,105.30,1
506964,75,120,164,753,2,21,4294967295,25.54,1004.37,45.87,76.13,105.30,1
507960,75,120,164,753,2,21,4294967295,25.54,1004.37,45.86,76.13,105.30,1
508956,75,120,164,754,2,21,4294967295,25.54,1004.37,45.85,76.20,105.30,1
509952,76,120,164,754,2,21,4294967295,25.55,1004.37,45.85,76.06,105.30,1
510948,75,120,164,755,2,21,4294967295,25.55,1004.37,45.84,75.99,105.30,1
511944,76,120,164,754,2,21,4294967295,25.55,1004.37,45.85,76.13,105.30,1
512940,76,120,164,755,2,21,4294967295,25.55,1004.37,45.83,75.92,105.30,1
513936,76,120,164,755,2,21,4294967295,25.55,1004.37,45.84,76.26,105.38,1
514932,76,120,164,755,2,22,4294967295,25.55,1004.36,45.82,76.33,105.46,1
515928,77,120,163,755,2,21,4294967295,25.55,1004.35,45.82,76.06,105.46,1
516924,77,120,164,756,2,21,4294967295,25.55,1004.35,45.83,76.20,105.38,1
517920,77,120,164,757,2,21,4294967295,25.55,1004.36,45.83,75.99,105.38,1
518916,78,121,165,758,2,22,4294967295,25.55,1004.36,45.83,76.26,105.38,1
519912,78,120,165,758,2,21,4294967295,25.55,1004.36,45.84,76.13,105.38,1
520908,78,121,165,759,2,23,4294967295,25.55,1004.36,45.84,76.13,105.38,1
521904,79,121,165,759,2,21,4294967295,25.55,1004.36,45.83,76.26,105.30,1
522900,80,121,166,760,2,21,4294967295,25.56,1004.37,45.84,76.13,105.38,1
523896,81,121,166,760,2,21,4294967295,25.56,1004.36,45.83,76.20,105.38,1
524892,81,122,167,761,2,21,4294967295,25.56,1004.36,45.84,76.06,105.30,1
525888,82,122,167,762,2,20,4294967295,25.56,1004.37,45.84,76.06,105.30,1
526884,83,122,168,762,2,21,4294967295,25.56,1004.37,45.86,76.06,105.30,1
527880,85,123,168,764,2,21,4294967295,25.56,1004.37,45.87,75.85,105.30,1
528876,85,123,169,765,2,21,4294967295,25.56,1004.37,45.85,75.85,105.30,1
529872,88,124,170,765,2,21,4294967295,25.56,1004.37,45.87,75.78,105.30,1
530868,91,125,172,768,2,21,4294967295,25.56,1004.37,45.87,75.71,105.30,1
531864,94,127,174,770,2,21,4294967295,25.56,1004.37,45.87,75.85,105.30,1
532860,97,128,176,771,2,22,4294967295,25.56,1004.37,45.87,75.78,105.30,1
533856,99,129,177,772,2,21,4294967295,25.56,1004.37,45.87,75.85,105.38,1
534852,101,130,179,774,2,21,4294967295,25.56,1004.36,45.87,75.85,105.46,1
535848,101,131,180,774,2,21,4294967295,25.56,1004.35,45.89,75.71,105.46,1
536844,102,132,181,775,2,21,4294967295,25.57,1004.35,45.87,75.71,105.46,1
537840,102,132,181,774,2,21,4294967295,25.57,1004.35,45.87,75.71,105.38,1
538836,103,133,182,775,2,21,4294967295,25.57,1004.36,45.88,75.65,105.38,1
539832,103,133,182,775,2,21,4294967295,25.57,1004.36,45.87,75.71,105.38,1
540828,104,133,183,776,2,22,4294967295,25.57,1004.36,45.87,75.58,105.38,1
541824,104,134,183,776,2,22,4294967295,25.57,1004.36,45.88,75.58,105.38,1
542820,105,134,183,776,2,22,4294967295,25.57,1004.36,45.87,75.71,105.46,1
543816,105,135,184,776,2,22,4294967295,25.57,1004.35,45.86,75.85,105.46,1
544812,106,135,185,777,2,22,4294967295,25.57,1004.35,45.85,75.71,105.46,1
545808,107,136,185,777,2,22,4294967295,25.57,1004.35,45.86,75.85,105.46,1
546804,108,136,187,778,2,22,4294967295,25.57,1004.35,45.86,75.65,105.46,1
547800,110,137,188,779,2,22,4294967295,25.57,1004.35,45.86,75.71,105.46,1
548796,111,137,189,780,2,22,4294967295,25.57,1004.35,45.88,75.58,105.46,1
549792,113,138,190,781,3,22,4294967295,25.57,1004.35,45.86,75.65,105.46,1
550788,114,139,191,781,2,22,4294967295,25.57,1004.35,45.87,75.71,105.46,1
551784,116,139,193,783,2,22,4294967295,25.57,1004.35,45.86,75.65,105.55,1
552780,117,140,194,783,3,21,4294967295,25.57,1004.34,45.85,75.85,105.55,1
553776,117,140,195,783,2,22,4294967295,25.57,1004.34,45.86,75.44,105.55,1
554772,118,141,196,784,2,22,4294967295,25.57,1004.34,45.86,75.17,105.46,1
555768,118,141,197,784,2,22,4294967295,25.57,1004.35,45.86,75.44,105.55,1
556764,118,142,198,784,2,22,4294967295,25.57,1004.34,45.86,75.71,105.46,1
557760,118,142,198,784,2,23,4294967295,25.57,1004.35,45.86,75.65,105.55,1
558756,119,142,198,784,2,22,4294967295,25.57,1004.34,45.86,75.85,105.55,1
559752,119,143,199,784,3,22,4294967295,25.57,1004.34,45.86,75.71,105.55,1
560748,120,144,199,784,2,22,4294967295,25.57,1004.34,45.86,75.65,105.55,1
561744,121,143,200,783,2,22,4294967295,25.58,1004.34,45.86,75.58,105.55,1
562740,120,144,201,784,2,22,4294967295,25.58,1004.34,45.85,75.85,105.55,1
563736,121,144,201,784,2,22,4294967295,25.58,1004.34,45.84,75.71,105.63,1
564732,122,144,202,784,3,22,4294967295,25.58,1004.33,45.82,75.78,105.55,1
565728,122,145,203,785,2,22,4294967295,25.58,1004.34,45.83,75.65,105.55,1
566724,124,145,203,784,2,22,4294967295,25.58,1004.34,45.83,75.65,105.55,1
567720,125,145,204,785,2,22,4294967295,25.58,1004.34,45.82,76.06,105.63,1
568716,126,145,205,786,2,22,4294967295,25.58,1004.33,45.83,75.58,105.55,1
569712,127,146,206,786,2,21,4294967295,25.58,1004.34,45.83,75.92,105.63,1
570708,128,146,207,786,3,22,4294967295,25.58,1004.33,45.83,75.44,105.55,1
571704,128,146,208,787,3,23,4294967295,25.58,1004.34,45.83,75.58,105.55,1
572700,129,147,209,787,2,22,4294967295,25.58,1004.34,45.83,75.58,105.55,1
573696,129,148,210,787,2,22,4294967295,25.58,1004.34,45.85,75.58,105.55,1
574692,130,148,210,787,2,22,4294967295,25.58,1004.34,45.82,75.31,105.46,1
575688,131,148,211,788,2,22,4294967295,25.58,1004.35,45.82,75.58,105.55,1
576684,131,148,212,788,2,23,4294967295,25.58,1004.34,45.83,75.71,105.46,1
577680,132,149,213,789,2,22,4294967295,25.58,1004.35,45.81,75.78,105.46,1
578676,132,149,213,789,2,23,4294967295,25.58,1004.35,45.82,75.92,105.38,1
579672,133,149,213,789,2,22,4294967295,25.58,1004.36,45.82,75.85,105.38,1
580668,133,149,215,789,2,22,4294967295,25.58,1004.36,45.82,75.78,105.38,1
581664,133,150,215,789,2,22,4294967295,25.58,1004.36,45.83,75.78,105.30,1
582660,133,149,215,790,2,26,4294967295,25.58,1004.37,45.81,75.71,105.38,1
583656,133,151,216,790,2,23,4294967295,25.58,1004.36,45.81,75.85,105.38,1
584652,134,150,217,790,2,22,4294967295,25.58,1004.36,45.80,75.71,105.38,1
585648,135,151,217,790,2,22,4294967295,25.58,1004.36,45.82,75.65,105.38,1
586644,136,151,218,790,2,23,4294967295,25.58,1004.36,45.83,75.78,105.38,1
587640,135,151,218,789,2,22,4294967295,25.58,1004.36,45.83,75.44,105.38,1
588636,135,152,219,790,2,23,4294967295,25.59,1004.36,45.82,75.44,105.46,1
589632,135,152,219,790,2,23,4294967295,25.59,1004.35,45.82,75.51,105.46,1
590628,135,152,220,790,2,23,4294967295,25.59,1004.35,45.83,75.58,105.38,1
591624,135,152,220,790,2,22,4294967295,25.59,1004.36,45.83,75.65,105.38,1
592620,136,152,221,790,2,23,4294967295,25.59,1004.36,45.82,75.65,105.46,1
593616,137,153,220,790,2,23,4294967295,25.59,1004.35,45.82,75.24,105.46,1
594612,137,153,222,790,2,23,4294967295,25.59,1004.35,45.82,75.38,105.46,1
595608,138,153,222,790,2,23,4294967295,25.59,1004.35,45.82,75.17,105.46,1
596604,139,153,223,791,2,23,4294967295,25.59,1004.35,45.83,75.17,105.46,1
597600,139,154,224,791,2,23,4294967295,25.59,1004.35,45.82,75.31,105.46,1
598596,140,154,225,792,2,23,4294967295,25.59,1004.35,45.80,75.44,105.46,1
599592,141,154,226,792,2,23,4294967295,25.59,1004.35,45.81,75.31,105.46,1
0,140,155,227,791,2,23,4294967295,25.59,1004.35,45.82,75.44,105.46,1
996,140,155,227,791,2,23,4294967295,25.52,1004.35,45.93,65.71,105.30,1
1992,140,155,227,790,2,23,4294967295,25.52,1004.37,46.00,67.24,105.30,1
2988,139,155,226,790,2,23,4294967295,25.52,1004.37,46.01,68.27,105.30,1
3984,139,155,227,789,2,24,4294967295,25.53,1004.37,46.01,68.89,105.30,1
4980,139,155,227,789,2,23,4294967295,25.54,1004.37,45.99,69.69,105.30,1
5976,139,155,227,790,2,23,4294967295,25.54,1004.37,45.98,70.51,105.30,1
6972,139,155,227,790,2,23,4294967295,25.55,1004.37,45.96,70.92,105.30,1
7968,140,155,228,791,2,23,4294967295,25.56,1004.37,45.93,71.22,105.38,1
8964,141,155,229,791,2,22,4294967295,25.56,1004.36,45.93,71.71,105.30,1
9960,141,156,229,791,2,23,4294967295,25.57,1004.37,45.89,71.83,105.21,1
10956,142,156,230,792,2,23,4294967295,25.57,1004.38,45.89,72.39,105.21,1
11952,143,156,231,792,2,22,4294967295,25.57,1004.38,45.89,72.70,105.30,1
12948,145,157,232,792,2,23,4294967295,25.58,1004.37,45.88,72.70,105.21,1
13944,145,157,233,792,2,23,4294967295,25.58,1004.38,45.86,72.95,105.21,1
14940,145,158,233,792,2,23,4294967295,25.58,1004.38,45.87,72.83,105.30,1
15936,146,158,234,794,2,23,4294967295,25.58,1004.37,45.86,72.95,105.30,1
16932,147,158,234,793,2,23,4294967295,25.58,1004.37,45.86,73.08,105.30,1
17928,147,159,236,793,2,23,4294967295,25.58,1004.37,45.84,73.46,105.38,1
18924,148,159,236,793,2,23,4294967295,25.59,1004.36,45.84,73.34,105.30,1
19920,149,160,237,794,2,22,4294967295,25.59,1004.37,45.82,73.66,105.30,1
20916,148,159,237,793,2,23,4294967295,25.59,1004.37,45.83,73.72,105.38,1
21912,148,159,238,793,2,23,4294967295,25.59,1004.36,45.83,73.79,105.38,1
22908,148,160,238,793,2,23,4294967295,25.59,1004.36,45.82,73.72,105.38,1
23904,149,160,239,793,2,23,4294967295,25.59,1004.36,45.81,73.92,105.38,1
24900,149,161,240,793,2,24,4294967295,25.59,1004.36,45.82,73.98,105.46,1
25896,150,160,240,793,2,23,4294967295,25.59,1004.35,45.80,73.98,105.46,1
26892,150,161,240,793,2,23,4294967295,25.59,1004.35,45.81,74.18,105.46,1
27888,150,161,241,792,2,23,4294967295,25.59,1004.35,45.81,74.31,105.46,1
28884,151,162,241,793,2,23,4294967295,25.59,1004.35,45.80,74.37,105.55,1
29880,152,162,243,794,2,23,4294967295,25.59,1004.34,45.80,74.24,105.55,1
30876,153,162,243,793,2,23,4294967295,25.59,1004.34,45.80,74.51,105.55,1
31872,155,162,245,795,2,23,4294967295,25.59,1004.34,45.79,74.44,105.55,1
32868,155,163,245,794,2,23,4294967295,25.59,1004.34,45.79,74.44,105.55,1
33864,157,163,246,794,3,23,4294967295,25.59,1004.34,45.78,74.51,105.55,1
34860,156,164,248,795,2,23,4294967295,25.59,1004.34,45.79,74.77,105.55,1
35856,158,164,248,796,2,23,4294967295,25.59,1004.34,45.76,74.57,105.55,1
36852,159,165,249,796,2,23,4294967295,25.59,1004.34,45.76,74.77,105.55,1
37848,159,165,250,796,2,23,4294967295,25.59,1004.34,45.76,74.97,105.55,1
38844,160,166,251,796,2,23,4294967295,25.59,1004.34,45.77,74.90,105.46,1
39840,165,166,252,797,2,23,4294967295,25.59,1004.35,45.77,74.97,105.46,1
40836,168,168,254,799,2,23,4294967295,25.59,1004.35,45.75,74.64,105.46,1
41832,171,169,257,800,2,23,4294967295,25.59,1004.35,45.75,74.90,105.46,1
42828,173,170,259,801,2,23,4294967295,25.59,1004.35,45.76,75.04,105.46,1
43824,172,170,260,801,2,23,4294967295,25.59,1004.35,45.75,75.17,105.55,1
44820,172,171,261,801,2,23,4294967295,25.59,1004.34,45.75,75.04,105.55,1
45816,172,171,261,800,2,23,4294967295,25.59,1004.34,45.75,75.11,105.55,1
46812,172,170,262,800,2,23,4294967295,25.59,1004.34,45.76,75.17,105.55,1
47808,171,171,262,799,2,23,4294967295,25.59,1004.34,45.76,75.11,105.55,1
48804,171,172,263,800,2,23,4294967295,25.59,1004.34,45.78,75.31,105.55,1
49800,172,172,264,799,2,23,4294967295,25.59,1004.34,45.76,75.04,105.55,1
50796,172,172,264,799,2,23,4294967295,25.59,1004.34,45.76,75.04,105.63,1
51792,172,173,265,800,2,23,4294967295,25.59,1004.33,45.78,75.17,105.63,1
52788,173,173,266,800,2,23,4294967295,25.59,1004.33,45.76,75.04,105.63,1
53784,173,173,267,799,2,26,4294967295,25.60,1004.33,45.76,75.24,105.55,1
54780,174,174,267,800,2,23,4294967295,25.60,1004.34,45.75,75.11,105.63,1
55776,174,174,268,800,2,23,4294967295,25.59,1004.33,45.77,74.90,105.63,1
56772,173,174,269,799,2,23,4294967295,25.60,1004.33,45.77,74.90,105.63,1
57768,172,174,269,799,2,23,4294967295,25.60,1004.33,45.78,74.90,105.63,1
58764,172,174,269,799,2,23,4294967295,25.59,1004.33,45.77,74.90,105.63,1
59760,172,174,268,798,2,23,4294967295,25.59,1004.33,45.78,74.71,105.63,1
60756,171,174,268,798,2,22,4294967295,25.60,1004.33,45.77,74.77,105.63,1
61752,170,174,269,798,2,24,4294967295,25.60,1004.33,45.79,74.51,105.63,1
62748,170,174,268,797,2,24,4294967295,25.60,1004.33,45.76,74.64,105.63,1
63744,170,174,268,796,2,23,4294967295,25.60,1004.33,45.77,74.51,105.63,1
64740,169,174,267,796,2,26,4294967295,25.60,1004.33,45.78,74.71,105.55,1
65736,168,173,267,796,2,24,4294967295,25.60,1004.34,45.77,74.64,105.55,1
66732,167,173,267,795,2,24,4294967295,25.60,1004.34,45.77,74.71,105.46,1
67728,167,173,267,795,2,23,4294967295,25.60,1004.35,45.78,74.77,105.55,1
68724,167,173,267,795,2,23,4294967295,25.60,1004.34,45.78,74.71,105.55,1
69720,166,173,267,794,2,23,4294967295,25.60,1004.34,45.78,74.77,105.46,1
70716,166,173,267,794,2,23,4294967295,25.60,1004.35,45.77,74.51,105.46,1
71712,166,173,267,794,2,24,4294967295,25.60,1004.35,45.79,74.71,105.46,1
72708,165,172,267,794,2,24,4294967295,25.60,1004.35,45.77,74.51,105.38,1
73704,164,173,266,793,3,23,4294967295,25.60,1004.36,45.77,74.84,105.30,1
74700,165,173,266,793,2,24,4294967295,25.60,1004.37,45.77,74.77,105.30,1
75696,164,173,267,793,2,24,4294967295,25.60,1004.37,45.76,74.71,105.38,1
76692,165,172,266,793,2,24,4294967295,25.60,1004.36,45.75,74.90,105.30,1
77688,164,172,266,793,2,24,4294967295,25.60,1004.37,45.74,75.24,105.38,1
78684,165,173,267,793,2,23,4294967295,25.60,1004.36,45.74,75.31,105.46,1
79680,165,173,268,793,2,23,4294967295,25.60,1004.35,45.74,74.97,105.46,1
80676,166,173,268,793,2,23,4294967295,25.60,1004.35,45.73,75.17,105.38,1
81672,166,173,268,792,2,24,4294967295,25.60,1004.36,45.74,75.17,105.46,1
82668,165,173,267,792,2,23,4294967295,25.60,1004.35,45.73,75.17,105.55,1
83664,165,173,268,793,2,23,4294967295,25.60,1004.34,45.73,75.11,105.46,1
84660,164,173,268,793,2,24,4294967295,25.60,1004.35,45.73,75.04,105.46,1
85656,164,172,268,792,2,22,4294967295,25.60,1004.35,45.71,74.90,105.46,1
86652,163,173,267,792,2,24,4294967295,25.60,1004.35,45.74,75.04,105.55,1
87648,163,173,267,792,2,24,4294967295,25.60,1004.34,45.72,74.90,105.55,1
88644,163,173,267,792,2,23,4294967295,25.60,1004.34,45.73,74.90,105.55,1
89640,162,173,267,792,2,24,4294967295,25.60,1004.34,45.72,75.04,105.46,1
90636,164,173,267,792,2,24,4294967295,25.60,1004.35,45.71,75.17,105.55,1
91632,164,173,268,793,2,24,4294967295,25.60,1004.34,45.73,75.17,105.63,1
92628,165,173,269,793,2,22,4294967295,25.60,1004.33,45.71,75.04,105.55,1
93624,165,173,269,793,2,23,4294967295,25.60,1004.34,45.72,75.04,105.63,1
94620,166,173,270,793,2,23,4294967295,25.60,1004.33,45.71,75.24,105.63,1
95616,166,173,270,794,2,23,4294967295,25.60,1004.33,45.71,75.04,105.55,1
96612,166,174,271,793,2,23,4294967295,25.60,1004.34,45.71,75.24,105.46,1
97608,166,174,271,793,2,23,4294967295,25.60,1004.35,45.71,75.31,105.46,1
98604,166,174,271,793,2,23,4294967295,25.60,1004.35,45.71,75.17,105.55,1
99600,167,174,271,793,2,23,4294967295,25.60,1004.34,45.70,75.11,105.55,1
100596,168,174,272,794,2,23,4294967295,25.60,1004.34,45.71,75.17,105.55,1
101592,169,175,272,795,2,23,4294967295,25.60,1004.34,45.72,74.90,105.63,1
102588,171,175,274,796,2,24,4294967295,25.60,1004.33,45.72,75.04,105.63,1
103584,171,176,275,796,2,22,4294967295,25.60,1004.33,45.71,74.90,105.63,1
104580,171,176,276,796,2,23,4294967295,25.60,1004.33,45.71,75.04,105.55,1
105576,171,176,276,797,2,22,4294967295,25.61,1004.34,45.72,74.97,105.55,1
106572,170,176,276,796,2,24,4294967295,25.61,1004.34,45.74,74.71,105.55,1
107568,169,176,276,796,2,23,4294967295,25.61,1004.34,45.72,74.77,105.55,1
108564,171,177,276,796,2,24,4294967295,25.61,1004.34,45.72,74.84,105.46,1
109560,171,177,276,796,2,24,4294967295,25.61,1004.35,45.71,74.84,105.38,1
110556,172,177,277,795,2,23,4294967295,25.61,1004.36,45.72,74.64,105.38,1
111552,172,178,278,796,2,24,4294967295,25.60,1004.36,45.71,74.71,105.30,1
112548,172,178,278,796,2,24,4294967295,25.60,1004.37,45.71,74.64,105.38,1
113544,172,178,278,795,2,24,4294967295,25.60,1004.36,45.71,74.31,105.30,1
114540,172,178,278,795,2,23,4294967295,25.60,1004.37,45.71,74.51,105.38,1
115536,172,178,279,795,2,24,4294967295,25.60,1004.36,45.71,74.31,105.38,1
116532,172,178,279,795,2,24,4294967295,25.60,1004.36,45.70,74.51,105.30,1
117528,172,177,279,794,2,24,4294967295,25.60,1004.37,45.72,74.44,105.30,1
118524,172,178,279,795,2,23,4294967295,25.61,1004.37,45.71,74.24,105.38,1
119520,173,178,279,795,2,24,4294967295,25.61,1004.36,45.72,74.18,105.30,1
120516,173,179,280,795,2,24,4294967295,25.61,1004.37,45.72,74.11,105.38,1
121512,174,179,280,794,2,24,4294967295,25.61,1004.36,45.71,74.18,105.30,1
122508,173,179,281,795,2,24,4294967295,25.61,1004.37,45.72,73.98,105.30,1
123504,172,179,280,795,2,24,4294967295,25.61,1004.37,45.71,74.18,105.30,1
124500,171,179,280,794,2,24,4294967295,25.61,1004.37,45.72,74.18,105.30,1
125496,170,179,279,794,2,24,4294967295,25.61,1004.37,45.72,74.24,105.30,1
126492,170,179,279,794,2,24,4294967295,25.60,1004.37,45.72,74.31,105.38,1
127488,169,178,279,794,2,23,4294967295,25.60,1004.36,45.71,74.18,105.30,1
128484,169,179,279,793,2,24,4294967295,25.61,1004.37,45.71,74.24,105.30,1
129480,170,179,280,794,2,24,4294967295,25.61,1004.37,45.71,74.24,105.38,1
130476,172,179,280,793,2,24,4294967295,25.61,1004.36,45.71,74.18,105.46,1
131472,171,178,281,795,2,24,4294967295,25.61,1004.35,45.71,74.24,105.46,1
132468,171,179,281,794,2,24,4294967295,25.61,1004.35,45.70,74.11,105.38,1
133464,171,179,282,794,2,24,4294967295,25.61,1004.36,45.72,74.11,105.38,1
134460,171,179,281,794,2,24,4294967295,25.61,1004.36,45.72,73.98,105.38,1
135456,172,179,282,793,2,24,4294967295,25.61,1004.36,45.72,74.24,105.38,1
136452,172,180,282,795,2,24,4294967295,25.61,1004.36,45.70,74.18,105.46,1
137448,172,179,282,794,2,23,4294967295,25.61,1004.35,45.70,74.31,105.46,1
138444,173,180,283,794,2,24,4294967295,25.61,1004.35,45.70,74.37,105.46,1
139440,174,180,284,794,2,24,4294967295,25.61,1004.35,45.70,74.24,105.46,1
140436,174,180,284,795,2,24,4294967295,25.61,1004.35,45.71,74.24,105.46,1
141432,174,180,285,795,2,24,4294967295,25.61,1004.35,45.70,74.11,105.46,1
142428,174,181,284,795,2,24,4294967295,25.61,1004.35,45.69,74.31,105.46,1
143424,174,181,285,794,2,24,4294967295,25.61,1004.35,45.70,74.44,105.46,1
144420,174,181,285,794,2,24,4294967295,25.61,1004.35,45.70,74.37,105.38,1
145416,174,181,285,795,2,27,4294967295,25.61,1004.36,45.70,74.37,105.38,1
146412,174,181,286,795,2,24,4294967295,25.61,1004.36,45.70,74.57,105.38,1
147408,175,181,286,795,2,22,4294967295,25.61,1004.36,45.69,74.57,105.30,1
148404,176,182,287,796,2,24,4294967295,25.61,1004.37,45.72,74.37,105.30,1
149400,178,181,287,796,2,24,4294967295,25.61,1004.37,45.71,74.18,105.30,1
150396,178,182,288,796,2,24,4294967295,25.61,1004.37,45.72,74.18,105.21,1
151392,179,183,289,796,2,24,4294967295,25.61,1004.38,45.72,74.11,105.21,1
152388,179,183,290,797,2,24,4294967295,25.61,1004.38,45.70,74.11,105.30,1
153384,180,183,290,796,2,23,4294967295,25.61,1004.37,45.71,74.11,105.30,1
154380,180,183,291,796,2,24,4294967295,25.61,1004.37,45.71,74.05,105.30,1
155376,180,184,291,796,2,24,4294967295,25.61,1004.37,45.72,74.11,105.38,1
156372,180,184,290,796,2,24,4294967295,25.61,1004.36,45.70,73.92,105.46,1
157368,180,184,291,796,2,24,4294967295,25.61,1004.35,45.72,74.11,105.46,1
158364,179,184,291,796,2,24,4294967295,25.61,1004.35,45.70,73.98,105.46,1
159360,178,183,291,795,2,26,4294967295,25.61,1004.35,45.70,74.18,105.46,1
160356,178,183,291,795,2,24,4294967295,25.61,1004.35,45.69,74.24,105.46,1
161352,178,183,290,795,2,24,4294967295,25.61,1004.35,45.69,74.24,105.46,1
162348,176,183,290,795,2,24,4294967295,25.61,1004.35,45.69,74.37,105.46,1
163344,175,183,290,794,2,24,4294967295,25.61,1004.35,45.69,74.44,105.46,1
164340,175,183,290,795,2,24,4294967295,25.61,1004.35,45.69,74.51,105.38,1
165336,175,183,289,795,2,24,4294967295,25.61,1004.36,45.69,74.37,105.38,1
166332,175,183,289,795,2,24,4294967295,25.61,1004.36,45.67,74.51,105.38,1
167328,175,183,290,795,2,24,4294967295,25.61,1004.36,45.69,74.51,105.30,1
168324,175,182,290,795,2,24,4294967295,25.61,1004.37,45.68,74.37,105.21,1
169320,175,183,290,795,2,25,4294967295,25.62,1004.38,45.67,74.51,105.21,1
170316,176,183,290,794,2,24,4294967295,25.62,1004.38,45.68,74.64,105.21,1
171312,177,183,291,794,2,24,4294967295,25.62,1004.38,45.67,74.64,105.21,1
172308,177,183,291,795,2,24,4294967295,25.62,1004.38,45.67,74.64,105.13,1
173304,177,184,291,795,2,24,4294967295,25.62,1004.39,45.67,74.77,105.21,1
174300,178,184,292,795,2,24,4294967295,25.62,1004.38,45.67,74.51,105.21,1
175296,178,184,292,795,2,24,4294967295,25.62,1004.38,45.67,74.77,105.21,1
176292,179,184,292,796,2,24,4294967295,25.62,1004.38,45.68,74.37,105.21,1
177288,179,184,293,796,2,24,4294967295,25.62,1004.38,45.67,74.44,105.21,1
178284,179,185,294,796,2,24,4294967295,25.62,1004.38,45.67,74.44,105.21,1
179280,179,185,294,796,2,24,4294967295,25.62,1004.38,45.67,74.64,105.30,1
180276,180,185,294,795,2,24,4294967295,25.62,1004.37,45.67,74.51,105.30,1
181272,180,185,294,796,2,24,4294967295,25.61,1004.37,45.67,74.64,105.30,1
182268,180,185,294,796,2,24,4294967295,25.62,1004.37,45.67,74.64,105.30,1
183264,180,185,294,795,2,25,4294967295,25.62,1004.37,45.66,74.77,105.38,1
184260,178,185,295,795,2,24,4294967295,25.62,1004.36,45.67,74.77,105.30,1
185256,178,185,294,794,2,24,4294967295,25.62,1004.37,45.67,74.84,105.38,1
186252,179,185,295,794,2,24,4294967295,25.62,1004.36,45.66,74.57,105.30,1
187248,180,185,295,795,2,24,4294967295,25.62,1004.37,45.67,74.71,105.21,1
188244,180,185,295,795,2,24,4294967295,25.62,1004.38,45.66,74.64,105.30,1
189240,182,186,296,795,2,24,4294967295,25.62,1004.37,45.66,74.84,105.38,1
190236,183,186,296,796,2,24,4294967295,25.62,1004.36,45.64,74.77,105.38,1
191232,184,186,298,796,2,25,4294967295,25.62,1004.36,45.66,74.90,105.38,1
192228,185,187,298,796,2,24,4294967295,25.62,1004.36,45.64,74.97,105.38,1
193224,185,187,299,797,2,25,4294967295,25.62,1004.36,45.66,75.04,105.38,1
194220,186,187,300,796,2,24,4294967295,25.62,1004.36,45.65,74.77,105.38,1
195216,186,188,301,798,2,25,4294967295,25.62,1004.36,45.64,74.97,105.46,1
196212,187,189,302,798,2,24,4294967295,25.62,1004.35,45.64,74.84,105.38,1
197208,188,188,302,798,2,24,4294967295,25.62,1004.36,45.66,74.97,105.38,1
198204,189,189,303,797,2,24,4294967295,25.62,1004.36,45.65,74.90,105.38,1
199200,189,190,303,797,2,24,4294967295,25.62,1004.36,45.65,74.90,105.46,1
200196,187,189,303,797,2,26,4294967295,25.62,1004.35,45.66,74.77,105.46,1
201192,186,189,303,796,2,25,4294967295,25.62,1004.35,45.66,74.64,105.46,1
202188,186,189,302,796,2,24,4294967295,25.62,1004.35,45.66,74.64,105.46,1
203184,186,189,303,795,2,24,4294967295,25.62,1004.35,45.66,74.51,105.46,1
204180,185,189,302,795,2,25,4294967295,25.62,1004.35,45.66,74.51,105.46,1
205176,185,189,302,795,2,25,4294967295,25.62,1004.35,45.65,74.37,105.46,1
206172,184,188,301,794,2,24,4294967295,25.62,1004.35,45.66,74.44,105.55,1
207168,184,189,301,795,2,25,4294967295,25.62,1004.34,45.66,74.37,105.46,1
208164,183,189,302,795,2,25,4294967295,25.62,1004.35,45.65,74.97,105.46,1
209160,184,189,302,795,2,25,4294967295,25.62,1004.35,45.65,74.57,105.38,1
210156,185,189,302,796,2,25,4294967295,25.62,1004.36,45.65,74.64,105.38,1
211152,185,189,303,796,2,25,4294967295,25.62,1004.36,45.66,74.77,105.38,1
212148,187,190,304,797,2,25,4294967295,25.62,1004.36,45.64,74.90,105.38,1
213144,189,190,305,798,2,25,4294967295,25.62,1004.36,45.64,74.77,105.38,1
214140,191,191,305,798,2,25,4294967295,25.62,1004.36,45.64,74.51,105.30,1
215136,191,192,307,798,2,25,4294967295,25.62,1004.37,45.66,74.71,105.30,1
216132,191,192,307,799,2,25,4294967295,25.62,1004.37,45.66,74.51,105.30,1
217128,192,193,309,799,2,25,4294967295,25.62,1004.37,45.65,74.51,105.30,1
218124,193,193,310,799,2,24,4294967295,25.62,1004.37,45.66,74.57,105.30,1
219120,194,194,311,800,2,27,4294967295,25.62,1004.37,45.67,74.64,105.30,1
220116,195,193,311,800,2,25,4294967295,25.62,1004.37,45.66,74.57,105.30,1
221112,195,194,312,801,2,25,4294967295,25.62,1004.37,45.66,74.64,105.30,1
222108,193,195,312,800,2,25,4294967295,25.62,1004.37,45.66,74.77,105.30,1
223104,192,195,312,800,2,25,4294967295,25.62,1004.37,45.65,74.64,105.21,1
224100,192,194,312,801,2,24,4294967295,25.62,1004.38,45.67,74.57,105.21,1
225096,193,195,312,801,2,25,4294967295,25.62,1004.38,45.67,74.44,105.21,1
226092,192,195,313,800,2,25,4294967295,25.62,1004.38,45.67,74.44,105.30,1
227088,191,195,312,800,2,25,4294967295,25.62,1004.37,45.67,74.37,105.30,1
228084,191,195,312,799,2,25,4294967295,25.62,1004.37,45.67,74.24,105.30,1
229080,191,195,312,799,2,25,4294967295,25.62,1004.37,45.67,74.24,105.30,1
230076,190,195,312,799,2,25,4294967295,25.62,1004.37,45.66,74.37,105.21,1
231072,192,195,313,799,2,25,4294967295,25.62,1004.38,45.66,74.37,105.30,1
232068,193,195,313,799,2,25,4294967295,25.62,1004.37,45.65,74.44,105.30,1
233064,193,196,314,799,2,25,4294967295,25.62,1004.37,45.64,74.51,105.30,1
234060,194,195,315,799,2,25,4294967295,25.62,1004.37,45.66,74.71,105.38,1
235056,192,195,314,799,2,25,4294967295,25.62,1004.36,45.65,74.77,105.38,1
236052,192,196,314,799,2,25,4294967295,25.62,1004.36,45.64,74.64,105.38,1
237048,191,196,314,798,2,25,4294967295,25.62,1004.36,45.65,74.51,105.38,1
238044,192,196,314,799,2,25,4294967295,25.62,1004.36,45.65,74.77,105.38,1
239040,192,196,314,800,2,25,4294967295,25.62,1004.36,45.66,74.71,105.30,1
240036,193,196,315,801,2,25,4294967295,25.62,1004.37,45.64,74.97,105.38,1
241032,194,197,316,801,2,25,4294967295,25.62,1004.36,45.64,74.84,105.38,1
242028,195,197,317,802,2,25,4294967295,25.62,1004.36,45.64,75.11,105.38,1
243024,197,197,317,802,2,26,4294967295,25.62,1004.36,45.64,74.51,105.46,1
244020,199,198,319,803,2,26,4294967295,25.62,1004.35,45.64,74.84,105.55,1
245016,200,199,321,803,2,25,4294967295,25.62,1004.34,45.64,74.97,105.46,1
246012,202,199,322,804,2,25,4294967295,25.62,1004.35,45.64,74.90,105.55,1
247008,201,200,322,804,2,26,4294967295,25.62,1004.34,45.64,74.77,105.55,1
248004,202,200,323,803,2,25,4294967295,25.62,1004.34,45.64,74.84,105.55,1
249000,201,200,323,803,2,25,4294967295,25.62,1004.34,45.65,74.84,105.55,1
249996,199,200,323,803,2,25,4294967295,25.62,1004.34,45.66,74.84,105.55,1
250992,199,201,323,802,2,26,4294967295,25.62,1004.34,45.65,74.51,105.63,1
251988,199,200,323,802,2,25,4294967295,25.62,1004.33,45.65,74.51,105.55,1
252984,199,201,323,802,2,25,4294967295,25.62,1004.34,45.64,74.51,105.63,1
253980,200,200,323,802,2,25,4294967295,25.62,1004.33,45.64,74.57,105.63,1
254976,201,201,323,803,2,25,4294967295,25.62,1004.33,45.65,74.64,105.55,1
255972,202,201,324,803,2,25,4294967295,25.62,1004.34,45.64,74.57,105.46,1
256968,202,201,325,804,2,25,4294967295,25.62,1004.35,45.66,74.51,105.46,1
257964,203,202,326,803,2,26,4294967295,25.62,1004.35,45.65,74.18,105.46,1
258960,203,202,327,803,2,25,4294967295,25.62,1004.35,45.65,74.51,105.46,1
259956,202,202,327,803,2,25,4294967295,25.62,1004.35,45.65,74.44,105.46,1
260952,202,203,326,803,2,25,4294967295,25.62,1004.35,45.65,74.18,105.46,1
261948,203,203,327,803,2,25,4294967295,25.62,1004.35,45.66,74.18,105.38,1
262944,202,203,328,803,3,25,4294967295,25.62,1004.36,45.66,74.31,105.46,1
263940,202,203,327,803,2,25,4294967295,25.62,1004.35,45.65,74.18,105.46,1
264936,201,203,327,803,2,25,4294967295,25.62,1004.35,45.64,74.31,105.55,1
265932,202,203,328,803,2,25,4294967295,25.62,1004.34,45.65,73.98,105.46,1
266928,203,204,328,803,2,26,4294967295,25.62,1004.35,45.66,74.18,105.46,1
267924,204,203,329,803,2,26,4294967295,25.62,1004.35,45.65,73.85,105.38,1
268920,205,204,330,804,2,26,4294967295,25.62,1004.36,45.64,74.18,105.46,1
269916,206,204,330,804,2,26,4294967295,25.62,1004.35,45.64,73.72,105.46,1
270912,207,205,331,805,2,25,4294967295,25.62,1004.35,45.64,74.05,105.46,1
271908,207,205,332,805,2,25,4294967295,25.62,1004.35,45.65,74.11,105.46,1
272904,208,206,333,805,2,26,4294967295,25.62,1004.35,45.66,73.85,105.46,1
273900,208,206,334,806,2,25,4294967295,25.62,1004.35,45.65,73.79,105.55,1
274896,209,207,334,806,2,25,4294967295,25.62,1004.34,45.66,73.79,105.46,1
275892,209,207,335,806,2,25,4294967295,25.62,1004.35,45.65,73.85,105.46,1
276888,210,208,335,806,2,25,4294967295,25.62,1004.35,45.65,73.72,105.46,1
277884,210,208,336,806,2,25,4294967295,25.62,1004.35,45.65,73.98,105.46,1
278880,209,208,337,806,2,24,4294967295,25.62,1004.35,45.66,73.85,105.55,1
279876,209,208,336,806,2,26,4294967295,25.62,1004.34,45.64,73.59,105.63,1
280872,208,208,335,805,2,25,4294967295,25.62,1004.33,45.64,73.72,105.55,1
281868,206,207,335,804,2,25,4294967295,25.62,1004.34,45.65,73.72,105.55,1
282864,204,207,334,803,2,25,4294967295,25.62,1004.34,45.64,73.72,105.72,1
283860,202,206,332,802,2,26,4294967295,25.62,1004.32,45.65,74.11,105.72,1
284856,201,207,331,801,2,25,4294967295,25.62,1004.32,45.64,73.92,105.72,1
285852,201,206,331,800,2,25,4294967295,25.62,1004.32,45.63,74.18,105.72,1
286848,201,206,331,800,2,25,4294967295,25.62,1004.32,45.63,74.24,105.72,1
287844,201,206,331,801,2,25,4294967295,25.62,1004.32,45.63,74.57,105.80,1
288840,202,206,331,800,2,26,4294967295,25.62,1004.31,45.63,74.90,105.72,1
289836,203,206,332,801,2,25,4294967295,25.62,1004.32,45.62,74.77,105.72,1
290832,203,206,333,801,2,27,4294967295,25.62,1004.32,45.61,74.97,105.63,1
291828,203,207,333,802,2,23,4294967295,25.62,1004.33,45.61,74.90,105.55,1
292824,204,206,334,803,3,25,4294967295,25.62,1004.34,45.60,75.04,105.55,1
293820,204,207,334,802,2,25,4294967295,25.62,1004.34,45.61,74.84,105.63,1
294816,205,207,334,802,2,26,4294967295,25.62,1004.33,45.62,74.97,105.63,1
295812,205,207,334,803,2,25,4294967295,25.62,1004.33,45.62,74.90,105.55,1
296808,205,208,335,802,2,25,4294967295,25.62,1004.34,45.63,74.90,105.55,1
297804,204,208,335,803,2,27,4294967295,25.62,1004.34,45.62,74.84,105.55,1
298800,205,208,335,802,2,26,4294967295,25.62,1004.34,45.61,74.97,105.55,1
299796,204,208,336,802,2,27,4294967295,25.62,1004.34,45.61,75.04,105.55,1
300792,204,208,336,802,2,26,4294967295,25.62,1004.34,45.61,74.71,105.55,1
301788,203,208,335,802,2,26,4294967295,25.62,1004.34,45.62,74.71,105.55,1
302784,202,208,335,802,2,26,4294967295,25.62,1004.34,45.63,74.71,105.63,1
303780,204,208,335,802,2,26,4294967295,25.62,1004.33,45.62,74.64,105.63,1
304776,204,208,336,803,2,26,4294967295,25.62,1004.33,45.63,74.64,105.63,1
305772,204,208,337,803,2,25,4294967295,25.62,1004.33,45.63,74.64,105.63,1
306768,205,209,337,803,2,26,4294967295,25.62,1004.33,45.61,74.64,105.63,1
307764,206,209,338,803,2,26,4294967295,25.62,1004.33,45.61,74.90,105.63,1
308760,206,209,338,803,2,24,4294967295,25.62,1004.33,45.63,75.04,105.72,1
309756,207,210,338,803,2,25,4294967295,25.62,1004.32,45.63,74.77,105.72,1
310752,206,210,338,803,2,26,4294967295,25.62,1004.32,45.62,74.51,105.72,1
311748,205,209,338,803,2,26,4294967295,25.62,1004.32,45.62,74.71,105.72,1
312744,205,210,339,803,3,25,4294967295,25.62,1004.32,45.63,74.57,105.72,1
313740,206,210,340,803,2,26,4294967295,25.62,1004.32,45.63,74.64,105.80,1
314736,206,210,340,804,2,26,4294967295,25.62,1004.31,45.63,74.37,105.80,1
315732,207,211,341,804,2,26,4294967295,25.62,1004.31,45.62,74.37,105.80,1
316728,208,211,341,804,2,25,4294967295,25.62,1004.31,45.61,74.37,105.80,1
317724,208,211,342,804,2,26,4294967295,25.62,1004.31,45.61,74.51,105.88,1
318720,207,211,342,805,2,26,4294967295,25.62,1004.30,45.61,74.64,105.80,1
319716,208,212,342,805,2,26,4294967295,25.62,1004.31,45.61,74.51,105.88,1
320712,207,211,342,805,2,26,4294967295,25.62,1004.30,45.61,74.44,105.88,1
321708,207,211,342,804,2,27,4294967295,25.62,1004.30,45.61,74.71,105.88,1
322704,206,211,342,804,2,26,4294967295,25.62,1004.30,45.63,74.31,105.88,1
323700,206,211,342,804,2,24,4294967295,25.62,1004.30,45.61,74.37,105.97,1
324696,206,211,342,804,2,26,4294967295,25.62,1004.29,45.62,74.51,105.97,1
325692,205,211,342,804,2,26,4294967295,25.62,1004.29,45.61,74.64,105.97,1
326688,205,211,342,803,2,26,4294967295,25.62,1004.29,45.61,74.90,105.97,1
327684,205,211,341,803,2,26,4294967295,25.62,1004.29,45.62,74.57,106.05,1
328680,205,211,341,802,2,26,4294967295,25.62,1004.28,45.60,74.84,106.05,1
329676,206,211,341,802,2,24,4294967295,25.62,1004.28,45.60,74.71,106.05,1
330672,205,211,341,802,2,26,4294967295,25.62,1004.28,45.59,74.90,105.97,1
331668,205,211,340,802,2,25,4294967295,25.62,1004.29,45.61,74.64,106.05,1
332664,203,210,341,801,2,24,4294967295,25.62,1004.28,45.60,74.64,105.88,1
333660,203,211,340,802,2,26,4294967295,25.62,1004.30,45.61,74.77,105.97,1
334656,203,211,340,803,2,26,4294967295,25.62,1004.29,45.60,74.71,105.97,1
335652,203,211,340,802,2,26,4294967295,25.62,1004.29,45.61,74.77,105.97,1
336648,203,211,340,803,2,26,4294967295,25.62,1004.29,45.59,74.90,106.05,1
337644,203,211,341,803,2,26,4294967295,25.62,1004.28,45.59,74.77,106.05,1
338640,203,211,341,803,2,28,4294967295,25.62,1004.28,45.61,74.77,105.97,1
339636,204,211,341,804,2,26,4294967295,25.62,1004.29,45.60,75.24,106.05,1
340632,204,212,342,804,2,26,4294967295,25.62,1004.28,45.61,75.04,106.13,1
341628,204,211,342,804,2,26,4294967295,25.62,1004.27,45.61,75.11,106.13,1
342624,204,212,342,804,2,26,4294967295,25.62,1004.27,45.60,74.97,106.05,1
343620,202,211,342,803,2,26,4294967295,25.62,1004.28,45.60,74.90,106.05,1
344616,202,211,341,802,2,26,4294967295,25.62,1004.28,45.61,75.11,106.13,1
345612,201,211,341,801,2,26,4294967295,25.62,1004.27,45.60,75.31,106.13,1
346608,200,210,340,801,2,26,4294967295,25.62,1004.27,45.61,75.17,106.13,1
347604,199,210,339,800,2,26,4294967295,25.62,1004.27,45.61,75.11,106.13,1
348600,199,210,338,801,2,26,4294967295,25.62,1004.27,45.60,75.17,106.05,1
349596,199,210,339,800,2,26,4294967295,25.62,1004.28,45.61,75.17,106.05,1
350592,200,210,339,800,2,25,4294967295,25.62,1004.28,45.61,75.24,106.13,1
351588,200,210,339,801,2,26,4294967295,25.62,1004.27,45.59,75.17,105.97,1
352584,201,211,339,800,2,26,4294967295,25.62,1004.29,45.59,75.17,105.97,1
353580,202,211,340,801,2,26,4294967295,25.62,1004.29,45.59,75.04,105.88,1
354576,202,211,340,800,2,26,4294967295,25.62,1004.30,45.60,75.58,105.88,1
355572,203,211,341,801,2,26,4294967295,25.62,1004.30,45.59,75.65,105.88,1
356568,204,211,341,802,2,25,4294967295,25.62,1004.30,45.59,75.51,105.80,1
357564,204,211,341,801,2,25,4294967295,25.62,1004.31,45.59,75.58,105.72,1
358560,202,211,341,801,2,26,4294967295,25.62,1004.32,45.59,75.65,105.72,1
359556,202,211,341,801,2,26,4294967295,25.62,1004.32,45.59,75.24,105.80,1
360552,202,211,341,801,2,26,4294967295,25.62,1004.31,45.59,75.58,105.80,1
361548,201,211,341,800,2,26,4294967295,25.62,1004.31,45.59,75.51,105.72,1
362544,200,210,340,801,2,26,4294967295,25.62,1004.32,45.59,75.51,105.72,1
363540,199,211,340,800,2,26,4294967295,25.62,1004.32,45.59,75.17,105.72,1
364536,200,211,340,800,2,26,4294967295,25.62,1004.32,45.59,75.38,105.72,1
365532,201,211,340,800,2,26,4294967295,25.62,1004.32,45.59,75.38,105.72,1
366528,201,211,341,801,2,25,4294967295,25.62,1004.32,45.59,75.04,105.72,1
367524,200,211,340,801,2,26,4294967295,25.62,1004.32,45.59,75.04,105.80,1
368520,200,211,340,801,3,26,4294967295,25.62,1004.31,45.59,74.97,105.80,1
369516,200,211,340,801,2,26,4294967295,25.62,1004.31,45.59,74.90,105.80,1
370512,201,210,340,801,2,26,4294967295,25.62,1004.31,45.60,74.84,105.88,1
371508,200,211,341,800,2,26,4294967295,25.62,1004.30,45.61,74.97,105.88,1
372504,200,211,340,801,2,26,4294967295,25.62,1004.30,45.60,74.64,105.88,1
373500,200,211,341,801,2,26,4294967295,25.62,1004.30,45.59,74.64,105.88,1
374496,201,211,340,801,2,26,4294967295,25.62,1004.30,45.59,75.17,105.88,1
375492,202,211,341,802,2,26,4294967295,25.62,1004.30,45.58,75.17,105.88,1
376488,202,211,341,802,2,26,4294967295,25.62,1004.30,45.59,75.44,105.88,1
377484,203,211,341,802,2,26,4294967295,25.62,1004.30,45.59,75.51,105.97,1
378480,204,212,343,803,2,26,4294967295,25.62,1004.29,45.58,75.85,105.97,1
379476,205,212,344,803,2,26,4294967295,25.62,1004.29,45.58,75.58,105.97,1
380472,205,213,344,804,2,26,4294967295,25.62,1004.29,45.56,75.51,105.97,1
381468,205,212,344,804,2,26,4294967295,25.62,1004.29,45.59,75.58,105.97,1
382464,206,213,345,804,2,26,4294967295,25.62,1004.29,45.59,75.51,106.05,1
383460,205,213,345,805,2,26,4294967295,25.62,1004.28,45.59,75.58,106.13,1
384456,205,213,345,805,2,27,4294967295,25.62,1004.27,45.58,75.65,106.13,1
385452,205,213,346,805,2,26,4294967295,25.62,1004.27,45.59,75.78,106.05,1
386448,206,214,346,805,2,26,4294967295,25.62,1004.28,45.58,75.71,106.05,1
387444,207,214,347,806,2,26,4294967295,25.62,1004.28,45.58,75.71,106.05,1
388440,207,214,347,806,2,26,4294967295,25.62,1004.28,45.58,75.71,106.13,1
389436,206,214,348,807,2,26,4294967295,25.62,1004.27,45.57,75.85,106.05,1
390432,206,214,348,806,2,25,4294967295,25.62,1004.28,45.56,75.71,106.13,1
391428,206,214,348,806,2,26,4294967295,25.62,1004.27,45.59,75.85,106.05,1
392424,205,215,348,807,2,25,4294967295,25.62,1004.28,45.57,75.58,106.05,1
393420,206,215,349,806,2,26,4294967295,25.62,1004.28,45.59,75.71,106.05,1
394416,207,215,350,806,2,26,4294967295,25.62,1004.28,45.58,75.71,106.05,1
395412,208,215,351,806,2,25,4294967295,25.62,1004.28,45.59,75.44,106.13,1
396408,207,215,350,806,2,25,4294967295,25.62,1004.27,45.60,75.38,106.05,1
397404,207,215,351,807,2,24,4294967295,25.62,1004.28,45.60,75.17,106.05,1
398400,207,216,351,807,2,26,4294967295,25.62,1004.28,45.60,75.24,106.05,1
399396,207,216,352,806,3,26,4294967295,25.62,1004.28,45.59,75.04,106.05,1
400392,207,216,352,807,2,26,4294967295,25.62,1004.28,45.59,75.11,106.13,1
401388,208,215,352,807,2,26,4294967295,25.62,1004.27,45.59,75.17,106.13,1
402384,208,216,353,807,2,25,4294967295,25.62,1004.27,45.59,75.17,106.05,1
403380,207,216,353,807,2,26,4294967295,25.62,1004.28,45.59,75.24,106.13,1
404376,208,216,353,807,2,24,4294967295,25.62,1004.27,45.58,75.17,106.13,1
405372,208,216,353,807,2,26,4294967295,25.62,1004.27,45.57,75.24,106.22,1
406368,208,217,353,807,2,26,4294967295,25.62,1004.26,45.58,75.38,106.22,1
407364,208,216,354,807,2,29,4294967295,25.62,1004.26,45.57,75.44,106.22,1
408360,208,217,354,806,3,26,4294967295,25.62,1004.26,45.58,75.17,106.22,1
409356,207,217,354,806,2,26,4294967295,25.62,1004.26,45.57,75.31,106.22,1
410352,208,217,354,806,2,26,4294967295,25.62,1004.26,45.58,75.71,106.39,1
411348,207,217,353,806,2,26,4294967295,25.62,1004.24,45.58,75.65,106.30,1
412344,205,216,353,806,2,26,4294967295,25.62,1004.25,45.59,75.71,106.30,1
413340,204,217,352,805,2,26,4294967295,25.62,1004.25,45.57,75.44,106.30,1
414336,204,216,351,804,2,26,4294967295,25.62,1004.25,45.57,75.44,106.30,1
415332,203,216,351,804,2,25,4294967295,25.62,1004.25,45.58,75.65,106.30,1
416328,202,216,350,804,2,26,4294967295,25.62,1004.25,45.58,75.31,106.30,1
417324,202,216,350,804,2,26,4294967295,25.62,1004.25,45.58,75.24,106.30,1
418320,203,215,350,804,2,26,4294967295,25.62,1004.25,45.58,75.11,106.22,1
419316,204,216,350,803,2,26,4294967295,25.62,1004.26,45.58,75.44,106.30,1
420312,204,216,350,804,2,26,4294967295,25.62,1004.25,45.58,75.51,106.30,1
421308,205,216,351,805,2,24,4294967295,25.62,1004.25,45.57,75.38,106.30,1
422304,205,217,351,805,2,26,4294967295,25.62,1004.25,45.56,75.58,106.30,1
423300,207,217,352,805,2,26,4294967295,25.62,1004.25,45.59,75.71,106.22,1
424296,207,217,352,805,2,25,4294967295,25.62,1004.26,45.56,75.71,106.30,1
425292,207,218,353,805,2,26,4294967295,25.62,1004.25,45.56,75.85,106.30,1
426288,206,217,353,805,2,26,4294967295,25.62,1004.25,45.56,75.78,106.30,1
427284,207,217,353,804,2,26,4294967295,25.62,1004.25,45.56,75.78,106.22,1
428280,207,218,353,804,2,26,4294967295,25.62,1004.26,45.58,75.92,106.22,1
429276,207,217,353,804,2,25,4294967295,25.62,1004.26,45.56,75.58,106.22,1
430272,207,218,353,804,2,26,4294967295,25.62,1004.26,45.56,75.58,106.22,1
431268,208,218,354,804,2,28,4294967295,25.62,1004.26,45.56,75.78,106.30,1
432264,207,219,353,805,2,26,4294967295,25.62,1004.25,45.56,75.85,106.30,1
433260,208,219,354,806,2,26,4294967295,25.62,1004.25,45.56,75.78,106.30,1
434256,209,218,355,805,2,26,4294967295,25.62,1004.25,45.56,75.99,106.30,1
435252,208,219,355,806,2,26,4294967295,25.62,1004.25,45.57,75.99,106.30,1
436248,208,219,355,806,2,26,4294967295,25.62,1004.25,45.55,75.99,106.22,1
437244,208,219,355,805,2,26,4294967295,25.62,1004.26,45.55,75.78,106.22,1
438240,208,219,354,805,2,26,4294967295,25.62,1004.26,45.56,75.71,106.30,1
439236,208,219,355,805,2,26,4294967295,25.62,1004.25,45.55,75.99,106.30,1
440232,209,219,355,805,2,26,4294967295,25.62,1004.25,45.55,75.92,106.30,1
441228,210,220,356,805,2,26,4294967295,25.62,1004.25,45.55,76.06,106.30,1
442224,210,220,356,805,2,26,4294967295,25.62,1004.25,45.55,75.85,106.22,1
443220,210,220,356,805,2,26,4294967295,25.62,1004.26,45.55,76.06,106.22,1
444216,209,220,356,805,2,24,4294967295,25.62,1004.26,45.55,76.06,106.22,1
445212,209,220,355,804,2,26,4294967295,25.62,1004.26,45.56,76.20,106.22,1
446208,208,219,355,804,2,26,4294967295,25.62,1004.26,45.54,76.26,106.22,1
447204,207,219,355,803,2,26,4294967295,25.62,1004.26,45.56,76.13,106.22,1
448200,208,219,355,803,2,26,4294967295,25.62,1004.26,45.55,76.26,106.22,1
449196,207,219,355,804,2,26,4294967295,25.62,1004.26,45.54,76.26,106.22,1
450192,206,219,354,803,2,25,4294967295,25.62,1004.26,45.53,76.20,106.13,1
451188,205,219,353,802,2,26,4294967295,25.62,1004.27,45.55,75.99,106.13,1
452184,205,219,353,802,2,25,4294967295,25.62,1004.27,45.55,76.13,106.22,1
453180,204,218,353,802,2,26,4294967295,25.62,1004.26,45.55,75.92,106.13,1
