timestamp,NO2,C2H50H,VOC,CO,Alcohol,LPG,Benzene,Temperature,Pressure,Humidity,Gas_Resistance,Altitude,State377484,221,304,457,812,1,22,4294967295,25.50,1018.19,20.21,158.61,-9.87,1
378480,218,304,455,812,2,20,4294967295,25.50,1018.19,20.21,160.73,-9.78,1
379476,217,304,453,811,1,22,4294967295,25.49,1018.18,20.20,160.58,-9.78,1
380472,215,303,451,811,2,21,4294967295,25.49,1018.18,20.19,161.19,-9.78,1
381468,212,302,448,811,1,21,4294967295,25.49,1018.18,20.19,163.70,-9.87,1
382464,210,302,446,811,2,21,4294967295,25.49,1018.19,20.20,164.34,-9.78,1
383460,209,302,445,811,2,22,4294967295,25.49,1018.18,20.21,164.34,-9.78,1
384456,207,301,443,811,2,21,4294967295,25.49,1018.18,20.26,164.34,-9.70,1
385452,206,301,441,811,3,21,4294967295,25.49,1018.17,20.28,164.99,-9.78,1
386448,205,300,439,811,2,21,4294967295,25.49,1018.18,20.30,165.80,-9.70,1
387444,203,299,437,811,2,21,4294967295,25.49,1018.17,20.33,166.46,-9.70,1
388440,202,299,435,810,2,21,4294967295,25.49,1018.17,20.36,167.96,-9.70,1
389436,200,298,433,810,2,21,4294967295,25.49,1018.17,20.39,167.12,-9.62,1
390432,199,298,431,810,2,21,4294967295,25.49,1018.16,20.41,168.97,-9.70,1
391428,198,297,429,809,2,21,4294967295,25.49,1018.17,20.43,169.48,-9.62,1
392424,197,297,427,810,1,21,4294967295,25.49,1018.16,20.46,170.34,-9.62,1
393420,195,297,426,809,1,21,4294967295,25.49,1018.16,20.48,171.03,-9.62,1
394416,193,296,424,811,2,21,4294967295,25.49,1018.16,20.50,171.21,-9.62,1
395412,192,296,423,810,1,22,4294967295,25.49,1018.16,20.51,171.73,-9.62,1
396408,190,296,421,810,1,21,4294967295,25.49,1018.16,20.53,171.56,-9.62,1
397404,190,295,420,810,2,21,4294967295,25.50,1018.16,20.55,172.26,-9.70,1
398400,189,295,418,811,1,21,4294967295,25.50,1018.17,20.56,171.73,-9.62,1
399396,189,294,416,810,1,21,4294967295,25.50,1018.16,20.57,172.26,-9.70,1
400392,189,295,415,811,1,21,4294967295,25.50,1018.17,20.58,173.50,-9.62,1
401388,189,295,414,811,1,21,4294967295,25.50,1018.16,20.60,172.97,-9.62,1
402384,189,294,413,811,2,20,4294967295,25.51,1018.16,20.60,172.79,-9.62,1
403380,188,294,411,812,2,21,4294967295,25.51,1018.16,20.61,174.22,-9.62,1
404376,188,294,411,811,1,21,4294967295,25.51,1018.16,20.62,174.77,-9.70,1
405372,187,294,409,812,2,21,4294967295,25.51,1018.17,20.62,173.50,-9.62,1
406368,186,293,408,812,2,20,4294967295,25.51,1018.16,20.61,174.22,-9.62,1
407364,186,293,407,811,2,21,4294967295,25.51,1018.16,20.62,175.13,-9.70,1
408360,185,293,407,812,2,20,4294967295,25.52,1018.17,20.60,175.31,-9.70,1
409356,184,293,404,812,1,20,4294967295,25.52,1018.17,20.60,174.58,-9.62,1
410352,185,293,403,812,2,20,4294967295,25.52,1018.16,20.59,176.05,-9.70,1
411348,184,293,403,812,1,21,4294967295,25.52,1018.17,20.58,176.23,-9.62,1
412344,185,292,402,812,1,21,4294967295,25.53,1018.16,20.57,175.50,-9.70,1
413340,184,292,402,812,1,21,4294967295,25.53,1018.17,20.57,176.79,-9.78,1
414336,183,291,400,813,1,21,4294967295,25.53,1018.18,20.56,177.35,-9.78,1
415332,183,292,399,812,1,21,4294967295,25.53,1018.18,20.55,176.42,-9.78,1
416328,183,292,399,812,1,21,4294967295,25.53,1018.18,20.54,177.91,-9.78,1
417324,183,292,397,813,1,21,4294967295,25.53,1018.18,20.54,176.79,-9.78,1
418320,183,292,397,813,1,21,4294967295,25.54,1018.18,20.54,176.60,-9.78,1
419316,183,291,396,812,1,20,4294967295,25.54,1018.18,20.53,178.10,-9.87,1
420312,183,291,396,812,1,20,4294967295,25.54,1018.19,20.53,178.86,-9.95,1
421308,183,291,394,812,2,21,4294967295,25.54,1018.20,20.52,178.10,-9.95,1
422304,182,291,395,813,1,21,4294967295,25.54,1018.20,20.53,178.29,-9.95,1
423300,182,291,393,812,1,20,4294967295,25.54,1018.20,20.51,179.24,-10.03,1
424296,183,290,394,812,1,20,4294967295,25.55,1018.21,20.51,179.05,-10.11,1
425292,183,290,393,812,1,21,4294967295,25.55,1018.22,20.51,178.67,-10.20,1
426288,182,290,393,812,1,21,4294967295,25.55,1018.23,20.51,179.43,-10.28,1
427284,184,290,392,813,1,21,4294967295,25.55,1018.24,20.50,180.59,-10.36,1
428280,184,289,392,813,1,20,4294967295,25.55,1018.25,20.51,179.05,-10.36,1
429276,183,289,391,813,1,20,4294967295,25.55,1018.25,20.51,179.62,-10.36,1
430272,183,289,391,812,2,20,4294967295,25.55,1018.25,20.53,180.00,-10.36,1
431268,184,289,390,812,1,20,4294967295,25.56,1018.25,20.51,180.20,-10.28,1
432264,184,289,390,812,1,20,4294967295,25.56,1018.24,20.52,178.67,-10.36,1
433260,183,289,390,811,1,20,4294967295,25.56,1018.25,20.53,180.20,-10.36,1
434256,184,288,390,812,1,20,4294967295,25.56,1018.25,20.53,179.43,-10.28,1
435252,184,288,390,812,2,21,4294967295,25.56,1018.24,20.53,180.39,-10.28,1
436248,185,288,390,812,1,20,4294967295,25.56,1018.24,20.53,180.00,-10.28,1
437244,185,288,390,813,1,20,4294967295,25.57,1018.24,20.52,179.62,-10.28,1
438240,186,287,390,813,1,21,4294967295,25.57,1018.24,20.53,179.24,-10.28,1
439236,185,287,390,813,1,21,4294967295,25.57,1018.24,20.52,179.05,-10.28,1
440232,186,288,390,813,1,21,4294967295,25.57,1018.24,20.53,180.59,-10.28,1
441228,186,287,389,812,1,20,4294967295,25.57,1018.24,20.53,181.56,-10.36,1
442224,188,287,389,813,1,20,4294967295,25.57,1018.25,20.52,181.17,-10.36,1
443220,187,288,390,812,2,20,4294967295,25.57,1018.25,20.52,179.43,-10.45,1
444216,188,288,390,812,1,21,4294967295,25.58,1018.26,20.51,181.17,-10.45,1
445212,189,287,390,813,1,20,4294967295,25.58,1018.26,20.51,181.95,-10.53,1
446208,190,287,391,813,1,20,4294967295,25.58,1018.27,20.50,181.76,-10.53,1
447204,190,287,391,812,1,23,4294967295,25.58,1018.27,20.48,181.56,-10.61,1
448200,191,287,390,813,1,20,4294967295,25.58,1018.28,20.48,181.36,-10.53,1
449196,192,287,391,812,1,20,4294967295,25.58,1018.27,20.48,180.78,-10.61,1
450192,192,287,391,813,2,20,4294967295,25.58,1018.28,20.46,181.76,-10.61,1
451188,193,287,390,813,1,21,4294967295,25.58,1018.28,20.46,181.36,-10.61,1
452184,193,286,392,812,2,20,4294967295,25.58,1018.28,20.47,181.56,-10.69,1
453180,192,287,392,812,1,20,4294967295,25.58,1018.29,20.46,181.76,-10.61,1
454176,193,286,392,812,1,20,4294967295,25.59,1018.28,20.46,180.59,-10.61,1
455172,194,287,392,813,1,20,4294967295,25.59,1018.28,20.47,181.17,-10.53,1
456168,194,287,392,813,1,20,4294967295,25.59,1018.27,20.47,180.20,-10.53,1
457164,195,286,392,812,1,21,4294967295,25.59,1018.27,20.47,180.00,-10.45,1
458160,194,286,392,813,1,19,4294967295,25.59,1018.26,20.46,180.97,-10.45,1
459156,195,286,393,812,1,20,4294967295,25.59,1018.26,20.45,180.97,-10.36,1
460152,195,286,392,813,1,20,4294967295,25.59,1018.25,20.44,180.97,-10.28,1
461148,195,286,392,812,1,20,4294967295,25.60,1018.24,20.44,181.76,-10.20,1
462144,196,285,392,812,1,19,4294967295,25.60,1018.23,20.43,182.15,-10.11,1
463140,196,285,392,813,2,21,4294967295,25.60,1018.22,20.41,182.15,-10.11,1
464136,196,285,392,812,1,23,4294967295,25.60,1018.22,20.40,181.36,-10.03,1
465132,196,286,392,812,1,20,4294967295,25.60,1018.21,20.40,181.36,-10.03,1
466128,196,286,392,812,1,20,4294967295,25.60,1018.21,20.40,181.76,-9.95,1
467124,197,286,392,813,1,20,4294967295,25.60,1018.20,20.40,182.55,-9.95,1
468120,197,284,392,812,1,20,4294967295,25.60,1018.20,20.40,182.55,-9.95,1
469116,197,285,392,812,1,20,4294967295,25.60,1018.20,20.41,182.15,-9.87,1
470112,196,284,391,812,1,21,4294967295,25.60,1018.19,20.39,180.97,-9.78,1
471108,196,285,391,812,1,19,4294967295,25.60,1018.18,20.40,181.56,-9.78,1
472104,197,285,391,812,1,20,4294967295,25.60,1018.18,20.40,181.56,-9.70,1
473100,196,285,392,812,1,21,4294967295,25.60,1018.17,20.41,180.97,-9.62,1
474096,196,284,391,811,2,20,4294967295,25.60,1018.16,20.42,181.56,-9.62,1
475092,197,285,391,812,1,20,4294967295,25.60,1018.16,20.42,180.97,-9.62,1
476088,197,285,391,811,1,20,4294967295,25.60,1018.16,20.43,181.36,-9.62,1
477084,197,284,391,812,2,20,4294967295,25.61,1018.16,20.43,181.17,-9.62,1
478080,197,284,391,811,2,20,4294967295,25.61,1018.16,20.44,181.36,-9.70,1
479076,197,284,391,812,1,20,4294967295,25.61,1018.17,20.44,181.36,-9.70,1
480072,198,284,390,812,2,20,4294967295,25.61,1018.17,20.45,181.17,-9.78,1
481068,198,283,391,812,1,20,4294967295,25.61,1018.18,20.44,181.76,-9.87,1
482064,198,284,392,812,1,20,4294967295,25.61,1018.19,20.43,180.97,-9.87,1
483060,198,283,392,812,1,21,4294967295,25.61,1018.19,20.43,181.76,-9.95,1
484056,199,284,392,812,1,20,4294967295,25.61,1018.20,20.44,180.59,-9.95,1
485052,199,283,392,811,1,21,4294967295,25.61,1018.20,20.43,180.97,-9.95,1
486048,199,283,392,811,1,20,4294967295,25.61,1018.20,20.43,181.95,-9.95,1
487044,199,284,393,811,1,21,4294967295,25.61,1018.20,20.43,181.36,-9.95,1
488040,200,283,393,811,1,20,4294967295,25.61,1018.20,20.42,181.17,-9.87,1
489036,200,283,393,811,1,20,4294967295,25.61,1018.19,20.43,180.97,-9.87,1
490032,200,283,392,812,1,20,4294967295,25.62,1018.19,20.42,180.78,-9.87,1
491028,200,284,393,812,1,23,4294967295,25.62,1018.19,20.42,181.17,-9.87,1
492024,201,284,393,812,2,20,4294967295,25.62,1018.19,20.42,180.78,-9.87,1
493020,200,284,394,812,1,20,4294967295,25.62,1018.19,20.43,180.78,-9.87,1
494016,200,283,394,811,1,20,4294967295,25.62,1018.19,20.42,180.39,-9.78,1
495012,201,283,394,812,2,21,4294967295,25.62,1018.18,20.43,180.97,-9.78,1
496008,202,283,395,812,2,20,4294967295,25.62,1018.18,20.43,180.20,-9.78,1
497004,202,283,394,812,1,20,4294967295,25.62,1018.18,20.43,180.39,-9.78,1
498000,201,283,394,812,1,20,4294967295,25.62,1018.18,20.44,180.20,-9.78,1
498996,202,283,395,812,1,20,4294967295,25.62,1018.18,20.44,179.43,-9.78,1
499992,202,283,395,811,1,20,4294967295,25.62,1018.18,20.45,179.62,-9.78,1
500988,202,283,395,812,1,19,4294967295,25.62,1018.18,20.46,179.05,-9.78,1
501984,202,282,394,812,1,21,4294967295,25.62,1018.18,20.46,177.16,-9.78,1
502980,203,283,396,812,1,21,4294967295,25.62,1018.18,20.49,178.29,-9.87,1
503976,202,283,395,812,1,18,4294967295,25.62,1018.19,20.49,176.97,-9.87,1
504972,203,282,395,812,1,19,4294967295,25.62,1018.19,20.49,176.42,-9.78,1
505968,202,283,395,811,1,20,4294967295,25.63,1018.18,20.50,175.68,-9.87,1
506964,203,283,395,812,1,20,4294967295,25.63,1018.19,20.51,176.60,-9.78,1
507960,203,283,396,812,1,20,4294967295,25.63,1018.18,20.52,176.05,-9.78,1
508956,203,283,396,812,1,20,4294967295,25.63,1018.18,20.52,175.50,-9.70,1
509952,203,283,397,812,1,20,4294967295,25.63,1018.17,20.51,176.42,-9.62,1
510948,203,282,397,812,1,20,4294967295,25.63,1018.16,20.50,175.68,-9.62,1
511944,204,283,397,812,1,22,4294967295,25.63,1018.16,20.51,176.05,-9.70,1
512940,204,283,397,812,1,20,4294967295,25.63,1018.17,20.50,176.23,-9.70,1
513936,204,282,397,812,2,20,4294967295,25.63,1018.17,20.50,176.05,-9.70,1
514932,204,283,397,813,1,21,4294967295,25.63,1018.17,20.49,175.50,-9.62,1
515928,204,282,398,813,1,20,4294967295,25.63,1018.16,20.47,177.16,-9.62,1
516924,204,283,398,813,1,20,4294967295,25.63,1018.16,20.48,176.79,-9.62,1
517920,205,283,399,813,2,20,4294967295,25.63,1018.16,20.47,174.77,-9.62,1
518916,205,283,399,813,1,21,4294967295,25.63,1018.16,20.46,176.05,-9.54,1
519912,206,283,398,813,1,20,4294967295,25.63,1018.15,20.46,175.86,-9.54,1
520908,206,283,400,813,2,21,4294967295,25.63,1018.15,20.47,174.77,-9.45,1
521904,207,283,400,814,1,20,4294967295,25.63,1018.14,20.47,175.31,-9.45,1
522900,207,283,400,813,1,20,4294967295,25.63,1018.14,20.49,174.58,-9.37,1
523896,207,283,400,813,1,21,4294967295,25.63,1018.13,20.49,176.05,-9.37,1
524892,208,283,401,813,2,21,4294967295,25.63,1018.13,20.47,175.31,-9.37,1
525888,207,283,402,813,1,20,4294967295,25.64,1018.13,20.47,175.50,-9.29,1
526884,208,283,402,812,1,19,4294967295,25.64,1018.12,20.46,175.31,-9.37,1
527880,209,283,402,812,2,20,4294967295,25.64,1018.13,20.46,174.95,-9.37,1
528876,209,283,403,812,1,20,4294967295,25.64,1018.13,20.46,174.58,-9.29,1
529872,209,283,403,813,1,20,4294967295,25.64,1018.12,20.45,175.13,-9.29,1
530868,210,283,404,812,1,20,4294967295,25.64,1018.12,20.44,174.22,-9.20,1
531864,209,283,404,813,1,22,4294967295,25.64,1018.11,20.45,174.04,-9.20,1
532860,209,283,404,813,1,21,4294967295,25.64,1018.11,20.45,174.04,-9.20,1
533856,210,283,405,813,1,20,4294967295,25.64,1018.11,20.47,174.40,-9.29,1
534852,211,283,404,813,1,20,4294967295,25.64,1018.12,20.45,173.68,-9.20,1
535848,211,283,405,812,1,19,4294967295,25.64,1018.11,20.44,173.50,-9.20,1
536844,211,283,406,812,1,21,4294967295,25.64,1018.11,20.44,174.04,-9.20,1
537840,211,283,406,813,1,20,4294967295,25.64,1018.11,20.44,174.40,-9.20,1
538836,211,283,407,813,1,21,4294967295,25.64,1018.11,20.44,174.40,-9.20,1
539832,211,283,407,812,1,20,4294967295,25.64,1018.11,20.44,173.68,-9.12,1
540828,212,284,407,813,1,21,4294967295,25.64,1018.10,20.46,173.68,-9.12,1
541824,213,283,407,813,1,20,4294967295,25.64,1018.10,20.47,172.79,-9.12,1
542820,213,284,407,813,1,20,4294967295,25.65,1018.10,20.49,172.26,-9.12,1
543816,213,284,408,814,1,21,4294967295,25.64,1018.10,20.51,169.99,-9.12,1
544812,213,284,408,814,2,20,4294967295,25.64,1018.10,20.53,170.51,-9.12,1
545808,214,284,409,814,1,20,4294967295,25.65,1018.10,20.53,169.99,-9.12,1
546804,213,284,409,813,2,20,4294967295,25.64,1018.10,20.54,169.31,-9.20,1
547800,214,284,409,813,1,20,4294967295,25.65,1018.11,20.54,168.63,-9.20,1
548796,214,284,410,813,1,20,4294967295,25.65,1018.11,20.55,167.29,-9.12,1
549792,214,284,410,814,2,21,4294967295,25.65,1018.10,20.55,166.62,-9.12,1
550788,214,284,410,813,1,20,4294967295,25.65,1018.10,20.54,167.46,-9.12,1
551784,215,284,411,814,1,19,4294967295,25.65,1018.10,20.54,166.96,-9.12,1
552780,215,284,411,814,2,20,4294967295,25.65,1018.10,20.52,166.46,-9.12,1
553776,215,284,412,815,1,20,4294967295,25.65,1018.10,20.52,166.62,-9.04,1
554772,216,285,412,815,1,20,4294967295,25.65,1018.09,20.50,166.29,-9.04,1
555768,216,285,412,815,1,22,4294967295,25.65,1018.09,20.50,165.31,-8.95,1
556764,216,285,413,815,1,22,4294967295,25.65,1018.08,20.49,165.80,-8.95,1
557760,217,284,414,814,1,21,4294967295,25.65,1018.08,20.49,166.13,-8.95,1
558756,217,285,413,815,1,21,4294967295,25.65,1018.08,20.47,165.15,-8.95,1
559752,218,285,414,814,1,20,4294967295,25.65,1018.08,20.48,165.64,-9.04,1
560748,216,285,414,815,1,24,4294967295,25.65,1018.09,20.48,164.99,-9.04,1
561744,217,285,415,814,1,21,4294967295,25.65,1018.09,20.50,165.31,-9.04,1
562740,217,285,415,815,1,20,4294967295,25.65,1018.09,20.50,164.99,-9.04,1
563736,217,285,415,815,1,21,4294967295,25.65,1018.09,20.51,164.18,-9.12,1
564732,217,285,415,815,1,21,4294967295,25.65,1018.10,20.50,164.83,-9.12,1
565728,218,286,414,815,1,21,4294967295,25.65,1018.10,20.50,164.34,-9.12,1
566724,218,286,415,815,2,20,4294967295,25.65,1018.10,20.51,164.02,-9.12,1
567720,218,285,416,815,2,21,4294967295,25.65,1018.10,20.52,163.23,-9.04,1
568716,218,285,415,815,1,21,4294967295,25.65,1018.09,20.53,162.60,-9.04,1
569712,218,286,416,816,1,20,4294967295,25.65,1018.09,20.54,162.91,-9.04,1
570708,218,286,417,815,1,21,4294967295,25.65,1018.09,20.53,161.19,-9.04,1
571704,218,286,416,815,1,20,4294967295,25.65,1018.09,20.53,161.81,-9.04,1
572700,218,286,416,816,2,21,4294967295,25.65,1018.09,20.54,161.66,-9.04,1
573696,219,285,417,814,1,20,4294967295,25.65,1018.09,20.53,160.73,-9.04,1
574692,219,286,417,815,1,20,4294967295,25.65,1018.09,20.54,159.66,-9.04,1
575688,219,286,417,815,1,21,4294967295,25.65,1018.09,20.53,160.73,-9.04,1
576684,219,286,418,815,1,20,4294967295,25.65,1018.09,20.53,160.27,-9.04,1
577680,219,286,416,814,1,21,4294967295,25.65,1018.09,20.54,159.97,-9.04,1
578676,218,285,418,815,1,20,4294967295,25.65,1018.09,20.53,159.97,-9.04,1
579672,218,286,417,815,2,21,4294967295,25.65,1018.09,20.55,159.06,-9.04,1
580668,218,286,416,814,1,19,4294967295,25.65,1018.09,20.57,157.86,-9.12,1
581664,217,286,417,815,1,20,4294967295,25.65,1018.10,20.59,158.01,-9.20,1
582660,217,286,418,815,1,20,4294967295,25.66,1018.11,20.60,157.27,-9.20,1
583656,218,286,418,815,2,21,4294967295,25.66,1018.11,20.63,157.27,-9.20,1
584652,218,287,417,815,1,20,4294967295,25.66,1018.11,20.62,155.81,-9.20,1
585648,218,286,418,815,1,20,4294967295,25.66,1018.11,20.63,155.96,-9.20,1
586644,217,287,418,815,1,20,4294967295,25.66,1018.11,20.64,156.10,-9.20,1
587640,219,286,418,815,1,20,4294967295,25.66,1018.11,20.65,156.54,-9.20,1
588636,219,287,419,815,1,21,4294967295,25.66,1018.11,20.64,156.54,-9.29,1
589632,218,287,418,815,1,20,4294967295,25.66,1018.12,20.64,156.98,-9.20,1
590628,219,287,419,815,1,21,4294967295,25.66,1018.11,20.62,157.13,-9.20,1
591624,219,287,419,815,1,21,4294967295,25.66,1018.11,20.60,157.57,-9.20,1
592620,219,286,419,816,1,20,4294967295,25.66,1018.11,20.59,157.71,-9.20,1
593616,220,287,420,816,1,20,4294967295,25.66,1018.11,20.60,157.42,-9.20,1
594612,220,287,419,816,1,20,4294967295,25.66,1018.11,20.61,156.83,-9.20,1
595608,220,287,420,816,1,20,4294967295,25.66,1018.11,20.62,156.25,-9.20,1
596604,219,288,420,815,1,20,4294967295,25.66,1018.11,20.64,154.95,-9.04,1
597600,221,287,420,816,1,20,4294967295,25.66,1018.09,20.66,153.26,-9.04,1
598596,220,288,420,815,1,20,4294967295,25.66,1018.09,20.69,152.70,-9.04,1
599592,220,287,420,816,1,20,4294967295,25.66,1018.09,20.69,152.43,-8.95,1
0,220,288,420,816,1,20,4294967295,25.66,1018.08,20.71,151.74,-8.87,1
996,220,288,421,815,1,19,4294967295,25.58,1018.07,20.73,141.40,-8.87,1
1992,221,287,421,815,1,20,4294967295,25.57,1018.07,20.76,141.52,-8.87,1
2988,221,288,421,815,1,21,4294967295,25.57,1018.07,20.77,141.40,-8.87,1
3984,222,288,422,815,1,21,4294967295,25.58,1018.07,20.78,141.40,-8.87,1
4980,221,288,421,815,1,20,4294967295,25.59,1018.07,20.79,141.16,-8.95,1
5976,221,288,422,816,1,22,4294967295,25.60,1018.08,20.80,141.64,-9.04,1
6972,222,288,422,815,1,20,4294967295,25.61,1018.09,20.80,140.81,-9.12,1
7968,222,288,422,816,1,20,4294967295,25.62,1018.10,20.81,140.34,-9.12,1
8964,223,288,424,816,1,20,4294967295,25.63,1018.10,20.84,139.52,-9.12,1
9960,222,287,423,816,1,22,4294967295,25.63,1018.10,20.85,138.83,-9.20,1
10956,222,289,424,816,1,21,4294967295,25.64,1018.11,20.87,137.81,-9.20,1
11952,223,288,424,815,1,20,4294967295,25.64,1018.11,20.88,138.37,-9.20,1
12948,223,289,424,815,1,21,4294967295,25.65,1018.11,20.86,137.47,-9.29,1
13944,223,289,425,816,1,20,4294967295,25.65,1018.12,20.85,136.69,-9.29,1
14940,224,289,425,816,1,20,4294967295,25.65,1018.12,20.83,138.03,-9.29,1
15936,223,289,426,816,1,20,4294967295,25.65,1018.12,20.81,138.49,-9.20,1
16932,223,289,426,816,1,21,4294967295,25.65,1018.11,20.79,138.60,-9.29,1
17928,224,289,427,815,1,20,4294967295,25.65,1018.12,20.77,137.58,-9.20,1
18924,224,289,426,815,1,20,4294967295,25.65,1018.11,20.76,138.26,-9.20,1
19920,224,289,427,815,1,20,4294967295,25.65,1018.11,20.75,138.37,-9.12,1
20916,224,289,426,816,2,20,4294967295,25.66,1018.10,20.75,138.83,-9.04,1
21912,225,290,428,815,1,20,4294967295,25.66,1018.09,20.75,138.49,-9.12,1
22908,226,289,428,816,1,20,4294967295,25.66,1018.10,20.77,137.02,-9.12,1
23904,226,289,429,816,1,20,4294967295,25.66,1018.10,20.79,137.24,-9.12,1
24900,226,289,429,816,1,21,4294967295,25.66,1018.10,20.79,136.57,-9.12,1
25896,226,290,429,816,1,21,4294967295,25.66,1018.10,20.81,135.91,-9.04,1
26892,227,289,429,816,1,20,4294967295,25.66,1018.09,20.82,135.69,-9.04,1
27888,227,290,429,815,1,21,4294967295,25.66,1018.09,20.81,135.47,-9.04,1
28884,226,290,430,816,1,20,4294967295,25.66,1018.09,20.80,136.80,-9.04,1
29880,227,290,430,817,1,20,4294967295,25.66,1018.09,20.79,137.36,-8.95,1
30876,226,290,431,817,1,20,4294967295,25.66,1018.08,20.77,137.47,-8.95,1
31872,228,290,431,817,1,20,4294967295,25.66,1018.08,20.77,138.03,-8.95,1
32868,227,290,432,817,1,20,4294967295,25.66,1018.08,20.75,137.47,-8.95,1
33864,228,290,432,817,1,20,4294967295,25.66,1018.08,20.75,138.03,-9.04,1
34860,228,291,433,816,2,21,4294967295,25.66,1018.09,20.74,139.18,-9.04,1
35856,229,291,432,816,1,20,4294967295,25.66,1018.09,20.75,138.49,-8.95,1
36852,229,291,433,816,1,21,4294967295,25.66,1018.08,20.74,138.95,-9.04,1
37848,229,291,433,817,1,21,4294967295,25.66,1018.09,20.75,139.64,-9.04,1
38844,228,291,434,816,1,20,4294967295,25.66,1018.09,20.74,138.83,-9.04,1
39840,230,291,433,816,2,20,4294967295,25.66,1018.09,20.77,138.72,-9.04,1
40836,229,291,434,815,1,20,4294967295,25.66,1018.09,20.78,139.29,-9.04,1
41832,229,291,435,817,1,21,4294967295,25.66,1018.09,20.79,137.92,-9.12,1
42828,229,291,435,817,1,20,4294967295,25.66,1018.10,20.80,138.26,-9.04,1
43824,230,291,435,816,1,22,4294967295,25.66,1018.09,20.80,137.47,-9.04,1
44820,230,291,436,816,1,19,4294967295,25.66,1018.09,20.80,136.80,-9.12,1
45816,230,291,435,817,1,20,4294967295,25.66,1018.10,20.79,138.03,-9.04,1
46812,230,291,436,817,1,20,4294967295,25.66,1018.09,20.78,138.49,-9.12,1
47808,230,292,435,817,1,20,4294967295,25.66,1018.10,20.77,139.41,-9.12,1
48804,230,292,436,817,1,20,4294967295,25.66,1018.10,20.74,138.60,-9.12,1
49800,230,292,436,816,1,20,4294967295,25.66,1018.10,20.74,138.83,-9.12,1
50796,231,293,437,817,2,20,4294967295,25.66,1018.10,20.73,139.18,-9.12,1
51792,231,292,437,817,1,19,4294967295,25.66,1018.10,20.72,139.87,-9.12,1
52788,231,292,438,816,1,21,4294967295,25.67,1018.10,20.71,139.41,-9.12,1
53784,231,292,437,817,1,20,4294967295,25.67,1018.10,20.68,139.18,-9.12,1
54780,232,293,437,817,1,21,4294967295,25.67,1018.10,20.67,139.99,-9.12,1
55776,231,292,438,817,1,20,4294967295,25.67,1018.10,20.65,140.34,-9.12,1
56772,231,293,438,816,1,20,4294967295,25.67,1018.10,20.65,140.10,-9.12,1
57768,231,292,439,818,1,20,4294967295,25.67,1018.10,20.64,140.46,-9.04,1
58764,233,293,438,816,1,20,4294967295,25.67,1018.09,20.62,140.93,-9.12,1
59760,232,294,439,817,1,20,4294967295,25.67,1018.10,20.61,142.12,-9.12,1
60756,233,293,439,817,1,21,4294967295,25.67,1018.10,20.59,142.60,-9.04,1
61752,232,293,440,817,1,21,4294967295,25.67,1018.09,20.57,142.96,-8.95,1
62748,233,293,440,818,1,20,4294967295,25.67,1018.08,20.58,142.36,-9.04,1
63744,233,293,440,818,1,21,4294967295,25.67,1018.09,20.60,142.24,-9.04,1
64740,234,294,441,818,1,20,4294967295,25.67,1018.09,20.61,143.21,-9.12,1
65736,234,294,442,818,1,20,4294967295,25.67,1018.10,20.61,143.33,-9.12,1
66732,233,294,442,818,1,21,4294967295,25.67,1018.10,20.60,143.57,-9.12,1
67728,235,294,443,817,1,20,4294967295,25.67,1018.10,20.59,142.72,-9.04,1
68724,235,294,442,818,2,22,4294967295,25.67,1018.09,20.60,143.70,-9.04,1
69720,234,294,443,817,2,20,4294967295,25.67,1018.09,20.62,142.96,-9.04,1
70716,234,295,443,817,1,20,4294967295,25.67,1018.09,20.63,142.84,-8.95,1
71712,235,295,443,818,1,20,4294967295,25.67,1018.08,20.63,142.84,-8.95,1
72708,235,295,443,818,2,20,4294967295,25.67,1018.08,20.64,142.48,-8.95,1
73704,235,295,443,817,1,20,4294967295,25.67,1018.08,20.65,142.24,-8.95,1
74700,235,295,443,817,2,21,4294967295,25.67,1018.08,20.64,142.84,-8.95,1
75696,235,295,444,818,1,21,4294967295,25.67,1018.08,20.64,143.33,-8.95,1
76692,235,295,444,818,1,20,4294967295,25.67,1018.08,20.63,143.33,-8.95,1
77688,236,295,444,818,1,20,4294967295,25.67,1018.08,20.62,143.45,-8.95,1
78684,235,295,445,817,1,20,4294967295,25.67,1018.08,20.61,144.31,-8.87,1
79680,235,295,445,817,1,20,4294967295,25.67,1018.07,20.58,144.68,-8.95,1
80676,236,295,445,817,1,21,4294967295,25.67,1018.08,20.58,145.31,-8.87,1
81672,235,295,446,817,1,22,4294967295,25.67,1018.07,20.57,145.06,-8.87,1
82668,236,296,446,817,1,20,4294967295,25.67,1018.07,20.58,143.82,-8.87,1
83664,237,296,446,818,1,20,4294967295,25.67,1018.07,20.62,143.57,-8.87,1
84660,236,296,446,818,1,21,4294967295,25.67,1018.07,20.66,142.36,-8.87,1
85656,236,296,446,818,1,21,4294967295,25.67,1018.07,20.66,141.76,-8.87,1
86652,237,296,445,818,1,20,4294967295,25.67,1018.07,20.67,141.40,-8.79,1
87648,236,297,446,818,1,20,4294967295,25.67,1018.06,20.68,140.93,-8.79,1
88644,237,297,447,818,1,20,4294967295,25.67,1018.06,20.66,141.52,-8.79,1
89640,237,297,447,818,1,21,4294967295,25.67,1018.06,20.66,142.36,-8.79,1
90636,237,296,448,819,1,21,4294967295,25.67,1018.06,20.65,143.33,-8.79,1
91632,237,297,448,819,1,20,4294967295,25.67,1018.06,20.62,144.06,-8.79,1
92628,238,296,448,818,1,21,4294967295,25.67,1018.06,20.61,143.70,-8.71,1
93624,237,297,448,818,1,20,4294967295,25.67,1018.05,20.61,144.06,-8.71,1
94620,238,297,448,818,1,21,4294967295,25.67,1018.05,20.63,143.21,-8.62,1
95616,237,297,449,819,1,19,4294967295,25.67,1018.04,20.65,142.72,-8.62,1
96612,239,298,449,819,1,21,4294967295,25.67,1018.04,20.66,141.64,-8.71,1
97608,238,298,450,820,1,20,4294967295,25.67,1018.05,20.67,142.12,-8.71,1
98604,238,298,451,819,1,21,4294967295,25.67,1018.05,20.65,142.00,-8.71,1
99600,239,298,451,820,1,19,4294967295,25.67,1018.05,20.65,142.24,-8.62,1
100596,238,298,451,820,1,21,4294967295,25.67,1018.04,20.65,141.64,-8.62,1
101592,239,299,451,819,1,20,4294967295,25.67,1018.04,20.66,140.93,-8.71,1
102588,239,298,452,820,1,21,4294967295,25.67,1018.05,20.64,141.04,-8.79,1
103584,239,299,451,820,1,19,4294967295,25.67,1018.06,20.65,141.88,-8.79,1
104580,239,299,452,819,1,20,4294967295,25.67,1018.06,20.65,141.40,-8.71,1
105576,239,299,452,819,1,21,4294967295,25.67,1018.05,20.66,140.93,-8.71,1
106572,239,299,452,819,1,20,4294967295,25.67,1018.05,20.66,141.04,-8.71,1
107568,240,299,453,819,2,20,4294967295,25.67,1018.05,20.65,141.76,-8.71,1
108564,239,299,453,820,1,20,4294967295,25.67,1018.05,20.65,141.52,-8.71,1
109560,240,300,454,820,1,19,4294967295,25.67,1018.05,20.64,142.84,-8.71,1
110556,240,299,453,820,2,20,4294967295,25.67,1018.05,20.64,142.12,-8.62,1
111552,239,299,454,820,1,21,4294967295,25.67,1018.04,20.63,142.72,-8.62,1
112548,240,300,454,820,1,20,4294967295,25.67,1018.04,20.62,142.60,-8.62,1
113544,241,300,454,820,1,20,4294967295,25.67,1018.04,20.60,143.09,-8.62,1
114540,241,300,454,821,1,20,4294967295,25.67,1018.04,20.60,143.82,-8.62,1
115536,240,300,455,820,1,20,4294967295,25.67,1018.04,20.59,143.82,-8.54,1
116532,240,300,454,820,1,20,4294967295,25.67,1018.03,20.59,143.70,-8.54,1
117528,240,301,455,820,1,20,4294967295,25.67,1018.03,20.60,143.21,-8.62,1
118524,241,300,455,821,1,20,4294967295,25.67,1018.04,20.60,142.84,-8.54,1
119520,240,301,454,821,1,20,4294967295,25.67,1018.03,20.63,142.12,-8.46,1
120516,240,301,455,821,2,20,4294967295,25.67,1018.02,20.64,142.48,-8.46,1
121512,241,301,456,821,1,23,4294967295,25.67,1018.02,20.65,142.60,-8.46,1
122508,241,301,456,821,1,21,4294967295,25.67,1018.02,20.65,141.52,-8.37,1
123504,241,300,456,821,1,20,4294967295,25.67,1018.01,20.65,143.57,-8.37,1
124500,241,301,456,821,1,21,4294967295,25.67,1018.01,20.65,143.33,-8.37,1
125496,241,301,456,821,1,21,4294967295,25.67,1018.01,20.63,143.57,-8.37,1
126492,240,301,457,821,1,20,4294967295,25.67,1018.01,20.62,144.31,-8.37,1
127488,241,302,456,822,1,21,4294967295,25.67,1018.01,20.60,144.56,-8.37,1
128484,241,301,457,822,2,20,4294967295,25.67,1018.01,20.60,143.94,-8.46,1
129480,241,302,457,821,1,20,4294967295,25.67,1018.02,20.57,145.31,-8.46,1
130476,242,302,457,821,1,23,4294967295,25.67,1018.02,20.58,145.31,-8.46,1
131472,242,302,458,822,1,20,4294967295,25.67,1018.02,20.60,144.81,-8.37,1
132468,242,302,458,821,1,21,4294967295,25.67,1018.01,20.60,144.31,-8.54,1
133464,242,303,458,822,1,20,4294967295,25.67,1018.03,20.61,144.19,-8.54,1
134460,243,303,459,822,1,21,4294967295,25.67,1018.03,20.62,144.68,-8.62,1
135456,243,302,459,823,1,21,4294967295,25.67,1018.04,20.62,145.06,-8.54,1
136452,243,303,459,822,1,20,4294967295,25.67,1018.03,20.64,145.06,-8.54,1
137448,242,303,460,823,1,21,4294967295,25.66,1018.03,20.65,144.81,-8.54,1
138444,242,303,459,822,1,20,4294967295,25.66,1018.03,20.66,144.44,-8.62,1
139440,243,303,460,822,1,20,4294967295,25.66,1018.04,20.68,144.93,-8.71,1
140436,243,304,461,822,1,21,4294967295,25.67,1018.05,20.70,144.68,-8.71,1
141432,243,304,461,823,1,20,4294967295,25.67,1018.05,20.70,144.93,-8.71,1
142428,243,303,461,822,1,20,4294967295,25.67,1018.05,20.72,143.57,-8.62,1
143424,243,303,462,823,1,20,4294967295,25.66,1018.04,20.71,144.56,-8.71,1
144420,242,303,463,823,2,20,4294967295,25.66,1018.05,20.70,144.31,-8.71,1
145416,243,303,463,823,2,21,4294967295,25.66,1018.05,20.70,145.44,-8.71,1
146412,244,304,465,824,1,20,4294967295,25.66,1018.05,20.69,145.81,-8.71,1
147408,244,304,465,823,1,20,4294967295,25.66,1018.05,20.67,146.58,-8.71,1
148404,244,304,465,824,1,20,4294967295,25.66,1018.05,20.66,147.35,-8.79,1
149400,244,304,466,824,1,22,4294967295,25.66,1018.06,20.65,148.00,-8.79,1
150396,244,304,465,823,1,21,4294967295,25.66,1018.06,20.62,148.65,-8.79,1
151392,244,304,465,823,1,19,4294967295,25.66,1018.06,20.62,148.78,-8.87,1
152388,245,304,466,823,1,21,4294967295,25.66,1018.07,20.60,148.65,-8.87,1
153384,245,304,467,824,1,20,4294967295,25.66,1018.07,20.60,148.52,-8.87,1
154380,244,304,466,823,1,23,4294967295,25.66,1018.07,20.62,148.13,-8.87,1
155376,245,305,467,824,1,20,4294967295,25.66,1018.07,20.63,147.61,-8.87,1
156372,245,304,468,824,1,20,4294967295,25.66,1018.07,20.64,147.74,-8.79,1
157368,245,305,468,824,1,20,4294967295,25.66,1018.06,20.63,148.39,-8.79,1
158364,245,305,467,824,1,20,4294967295,25.66,1018.06,20.63,147.35,-8.79,1
159360,246,305,467,824,1,20,4294967295,25.66,1018.06,20.63,147.87,-8.79,1
160356,245,305,469,824,1,20,4294967295,25.66,1018.06,20.63,147.74,-8.79,1
161352,245,305,468,824,1,20,4294967295,25.66,1018.06,20.63,147.35,-8.79,1
162348,245,305,468,824,1,21,4294967295,25.66,1018.06,20.65,147.09,-8.71,1
163344,246,305,469,825,1,20,4294967295,25.66,1018.05,20.66,144.93,-8.71,1
164340,247,306,469,825,2,20,4294967295,25.66,1018.05,20.66,145.18,-8.71,1
165336,246,306,469,824,1,20,4294967295,25.66,1018.05,20.66,145.44,-8.79,1
166332,247,306,470,825,1,21,4294967295,25.66,1018.06,20.66,144.56,-8.79,1
167328,247,306,470,825,1,20,4294967295,25.66,1018.06,20.65,145.31,-8.79,1
168324,247,307,470,824,1,21,4294967295,25.66,1018.06,20.65,144.31,-8.71,1
169320,248,306,471,826,1,20,4294967295,25.66,1018.05,20.66,143.82,-8.71,1
170316,248,307,471,825,1,20,4294967295,25.66,1018.05,20.68,142.84,-8.71,1
171312,248,307,471,825,1,20,4294967295,25.66,1018.05,20.68,142.84,-8.71,1
172308,248,307,471,825,1,21,4294967295,25.66,1018.05,20.70,142.24,-8.71,1
173304,248,308,471,826,1,20,4294967295,25.66,1018.05,20.73,140.93,-8.71,1
174300,248,307,471,826,1,20,4294967295,25.66,1018.05,20.74,139.75,-8.71,1
175296,249,307,472,826,1,20,4294967295,25.66,1018.05,20.77,139.75,-8.71,1
176292,249,308,473,826,2,21,4294967295,25.66,1018.05,20.80,138.60,-8.62,1
177288,249,308,473,826,2,21,4294967295,25.66,1018.04,20.82,136.80,-8.71,1
178284,249,308,473,827,1,20,4294967295,25.66,1018.05,20.84,136.57,-8.71,1
179280,249,308,474,827,1,20,4294967295,25.66,1018.05,20.88,135.04,-8.71,1
180276,249,308,475,826,1,20,4294967295,25.66,1018.05,20.89,134.28,-8.87,1
181272,249,308,475,826,1,20,4294967295,25.66,1018.07,20.91,133.22,-8.87,1
182268,250,308,474,826,1,20,4294967295,25.66,1018.07,20.91,134.18,-8.79,1
183264,249,308,474,826,2,23,4294967295,25.66,1018.06,20.91,133.22,-8.87,1
184260,249,309,475,826,1,20,4294967295,25.66,1018.07,20.90,133.54,-8.87,1
185256,249,309,475,826,1,21,4294967295,25.66,1018.07,20.90,132.90,-8.87,1
186252,250,309,476,826,1,21,4294967295,25.66,1018.07,20.91,132.49,-8.95,1
187248,250,309,476,826,2,20,4294967295,25.66,1018.08,20.91,131.55,-8.95,1
188244,251,309,477,827,1,20,4294967295,25.66,1018.08,20.92,131.35,-8.95,1
189240,250,309,477,827,1,20,4294967295,25.66,1018.08,20.92,130.84,-8.95,1
190236,251,309,478,827,1,20,4294967295,25.66,1018.08,20.92,131.45,-8.95,1
191232,251,310,478,826,1,20,4294967295,25.66,1018.08,20.91,132.07,-8.95,1
192228,251,309,478,827,1,21,4294967295,25.66,1018.08,20.88,133.01,-8.95,1
193224,250,310,478,827,1,20,4294967295,25.66,1018.08,20.86,133.64,-9.04,1
194220,251,310,478,827,1,20,4294967295,25.66,1018.09,20.86,133.54,-8.95,1
195216,251,310,478,826,1,20,4294967295,25.66,1018.08,20.84,133.33,-9.04,1
196212,250,310,477,827,1,20,4294967295,25.66,1018.09,20.82,133.54,-9.04,1
197208,250,310,477,826,1,21,4294967295,25.66,1018.09,20.81,133.86,-9.04,1
198204,251,310,477,827,1,23,4294967295,25.66,1018.09,20.81,133.12,-9.04,1
199200,250,310,477,826,1,20,4294967295,25.66,1018.09,20.79,134.28,-8.95,1
200196,251,311,477,827,1,21,4294967295,25.66,1018.08,20.78,134.82,-9.04,1
201192,251,310,477,826,1,20,4294967295,25.66,1018.09,20.75,134.82,-8.95,1
202188,251,310,477,826,1,23,4294967295,25.66,1018.08,20.75,135.47,-8.95,1
203184,250,311,478,827,1,20,4294967295,25.66,1018.08,20.71,136.24,-9.04,1
204180,250,311,477,826,1,20,4294967295,25.66,1018.09,20.70,136.57,-9.04,1
205176,250,311,477,827,1,20,4294967295,25.66,1018.09,20.68,137.92,-9.04,1
206172,250,311,478,827,1,23,4294967295,25.66,1018.09,20.68,137.92,-9.04,1
207168,251,311,478,827,1,20,4294967295,25.66,1018.09,20.66,138.83,-9.04,1
208164,251,311,478,827,1,19,4294967295,25.66,1018.09,20.66,139.06,-9.04,1
209160,251,312,478,827,1,20,4294967295,25.66,1018.09,20.64,139.75,-9.04,1
210156,251,312,479,826,2,20,4294967295,25.66,1018.09,20.63,140.57,-9.12,1
211152,252,312,479,827,1,21,4294967295,25.66,1018.10,20.62,140.34,-9.12,1
212148,251,312,478,827,1,20,4294967295,25.66,1018.10,20.61,140.69,-9.12,1
213144,251,312,478,827,2,20,4294967295,25.66,1018.10,20.61,139.29,-9.04,1
214140,251,312,479,826,1,20,4294967295,25.66,1018.09,20.61,139.29,-9.12,1
215136,251,312,478,827,1,22,4294967295,25.66,1018.10,20.62,138.60,-9.12,1
216132,250,313,478,826,1,20,4294967295,25.66,1018.10,20.64,138.49,-9.12,1
217128,251,312,479,826,1,20,4294967295,25.66,1018.10,20.66,138.26,-9.12,1
218124,251,313,478,827,1,21,4294967295,25.66,1018.10,20.65,138.37,-9.12,1
219120,251,313,479,827,1,21,4294967295,25.66,1018.10,20.65,138.60,-9.12,1
220116,252,313,479,827,2,20,4294967295,25.66,1018.10,20.64,139.75,-9.12,1
221112,252,313,479,826,1,20,4294967295,25.66,1018.10,20.63,139.75,-9.04,1
222108,251,313,479,826,1,20,4294967295,25.66,1018.09,20.63,139.87,-9.04,1
223104,252,312,480,827,1,20,4294967295,25.66,1018.09,20.62,141.40,-9.04,1
224100,252,314,481,827,1,20,4294967295,25.66,1018.09,20.62,141.40,-9.04,1
225096,253,314,481,827,1,20,4294967295,25.66,1018.09,20.62,140.34,-9.04,1
226092,252,313,481,827,1,20,4294967295,25.66,1018.09,20.60,142.24,-9.04,1
227088,253,313,481,828,1,20,4294967295,25.66,1018.09,20.60,142.36,-9.12,1
228084,252,314,482,827,2,20,4294967295,25.66,1018.10,20.59,142.48,-9.12,1
229080,252,314,482,828,1,20,4294967295,25.66,1018.10,20.56,142.84,-9.12,1
230076,253,314,482,828,1,21,4294967295,25.66,1018.10,20.55,143.82,-9.12,1
231072,253,314,482,827,1,20,4294967295,25.66,1018.10,20.56,143.21,-9.12,1
232068,253,314,483,827,1,21,4294967295,25.66,1018.10,20.55,143.33,-9.20,1
233064,254,314,482,828,2,20,4294967295,25.66,1018.11,20.57,143.21,-9.20,1
234060,254,314,483,828,1,20,4294967295,25.66,1018.11,20.57,143.82,-9.12,1
235056,254,315,484,828,1,20,4294967295,25.66,1018.10,20.57,143.57,-9.12,1
236052,254,315,485,828,1,20,4294967295,25.66,1018.10,20.59,143.57,-9.12,1
237048,254,315,484,828,1,21,4294967295,25.66,1018.10,20.58,143.82,-9.12,1
238044,255,315,484,827,1,20,4294967295,25.66,1018.10,20.58,143.94,-9.12,1
239040,254,315,484,828,1,20,4294967295,25.66,1018.10,20.60,144.68,-9.12,1
240036,254,315,484,829,1,20,4294967295,25.66,1018.10,20.62,143.09,-9.12,1
241032,255,315,484,828,1,20,4294967295,25.66,1018.10,20.64,142.48,-9.12,1
242028,254,315,485,828,2,20,4294967295,25.66,1018.10,20.68,141.16,-9.20,1
243024,254,315,484,827,1,21,4294967295,25.66,1018.11,20.69,140.81,-9.20,1
244020,254,315,484,828,1,20,4294967295,25.66,1018.11,20.69,141.88,-9.20,1
245016,254,315,484,828,1,20,4294967295,25.66,1018.11,20.68,141.28,-9.20,1
246012,255,315,485,828,1,20,4294967295,25.66,1018.11,20.66,140.81,-9.29,1
247008,255,315,486,829,1,20,4294967295,25.66,1018.12,20.68,140.46,-9.29,1
248004,255,316,486,828,2,22,4294967295,25.66,1018.12,20.68,139.64,-9.29,1
249000,256,316,487,828,1,20,4294967295,25.66,1018.12,20.68,140.10,-9.20,1
249996,256,316,488,828,1,20,4294967295,25.66,1018.11,20.68,139.87,-9.12,1
250992,256,316,489,829,1,20,4294967295,25.66,1018.10,20.67,140.10,-9.12,1
251988,256,316,489,828,1,21,4294967295,25.66,1018.10,20.67,138.95,-9.20,1
252984,256,317,490,829,1,20,4294967295,25.66,1018.11,20.67,139.87,-9.20,1
253980,257,316,490,828,1,20,4294967295,25.66,1018.11,20.66,139.64,-9.20,1
254976,256,317,489,829,1,20,4294967295,25.66,1018.11,20.67,139.18,-9.20,1
255972,257,316,490,829,1,20,4294967295,25.66,1018.11,20.66,139.06,-9.20,1
256968,257,317,491,830,1,21,4294967295,25.66,1018.11,20.67,139.87,-9.29,1
257964,257,317,492,831,1,20,4294967295,25.66,1018.12,20.68,139.99,-9.29,1
258960,257,317,493,829,1,20,4294967295,25.66,1018.12,20.68,139.75,-9.29,1
259956,258,317,493,830,1,19,4294967295,25.66,1018.12,20.68,139.52,-9.29,1
260952,258,317,493,829,1,21,4294967295,25.66,1018.12,20.70,139.75,-9.20,1
261948,258,317,493,829,1,20,4294967295,25.66,1018.11,20.70,139.75,-9.20,1
262944,258,317,494,829,1,21,4294967295,25.66,1018.11,20.71,139.64,-9.12,1
263940,257,317,494,829,1,21,4294967295,25.66,1018.10,20.71,140.10,-9.20,1
264936,258,317,494,829,1,21,4294967295,25.66,1018.11,20.71,139.75,-9.12,1
265932,257,317,493,829,1,20,4294967295,25.66,1018.10,20.71,139.52,-9.12,1
266928,258,317,494,829,2,21,4294967295,25.66,1018.10,20.72,138.37,-9.12,1
267924,257,317,494,829,1,20,4294967295,25.66,1018.10,20.73,137.81,-9.04,1
268920,258,317,494,830,1,20,4294967295,25.66,1018.09,20.77,136.46,-9.04,1
269916,258,317,497,831,1,20,4294967295,25.66,1018.09,20.78,135.91,-9.04,1
270912,259,317,499,831,1,20,4294967295,25.66,1018.09,20.83,134.18,-9.04,1
271908,260,318,502,831,2,20,4294967295,25.66,1018.09,20.85,132.80,-9.04,1
272904,261,318,504,832,1,21,4294967295,25.66,1018.09,20.87,132.59,-9.04,1
273900,262,317,507,832,1,20,4294967295,25.66,1018.09,20.89,131.66,-8.95,1
274896,262,318,509,833,1,20,4294967295,25.66,1018.08,20.88,132.28,-9.04,1
275892,263,318,514,833,1,21,4294967295,25.66,1018.09,20.88,131.35,-8.95,1
276888,264,318,518,833,2,20,4294967295,25.66,1018.08,20.87,131.86,-8.95,1
277884,266,318,522,834,1,20,4294967295,25.66,1018.08,20.87,131.14,-8.95,1
278880,268,319,525,834,1,20,4294967295,25.66,1018.08,20.87,131.45,-8.95,1
279876,269,319,528,836,1,20,4294967295,25.66,1018.08,20.87,130.84,-9.04,1
280872,270,319,529,836,1,20,4294967295,25.66,1018.09,20.89,130.23,-9.04,1
281868,270,320,531,835,1,19,4294967295,25.65,1018.09,20.89,131.45,-8.95,1
282864,271,319,531,836,2,19,4294967295,25.65,1018.08,20.88,130.23,-8.95,1
283860,271,319,530,835,1,20,4294967295,25.65,1018.08,20.88,130.63,-9.04,1
284856,270,320,530,835,1,19,4294967295,25.65,1018.09,20.88,129.53,-9.04,1
285852,270,319,530,835,1,21,4294967295,25.65,1018.09,20.90,128.83,-9.04,1
286848,270,320,531,835,2,20,4294967295,25.65,1018.09,20.92,127.17,-9.04,1
287844,271,320,531,835,1,20,4294967295,25.66,1018.09,20.93,126.69,-8.95,1
288840,270,320,532,836,1,21,4294967295,25.66,1018.08,20.94,126.60,-9.04,1
289836,271,320,533,835,1,20,4294967295,25.66,1018.09,20.94,126.69,-9.04,1
290832,270,320,535,835,1,21,4294967295,25.66,1018.09,20.93,125.56,-8.95,1
291828,271,319,536,836,1,21,4294967295,25.66,1018.08,20.91,126.03,-8.95,1
292824,270,320,539,836,2,20,4294967295,25.66,1018.08,20.88,126.60,-8.87,1
293820,270,320,540,836,1,21,4294967295,25.66,1018.07,20.87,126.31,-8.79,1
294816,272,320,541,837,1,20,4294967295,25.66,1018.06,20.84,127.56,-8.79,1
295812,272,321,542,838,1,20,4294967295,25.66,1018.06,20.85,126.98,-8.79,1
296808,272,320,542,837,1,20,4294967295,25.66,1018.06,20.85,126.31,-8.87,1
297804,272,320,543,837,1,19,4294967295,25.66,1018.07,20.84,126.31,-8.87,1
298800,273,321,544,837,1,20,4294967295,25.66,1018.07,20.85,126.12,-8.95,1
299796,274,321,546,837,2,20,4294967295,25.66,1018.08,20.86,126.69,-8.87,1
300792,274,321,544,837,1,20,4294967295,25.66,1018.07,20.85,126.98,-8.87,1
301788,273,321,545,837,1,21,4294967295,25.66,1018.07,20.84,127.46,-8.87,1
302784,273,321,544,837,1,21,4294967295,25.66,1018.07,20.81,127.46,-8.95,1
303780,273,321,544,837,1,21,4294967295,25.65,1018.08,20.83,127.66,-8.87,1
304776,273,321,543,837,1,20,4294967295,25.65,1018.07,20.83,128.05,-8.95,1
305772,273,322,542,837,1,20,4294967295,25.65,1018.08,20.84,126.12,-8.87,1
306768,273,321,542,838,1,20,4294967295,25.65,1018.07,20.84,126.69,-8.95,1
307764,272,321,541,838,1,21,4294967295,25.65,1018.08,20.85,125.84,-8.95,1
308760,272,322,540,837,2,20,4294967295,25.65,1018.08,20.85,126.31,-8.95,1
309756,272,321,539,837,1,22,4294967295,25.65,1018.08,20.86,126.50,-8.95,1
310752,271,322,539,837,2,20,4294967295,25.66,1018.08,20.86,126.89,-8.95,1
311748,271,322,538,837,1,20,4294967295,25.66,1018.08,20.86,126.79,-8.95,1
312744,271,322,538,838,1,21,4294967295,25.65,1018.08,20.85,127.08,-8.95,1
313740,271,322,537,837,1,20,4294967295,25.65,1018.08,20.85,126.60,-8.95,1
314736,271,322,537,837,1,20,4294967295,25.66,1018.08,20.84,126.79,-9.04,1
315732,271,322,536,836,1,21,4294967295,25.66,1018.09,20.85,126.89,-9.04,1
316728,270,322,534,837,1,20,4294967295,25.66,1018.09,20.83,126.98,-9.04,1
317724,270,322,534,837,1,20,4294967295,25.65,1018.09,20.83,127.66,-9.04,1
318720,269,322,533,837,1,20,4294967295,25.65,1018.09,20.80,128.05,-9.04,1
319716,269,322,532,836,1,20,4294967295,25.66,1018.09,20.79,128.73,-9.04,1
320712,269,322,532,836,1,20,4294967295,25.66,1018.09,20.77,129.73,-8.95,1
321708,269,322,530,836,1,20,4294967295,25.66,1018.08,20.75,129.83,-8.95,1
322704,268,322,529,836,1,20,4294967295,25.66,1018.08,20.73,131.35,-8.95,1
323700,268,322,529,835,2,21,4294967295,25.66,1018.08,20.72,131.04,-8.87,1
324696,268,323,528,836,1,20,4294967295,25.65,1018.07,20.72,131.45,-8.79,1
325692,269,323,528,837,1,21,4294967295,25.66,1018.06,20.71,131.76,-8.79,1
326688,268,322,528,837,1,20,4294967295,25.66,1018.06,20.72,131.86,-8.71,1
327684,269,323,528,836,1,20,4294967295,25.65,1018.05,20.73,131.14,-8.71,1
328680,268,323,528,837,1,22,4294967295,25.65,1018.05,20.75,131.14,-8.71,1
329676,268,324,528,837,1,20,4294967295,25.65,1018.05,20.77,130.43,-8.71,1
330672,269,323,530,837,1,23,4294967295,25.65,1018.05,20.81,129.33,-8.62,1
331668,269,323,529,837,1,20,4294967295,25.65,1018.04,20.86,127.75,-8.71,1
332664,269,324,530,837,1,20,4294967295,25.65,1018.05,20.89,127.27,-8.71,1
333660,269,323,530,838,1,20,4294967295,25.65,1018.05,20.93,125.94,-8.71,1
334656,269,324,531,837,1,20,4294967295,25.65,1018.05,20.97,124.63,-8.71,1
335652,271,323,531,838,1,20,4294967295,25.66,1018.05,21.01,123.53,-8.71,1
336648,270,324,532,838,1,21,4294967295,25.66,1018.05,21.04,121.74,-8.71,1
337644,270,324,532,837,1,21,4294967295,25.66,1018.05,21.07,121.65,-8.71,1
338640,271,325,532,838,1,21,4294967295,25.66,1018.05,21.07,120.69,-8.71,1
339636,271,324,531,839,1,19,4294967295,25.66,1018.05,21.07,119.75,-8.71,1
340632,272,324,531,838,1,20,4294967295,25.65,1018.05,21.05,120.43,-8.71,1
341628,270,324,530,837,2,20,4294967295,25.65,1018.05,21.04,120.52,-8.71,1
342624,270,325,529,838,1,20,4294967295,25.65,1018.05,21.02,120.87,-8.71,1
343620,269,325,529,837,1,20,4294967295,25.66,1018.05,21.01,119.92,-8.71,1
344616,270,325,528,837,1,20,4294967295,25.66,1018.05,21.03,119.83,-8.62,1
345612,269,325,528,837,1,21,4294967295,25.66,1018.04,21.01,119.58,-8.62,1
346608,269,325,527,837,1,20,4294967295,25.66,1018.04,20.99,120.09,-8.62,1
347604,269,325,527,836,1,20,4294967295,25.65,1018.04,20.98,119.41,-8.62,1
348600,268,325,526,836,1,21,4294967295,25.66,1018.04,20.96,119.15,-8.62,1
349596,269,325,527,836,1,20,4294967295,25.65,1018.04,20.95,119.66,-8.71,1
350592,268,325,526,837,1,21,4294967295,25.65,1018.05,20.95,118.90,-8.71,1
351588,268,326,526,838,1,21,4294967295,25.65,1018.05,20.95,119.24,-8.71,1
352584,268,325,525,838,2,23,4294967295,25.65,1018.05,20.95,119.15,-8.62,1
353580,269,325,526,838,1,20,4294967295,25.65,1018.04,20.95,118.82,-8.62,1
354576,268,326,525,838,1,20,4294967295,25.65,1018.04,20.96,118.73,-8.54,1
355572,268,325,526,837,2,20,4294967295,25.65,1018.03,20.96,118.98,-8.54,1
356568,269,326,527,838,1,21,4294967295,25.66,1018.03,20.96,119.41,-8.54,1
357564,269,325,527,838,1,23,4294967295,25.66,1018.03,20.97,118.65,-8.54,1
358560,270,326,527,838,1,20,4294967295,25.66,1018.03,20.98,118.40,-8.54,1
359556,270,326,527,837,1,18,4294967295,25.66,1018.03,20.99,117.40,-8.54,1
360552,270,326,527,837,2,21,4294967295,25.66,1018.03,21.00,117.90,-8.46,1
361548,269,326,527,837,2,20,4294967295,25.66,1018.02,20.99,118.23,-8.46,1
362544,269,326,526,837,1,20,4294967295,25.65,1018.02,20.99,118.65,-8.46,1
363540,269,326,526,837,1,19,4294967295,25.65,1018.02,20.98,118.06,-8.46,1
364536,268,326,525,837,1,20,4294967295,25.65,1018.02,20.98,118.15,-8.46,1
365532,268,326,525,837,1,19,4294967295,25.65,1018.02,20.99,117.24,-8.46,1
366528,268,327,524,837,2,20,4294967295,25.65,1018.02,21.01,116.75,-8.54,1
367524,268,326,525,837,2,20,4294967295,25.65,1018.03,21.01,116.83,-8.46,1
368520,268,326,524,837,1,20,4294967295,25.65,1018.02,21.03,116.92,-8.46,1
369516,269,326,524,837,1,20,4294967295,25.65,1018.02,21.02,117.00,-8.46,1
370512,268,327,525,838,1,20,4294967295,25.65,1018.02,21.03,116.75,-8.46,1
371508,268,327,524,838,1,20,4294967295,25.65,1018.02,21.02,117.57,-8.46,1
372504,268,327,523,838,1,20,4294967295,25.66,1018.02,21.01,117.16,-8.37,1
373500,267,326,523,837,1,19,4294967295,25.66,1018.01,21.01,117.40,-8.46,1
374496,268,327,523,838,1,20,4294967295,25.66,1018.02,20.98,117.65,-8.29,1
375492,268,327,523,837,1,21,4294967295,25.66,1018.00,20.95,117.82,-8.37,1
376488,268,327,523,837,1,20,4294967295,25.66,1018.01,20.93,118.82,-8.37,1
