timestamp,NO2,C2H50H,VOC,CO,Alcohol,LPG,Benzene,Temperature,Pressure,Humidity,Gas_Resistance,Altitude,State529872,243,500,596,932,7,30,0,25.64,1018.38,25.92,73.08,-11.52,1
530868,241,499,593,932,7,30,0,25.64,1018.39,25.90,73.85,-11.52,1
531864,238,496,590,931,7,30,0,25.64,1018.39,25.89,74.64,-11.52,1
532860,235,495,586,931,9,30,0,25.64,1018.39,25.90,76.06,-11.52,1
533856,232,494,583,929,7,30,0,25.64,1018.39,25.92,76.61,-11.52,1
534852,229,492,580,929,7,30,0,25.65,1018.39,25.93,77.25,-11.52,1
535848,227,490,577,928,7,30,0,25.65,1018.39,25.93,78.47,-11.52,1
536844,224,489,574,928,8,30,0,25.65,1018.39,25.97,79.29,-11.44,1
537840,222,487,571,927,6,30,0,25.65,1018.38,25.98,80.27,-11.44,1
538836,219,485,569,926,7,30,0,25.65,1018.38,25.99,80.89,-11.52,1
539832,217,484,565,926,7,31,0,25.65,1018.39,26.01,81.59,-11.61,1
540828,215,482,564,925,7,30,0,25.65,1018.40,26.02,82.56,-11.61,1
541824,213,480,561,924,7,31,0,25.65,1018.40,26.01,83.21,-11.61,1
542820,211,479,558,924,6,29,0,25.65,1018.40,26.01,84.55,-11.69,1
543816,209,477,555,923,7,32,0,25.66,1018.41,26.00,84.98,-11.61,1
544812,207,476,552,922,7,31,0,25.66,1018.40,26.00,85.84,-11.61,1
545808,204,474,550,922,7,31,0,25.66,1018.40,26.00,86.73,-11.61,1
546804,203,473,548,921,7,31,0,25.66,1018.40,26.00,87.54,-11.61,1
547800,201,471,545,920,7,32,0,25.66,1018.40,26.00,87.54,-11.61,1
548796,199,470,543,920,7,32,0,25.66,1018.40,26.00,88.93,-11.61,1
549792,197,468,541,920,7,31,0,25.66,1018.40,25.99,89.21,-11.61,1
550788,196,467,539,920,7,32,0,25.66,1018.40,26.00,90.27,-11.61,1
551784,194,466,537,920,6,31,0,25.66,1018.40,25.99,90.85,-11.61,1
552780,192,465,535,919,7,31,0,25.66,1018.40,25.99,91.55,-11.61,1
553776,192,463,533,919,7,30,0,25.66,1018.40,25.99,92.35,-11.69,1
554772,190,462,532,919,7,31,0,25.66,1018.41,25.99,92.86,-11.69,1
555768,189,461,530,919,6,32,0,25.66,1018.41,25.99,94.00,-11.69,1
556764,188,461,529,919,7,32,0,25.66,1018.41,25.99,93.79,-11.61,1
557760,186,460,528,919,7,32,0,25.66,1018.40,25.99,94.21,-11.61,1
558756,186,460,528,919,7,32,0,25.66,1018.40,26.02,94.96,-11.69,1
559752,186,460,526,919,7,32,0,25.66,1018.41,26.03,95.28,-11.69,1
560748,186,459,526,918,7,31,0,25.66,1018.41,26.03,95.28,-11.61,1
561744,186,460,526,919,7,32,0,25.66,1018.40,26.06,93.71,-11.61,1
562740,187,459,525,919,8,32,0,25.66,1018.40,26.06,94.72,-11.69,1
563736,187,459,526,919,8,32,0,25.66,1018.41,26.06,95.20,-11.61,1
564732,187,459,526,919,8,32,0,25.66,1018.40,26.06,95.80,-11.69,1
565728,187,459,526,919,8,32,0,25.66,1018.41,26.04,96.40,-11.69,1
566724,187,459,527,920,7,32,0,25.66,1018.41,26.05,97.18,-11.77,1
567720,187,460,528,919,7,33,0,25.66,1018.42,26.04,97.69,-11.77,1
568716,189,460,530,920,8,32,0,25.66,1018.42,26.02,98.38,-11.77,1
569712,191,460,534,921,7,32,0,25.66,1018.42,26.01,98.84,-11.69,1
570708,190,460,538,921,7,32,0,25.66,1018.41,26.00,98.61,-11.77,1
571704,191,461,541,921,8,32,0,25.66,1018.42,26.00,100.25,-11.77,1
572700,193,461,545,922,7,32,0,25.66,1018.42,26.00,99.90,-11.77,1
573696,194,461,549,921,8,32,0,25.66,1018.42,25.99,100.73,-11.69,1
574692,195,462,554,922,8,32,0,25.66,1018.41,25.99,100.97,-11.69,1
575688,196,462,558,923,8,33,0,25.66,1018.41,26.00,101.59,-11.69,1
576684,198,463,565,923,8,33,0,25.66,1018.41,26.00,101.95,-11.61,1
577680,200,464,571,924,8,33,0,25.66,1018.40,26.01,101.52,-11.69,1
578676,201,464,576,924,8,35,0,25.66,1018.41,26.01,102.83,-11.69,1
579672,203,464,581,925,8,33,0,25.66,1018.41,26.02,102.45,-11.69,1
580668,206,465,588,926,8,32,0,25.66,1018.41,26.02,102.76,-11.69,1
581664,209,465,593,926,8,33,0,25.66,1018.41,26.01,103.59,-11.69,1
582660,211,466,597,925,9,33,0,25.66,1018.41,26.04,103.27,-11.61,1
583656,213,466,599,926,8,34,0,25.66,1018.40,26.02,103.27,-11.61,1
584652,214,466,601,926,8,33,0,25.66,1018.40,26.02,103.65,-11.61,1
585648,215,467,601,927,8,34,0,25.66,1018.40,26.01,104.10,-11.61,1
586644,216,468,602,928,8,34,0,25.66,1018.40,26.00,104.68,-11.61,1
587640,217,469,602,928,8,32,0,25.66,1018.40,26.00,104.95,-11.61,1
588636,218,470,601,928,8,34,0,25.66,1018.40,25.99,105.41,-11.52,1
589632,218,470,602,928,9,34,0,25.66,1018.39,25.98,105.34,-11.61,1
590628,219,471,604,928,8,34,0,25.66,1018.40,25.98,105.54,-11.69,1
591624,219,471,606,929,8,34,0,25.66,1018.41,25.99,105.87,-11.69,1
592620,220,472,606,929,8,34,0,25.66,1018.41,25.97,105.47,-11.61,1
593616,220,472,606,930,8,34,0,25.66,1018.40,25.95,106.27,-11.61,1
594612,220,472,604,930,8,37,0,25.66,1018.40,25.96,107.08,-11.69,1
595608,220,472,604,929,8,33,0,25.66,1018.41,25.97,107.22,-11.69,1
596604,220,473,605,929,9,33,0,25.66,1018.41,25.97,107.02,-11.69,1
597600,221,473,606,929,7,34,0,25.66,1018.41,25.98,107.02,-11.61,1
598596,221,474,608,930,7,33,0,25.66,1018.40,25.98,107.50,-11.61,1
599592,222,475,608,931,8,33,0,25.66,1018.40,25.98,108.19,-11.52,1
0,225,477,614,932,9,35,0,25.66,1018.39,25.99,108.12,-11.52,1
996,228,478,619,932,9,35,0,25.60,1018.39,25.99,107.70,-11.44,1
1992,230,479,624,932,9,35,0,25.59,1018.38,26.04,105.87,-11.44,1
2988,233,480,631,933,9,35,0,25.60,1018.38,26.06,105.01,-11.44,1
3984,235,481,638,933,9,34,0,25.60,1018.38,26.08,105.14,-11.44,1
4980,238,482,644,934,9,35,0,25.61,1018.38,26.10,104.82,-11.44,1
5976,241,484,648,934,9,35,0,25.62,1018.38,26.11,104.75,-11.44,1
6972,244,485,654,934,9,35,0,25.62,1018.38,26.11,104.62,-11.44,1
7968,248,486,660,935,9,35,0,25.63,1018.38,26.11,104.36,-11.44,1
8964,252,487,666,935,8,35,0,25.63,1018.38,26.12,104.42,-11.44,1
9960,255,489,669,936,8,34,0,25.63,1018.38,26.12,104.68,-11.52,1
10956,258,490,670,936,9,35,0,25.64,1018.39,26.14,105.01,-11.52,1
11952,258,491,670,936,8,34,0,25.64,1018.39,26.15,104.23,-11.52,1
12948,260,491,670,936,8,34,0,25.64,1018.39,26.16,104.23,-11.61,1
13944,261,492,672,936,8,33,0,25.65,1018.40,26.18,103.78,-11.61,1
14940,263,493,673,937,8,33,0,25.65,1018.40,26.20,103.33,-11.52,1
15936,264,495,676,938,8,32,0,25.65,1018.39,26.20,103.33,-11.52,1
16932,268,496,680,938,8,34,0,25.65,1018.39,26.21,103.02,-11.52,1
17928,270,497,684,938,8,35,0,25.65,1018.39,26.23,102.95,-11.52,1
18924,273,498,685,938,8,34,0,25.65,1018.39,26.24,102.45,-11.52,1
19920,275,499,686,939,8,34,0,25.65,1018.39,26.23,102.95,-11.44,1
20916,278,501,690,939,8,34,0,25.65,1018.38,26.24,102.33,-11.44,1
21912,280,502,693,940,8,35,0,25.65,1018.38,26.26,101.65,-11.44,1
22908,285,503,696,939,9,34,0,25.66,1018.38,26.28,101.71,-11.44,1
23904,287,504,698,940,9,35,0,25.66,1018.38,26.27,101.71,-11.44,1
24900,289,506,699,940,9,35,0,25.66,1018.38,26.27,101.71,-11.44,1
25896,292,507,702,941,9,34,0,25.65,1018.38,26.27,101.34,-11.36,1
26892,295,508,704,942,8,35,0,25.65,1018.37,26.28,100.97,-11.36,1
27888,297,510,706,942,8,34,0,25.66,1018.37,26.29,100.31,-11.44,1
28884,299,511,706,941,8,33,0,25.66,1018.38,26.32,100.13,-11.36,1
29880,300,512,708,942,8,34,0,25.66,1018.37,26.33,99.78,-11.36,1
30876,302,513,710,942,9,33,0,25.66,1018.37,26.32,99.54,-11.36,1
31872,305,514,713,942,8,34,0,25.66,1018.37,26.34,98.95,-11.36,1
32868,308,516,715,943,7,34,0,25.66,1018.37,26.36,98.84,-11.36,1
33864,311,517,716,943,8,34,0,25.66,1018.37,26.36,98.38,-11.44,1
34860,312,518,715,944,8,35,0,25.66,1018.38,26.36,98.43,-11.44,1
35856,312,519,714,944,7,34,0,25.66,1018.38,26.36,98.03,-11.44,1
36852,313,520,716,944,8,34,0,25.66,1018.38,26.37,97.80,-11.36,1
37848,315,520,717,944,8,33,0,25.66,1018.37,26.40,97.24,-11.36,1
38844,316,521,718,944,8,34,0,25.66,1018.37,26.41,96.79,-11.36,1
39840,319,522,719,944,10,34,0,25.66,1018.37,26.42,96.51,-11.28,1
40836,321,524,720,944,8,34,0,25.66,1018.36,26.44,96.51,-11.28,1
41832,322,524,719,944,8,34,0,25.66,1018.36,26.44,96.13,-11.36,1
42828,322,525,719,945,8,34,0,25.66,1018.37,26.44,96.51,-11.28,1
43824,323,526,720,945,8,34,0,25.66,1018.36,26.43,96.46,-11.36,1
44820,325,526,721,945,8,33,0,25.66,1018.37,26.43,97.24,-11.36,1
45816,326,527,723,945,8,34,0,25.66,1018.37,26.41,97.24,-11.28,1
46812,328,528,724,945,7,34,0,25.66,1018.36,26.39,96.85,-11.28,1
47808,329,529,725,946,8,34,0,25.66,1018.36,26.38,96.96,-11.28,1
48804,330,529,727,946,8,34,0,25.66,1018.36,26.37,96.73,-11.28,1
49800,333,531,728,946,8,34,0,25.66,1018.36,26.35,97.35,-11.28,1
50796,334,531,728,947,8,34,0,25.66,1018.36,26.35,97.29,-11.36,1
51792,336,532,728,947,8,34,0,25.66,1018.37,26.35,97.12,-11.36,1
52788,336,532,728,946,8,34,0,25.66,1018.37,26.35,96.90,-11.36,1
53784,336,532,727,947,8,34,0,25.66,1018.37,26.34,96.85,-11.44,1
54780,336,533,726,946,8,34,0,25.66,1018.38,26.34,97.24,-11.44,1
55776,336,533,725,946,7,34,0,25.66,1018.38,26.33,96.68,-11.52,1
56772,336,533,726,946,8,34,0,25.66,1018.39,26.34,97.01,-11.52,1
57768,337,534,727,947,8,38,0,25.66,1018.39,26.36,96.57,-11.52,1
58764,339,534,728,947,8,34,0,25.66,1018.39,26.36,96.29,-11.61,1
59760,341,535,730,948,8,36,0,25.66,1018.40,26.37,96.40,-11.52,1
60756,344,535,732,947,8,34,0,25.66,1018.39,26.38,96.13,-11.52,1
61752,347,536,733,947,10,34,0,25.66,1018.39,26.42,96.35,-11.52,1
62748,351,537,735,948,8,34,0,25.66,1018.39,26.44,96.24,-11.52,1
63744,354,538,736,948,8,35,0,25.66,1018.39,26.43,95.85,-11.61,1
64740,358,538,737,948,7,33,0,25.66,1018.40,26.47,95.58,-11.52,1
65736,357,539,737,948,8,33,0,25.66,1018.39,26.46,95.36,-11.61,1
66732,358,539,738,948,7,32,0,25.66,1018.40,26.48,94.98,-11.61,1
67728,358,539,737,947,8,34,0,25.66,1018.40,26.48,95.58,-11.61,1
68724,358,540,736,948,8,34,0,25.66,1018.40,26.50,94.61,-11.61,1
69720,358,540,736,948,8,34,0,25.66,1018.40,26.50,94.56,-11.69,1
70716,359,541,735,949,10,32,0,25.66,1018.41,26.51,93.82,-11.61,1
71712,360,541,735,948,7,34,0,25.66,1018.40,26.54,95.07,-11.69,1
72708,362,542,735,949,8,34,0,25.66,1018.41,26.54,95.07,-11.69,1
73704,363,543,736,949,7,33,0,25.66,1018.41,26.55,94.75,-11.69,1
74700,366,544,736,949,8,34,0,25.66,1018.41,26.55,94.43,-11.69,1
75696,369,545,737,949,8,34,0,25.66,1018.41,26.54,94.85,-11.69,1
76692,370,545,739,949,7,33,0,25.66,1018.41,26.56,94.00,-11.69,1
77688,372,545,740,950,8,34,0,25.66,1018.41,26.56,94.11,-11.69,1
78684,374,545,740,950,7,33,0,25.66,1018.41,26.58,93.58,-11.69,1
79680,375,546,741,949,8,33,0,25.66,1018.41,26.59,93.48,-11.69,1
80676,375,546,740,950,8,34,0,25.66,1018.41,26.60,93.58,-11.69,1
81672,376,547,742,950,8,34,0,25.66,1018.41,26.60,93.38,-11.69,1
82668,378,547,742,950,7,34,0,25.66,1018.41,26.59,93.17,-11.61,1
83664,379,547,743,950,8,34,0,25.66,1018.40,26.59,93.48,-11.61,1
84660,381,548,743,951,8,34,0,25.66,1018.40,26.59,92.56,-11.69,1
85656,382,548,744,950,8,34,0,25.66,1018.41,26.58,92.45,-11.69,1
86652,382,549,744,950,8,34,0,25.66,1018.41,26.56,92.56,-11.69,1
87648,382,548,744,950,8,34,0,25.66,1018.41,26.56,92.15,-11.61,1
88644,382,549,744,950,8,33,0,25.66,1018.40,26.56,91.75,-11.61,1
89640,384,549,745,951,8,34,0,25.66,1018.40,26.59,91.25,-11.61,1
90636,384,550,745,950,7,34,0,25.66,1018.40,26.63,90.95,-11.61,1
91632,385,550,745,951,8,33,0,25.66,1018.40,26.66,90.46,-11.61,1
92628,387,552,746,951,8,37,0,25.66,1018.40,26.69,89.88,-11.61,1
93624,389,552,746,951,8,34,0,25.66,1018.40,26.70,89.59,-11.69,1
94620,391,553,747,951,7,34,0,25.66,1018.41,26.72,89.40,-11.52,1
95616,392,554,748,951,7,31,0,25.66,1018.39,26.73,89.21,-11.52,1
96612,393,554,748,952,9,33,0,25.66,1018.39,26.75,88.84,-11.44,1
97608,394,555,748,951,8,34,0,25.66,1018.38,26.75,88.28,-11.52,1
98604,395,554,748,951,8,33,0,25.66,1018.39,26.73,88.37,-11.52,1
99600,394,555,748,952,6,33,0,25.66,1018.39,26.72,88.09,-11.52,1
100596,393,555,747,952,8,33,0,25.67,1018.39,26.71,88.09,-11.61,1
101592,392,556,747,952,8,34,0,25.66,1018.40,26.71,88.00,-11.52,1
102588,391,556,746,952,8,33,0,25.66,1018.39,26.70,87.91,-11.61,1
103584,390,556,744,952,7,33,0,25.66,1018.40,26.70,87.72,-11.61,1
104580,389,556,744,952,8,33,0,25.66,1018.40,26.69,88.19,-11.52,1
105576,387,557,743,951,7,33,0,25.66,1018.39,26.71,88.00,-11.52,1
106572,387,557,742,952,8,33,0,25.66,1018.39,26.73,88.09,-11.52,1
107568,388,557,744,952,8,33,0,25.66,1018.39,26.75,87.72,-11.44,1
108564,388,558,745,952,8,36,0,25.66,1018.38,26.76,87.54,-11.44,1
109560,389,558,746,952,8,33,0,25.66,1018.38,26.75,87.09,-11.44,1
110556,390,558,748,952,10,32,0,25.66,1018.38,26.73,87.36,-11.36,1
111552,390,558,748,952,7,33,0,25.66,1018.37,26.72,87.27,-11.36,1
112548,390,558,749,952,7,33,0,25.66,1018.37,26.70,87.36,-11.28,1
113544,391,559,748,952,8,33,0,25.66,1018.36,26.67,87.82,-11.28,1
114540,392,559,749,952,8,36,0,25.66,1018.36,26.66,88.28,-11.28,1
115536,393,560,751,952,10,32,0,25.66,1018.36,26.65,88.09,-11.44,1
116532,394,560,751,952,8,32,0,25.66,1018.38,26.63,88.56,-11.36,1
117528,394,560,751,953,7,32,0,25.66,1018.37,26.62,89.21,-11.44,1
118524,394,560,752,952,7,32,0,25.66,1018.38,26.61,89.03,-11.44,1
119520,394,559,750,952,8,32,0,25.66,1018.38,26.59,88.93,-11.44,1
120516,395,560,751,953,7,32,0,25.66,1018.38,26.60,89.21,-11.44,1
121512,393,560,751,952,7,32,0,25.66,1018.38,26.58,89.50,-11.36,1
122508,394,560,751,952,7,32,0,25.66,1018.37,26.59,89.31,-11.44,1
123504,392,561,750,951,7,32,0,25.66,1018.38,26.59,89.40,-11.44,1
124500,392,561,750,953,7,32,0,25.66,1018.38,26.58,88.74,-11.44,1
125496,391,561,749,952,7,32,0,25.66,1018.38,26.59,88.74,-11.44,1
126492,391,561,750,952,7,33,0,25.66,1018.38,26.59,88.19,-11.36,1
127488,391,563,751,952,8,32,0,25.66,1018.37,26.59,88.09,-11.28,1
128484,392,563,751,953,8,32,0,25.66,1018.36,26.60,88.00,-11.28,1
129480,392,563,751,953,7,32,0,25.66,1018.36,26.59,88.00,-11.19,1
130476,391,563,750,953,8,32,0,25.66,1018.35,26.61,87.82,-11.28,1
131472,390,564,750,953,8,32,0,25.65,1018.36,26.62,88.00,-11.36,1
132468,389,564,749,954,8,30,0,25.65,1018.37,26.60,88.09,-11.36,1
133464,389,564,750,953,8,32,0,25.65,1018.37,26.60,87.82,-11.44,1
134460,390,565,751,954,8,32,0,25.65,1018.38,26.60,87.82,-11.44,1
135456,392,566,752,954,8,32,0,25.65,1018.38,26.62,88.28,-11.36,1
136452,393,565,752,954,7,36,0,25.66,1018.37,26.65,88.46,-11.44,1
137448,394,567,752,954,7,32,0,25.66,1018.38,26.66,88.09,-11.36,1
138444,395,566,753,954,7,32,0,25.66,1018.37,26.68,87.63,-11.36,1
139440,395,567,752,954,8,31,0,25.66,1018.37,26.68,87.82,-11.36,1
140436,395,567,753,954,8,32,0,25.66,1018.37,26.67,87.72,-11.44,1
141432,397,568,752,954,8,33,0,25.66,1018.38,26.69,87.72,-11.36,1
142428,398,569,751,954,7,33,0,25.66,1018.37,26.70,87.72,-11.44,1
143424,399,569,750,954,8,33,0,25.66,1018.38,26.71,87.18,-11.44,1
144420,399,570,750,954,8,33,0,25.66,1018.38,26.70,87.36,-11.36,1
145416,400,570,750,954,7,33,0,25.66,1018.37,26.69,86.82,-11.36,1
146412,401,571,751,955,7,33,0,25.66,1018.37,26.71,86.55,-11.44,1
147408,401,571,750,955,8,33,0,25.66,1018.38,26.71,86.37,-11.44,1
148404,401,571,750,955,8,33,0,25.66,1018.38,26.73,86.02,-11.44,1
149400,399,570,750,954,8,33,0,25.66,1018.38,26.73,85.93,-11.44,1
150396,398,570,750,954,8,33,0,25.66,1018.38,26.73,85.76,-11.44,1
151392,399,570,749,954,8,33,0,25.66,1018.38,26.73,86.46,-11.36,1
152388,397,569,749,954,8,31,0,25.66,1018.37,26.72,85.93,-11.52,1
153384,396,569,749,954,8,32,0,25.66,1018.39,26.73,86.02,-11.52,1
154380,396,570,749,954,8,33,0,25.66,1018.39,26.72,86.28,-11.52,1
155376,397,569,750,954,8,33,0,25.66,1018.39,26.72,86.46,-11.44,1
156372,397,569,749,954,7,33,0,25.66,1018.38,26.73,86.64,-11.44,1
157368,396,569,750,953,8,33,0,25.66,1018.38,26.72,86.46,-11.36,1
158364,398,569,750,954,7,33,0,25.65,1018.37,26.74,86.46,-11.36,1
159360,399,570,752,954,8,33,0,25.65,1018.37,26.74,86.37,-11.44,1
160356,401,569,753,955,8,33,0,25.65,1018.38,26.73,86.28,-11.44,1
161352,402,570,754,955,7,32,0,25.65,1018.38,26.73,86.82,-11.44,1
162348,402,569,754,954,7,33,0,25.65,1018.38,26.72,86.91,-11.44,1
163344,404,571,754,955,7,33,0,25.65,1018.38,26.70,86.64,-11.52,1
164340,403,570,753,955,8,33,0,25.65,1018.39,26.70,87.09,-11.44,1
165336,403,570,754,954,6,32,0,25.65,1018.38,26.73,87.18,-11.44,1
166332,403,569,754,954,7,33,0,25.65,1018.38,26.76,86.64,-11.44,1
167328,403,570,754,955,8,33,0,25.65,1018.38,26.78,86.20,-11.44,1
168324,403,569,753,955,7,33,0,25.65,1018.38,26.78,85.67,-11.44,1
169320,402,569,754,954,7,33,0,25.65,1018.38,26.77,85.41,-11.44,1
170316,400,569,754,954,7,32,0,25.65,1018.38,26.76,85.41,-11.44,1
171312,399,569,754,954,7,33,0,25.65,1018.38,26.78,85.23,-11.44,1
172308,399,569,754,954,7,36,0,25.66,1018.38,26.81,84.29,-11.44,1
173304,400,569,755,954,7,32,0,25.66,1018.38,26.81,84.29,-11.44,1
174300,403,569,756,955,6,33,0,25.66,1018.38,26.84,84.04,-11.52,1
175296,403,569,756,955,7,33,0,25.66,1018.39,26.84,83.54,-11.44,1
176292,403,569,757,955,7,31,0,25.66,1018.38,26.84,83.21,-11.44,1
177288,404,570,757,955,7,33,0,25.66,1018.38,26.81,83.13,-11.44,1
178284,405,570,758,955,7,33,0,25.66,1018.38,26.83,83.54,-11.44,1
179280,406,570,758,955,7,33,0,25.66,1018.38,26.82,83.21,-11.36,1
180276,407,570,759,956,7,33,0,25.66,1018.37,26.83,83.71,-11.36,1
181272,408,571,759,955,6,33,0,25.66,1018.37,26.83,83.54,-11.36,1
182268,409,572,759,955,7,31,0,25.65,1018.37,26.83,83.71,-11.36,1
183264,410,572,759,955,7,33,0,25.65,1018.37,26.81,83.37,-11.36,1
184260,410,572,758,956,7,33,0,25.65,1018.37,26.81,83.46,-11.28,1
185256,409,572,758,955,7,32,0,25.65,1018.36,26.80,83.71,-11.28,1
186252,411,573,758,956,9,32,0,25.65,1018.36,26.79,83.96,-11.28,1
187248,411,574,758,956,7,33,0,25.65,1018.36,26.80,83.87,-11.28,1
188244,412,573,758,956,7,33,0,25.65,1018.36,26.80,83.79,-11.28,1
189240,409,573,757,956,7,31,0,25.65,1018.36,26.80,83.87,-11.28,1
190236,411,574,757,955,7,31,0,25.65,1018.36,26.80,83.87,-11.36,1
191232,411,574,758,955,7,32,0,25.65,1018.37,26.79,83.96,-11.36,1
192228,412,575,757,956,7,32,0,25.65,1018.37,26.79,83.62,-11.44,1
193224,413,574,757,956,7,32,0,25.65,1018.38,26.79,83.54,-11.44,1
194220,413,575,757,956,7,32,0,25.65,1018.38,26.79,83.54,-11.44,1
195216,412,576,756,955,7,31,0,25.65,1018.38,26.78,83.46,-11.52,1
196212,412,575,755,956,7,32,0,25.65,1018.39,26.78,83.46,-11.44,1
197208,409,575,753,955,8,32,0,25.64,1018.38,26.76,83.37,-11.52,1
198204,409,575,753,955,8,32,0,25.64,1018.39,26.74,83.46,-11.52,1
199200,408,575,753,955,7,32,0,25.64,1018.39,26.75,83.71,-11.61,1
200196,408,575,752,956,9,32,0,25.64,1018.40,26.75,83.62,-11.52,1
201192,407,574,752,955,7,32,0,25.64,1018.39,26.75,83.54,-11.52,1
202188,407,574,753,955,8,36,0,25.64,1018.39,26.76,83.54,-11.52,1
203184,406,574,753,956,7,32,0,25.64,1018.39,26.76,83.87,-11.61,1
204180,405,574,753,955,7,31,0,25.64,1018.40,26.74,83.46,-11.61,1
205176,405,574,753,955,7,32,0,25.64,1018.40,26.71,83.46,-11.69,1
206172,405,574,753,956,7,32,0,25.64,1018.41,26.69,83.54,-11.69,1
207168,404,574,753,955,7,31,0,25.64,1018.41,26.70,83.79,-11.77,1
208164,403,573,753,955,7,32,0,25.64,1018.42,26.69,84.38,-11.85,1
209160,403,573,752,955,7,32,0,25.64,1018.43,26.69,84.04,-11.85,1
210156,401,573,752,955,7,32,0,25.64,1018.43,26.69,84.29,-11.94,1
211152,401,573,752,955,7,31,0,25.64,1018.44,26.69,84.21,-11.94,1
212148,400,572,753,955,7,32,0,25.64,1018.44,26.68,84.13,-11.94,1
213144,401,572,753,955,6,33,0,25.64,1018.44,26.68,84.72,-12.02,1
214140,399,571,754,955,7,33,0,25.64,1018.45,26.70,84.98,-12.02,1
215136,398,571,754,955,7,33,0,25.64,1018.45,26.71,85.23,-12.02,1
216132,396,571,752,955,7,33,0,25.64,1018.45,26.72,84.98,-12.10,1
217128,394,570,752,954,7,33,0,25.64,1018.46,26.72,85.06,-12.10,1
218124,394,569,753,955,7,33,0,25.64,1018.46,26.71,85.23,-12.10,1
219120,394,570,753,955,7,33,0,25.64,1018.46,26.70,85.06,-12.10,1
220116,395,570,754,955,7,33,0,25.64,1018.46,26.68,85.15,-12.10,1
221112,395,570,755,955,7,33,0,25.64,1018.46,26.66,85.76,-12.19,1
222108,395,570,754,955,7,33,0,25.64,1018.47,26.64,85.15,-12.19,1
223104,393,570,754,955,7,33,0,25.64,1018.47,26.63,85.41,-12.27,1
224100,392,570,754,955,8,31,0,25.64,1018.48,26.62,85.84,-12.19,1
225096,392,570,754,955,7,33,0,25.64,1018.47,26.66,85.84,-12.10,1
226092,391,570,754,955,7,37,0,25.64,1018.46,26.69,86.20,-12.19,1
227088,392,570,754,955,7,31,0,25.64,1018.47,26.72,85.41,-12.10,1
228084,393,570,755,955,7,34,0,25.64,1018.46,26.73,85.15,-12.10,1
229080,393,570,756,956,7,34,0,25.64,1018.46,26.75,85.58,-12.10,1
230076,395,570,757,955,7,33,0,25.64,1018.46,26.78,84.81,-12.19,1
231072,394,569,756,955,7,33,0,25.64,1018.47,26.80,85.32,-12.10,1
232068,393,569,756,955,8,33,0,25.64,1018.46,26.85,84.89,-12.10,1
233064,393,570,757,955,7,32,0,25.64,1018.46,26.89,84.89,-12.19,1
234060,394,570,757,955,7,33,0,25.64,1018.47,26.92,84.89,-12.19,1
235056,396,570,757,955,6,33,0,25.64,1018.47,26.93,84.55,-12.19,1
236052,396,570,757,955,7,33,0,25.64,1018.47,26.94,84.46,-12.10,1
237048,397,570,758,955,6,33,0,25.64,1018.46,26.93,84.29,-12.10,1
238044,399,571,758,956,7,34,0,25.64,1018.46,26.94,84.04,-12.02,1
239040,401,572,757,955,7,33,0,25.64,1018.45,26.95,84.21,-12.02,1
240036,402,572,757,956,8,32,0,25.64,1018.45,26.95,83.79,-12.02,1
241032,401,572,757,955,7,34,0,25.64,1018.45,26.98,83.87,-12.02,1
242028,401,572,757,955,8,34,0,25.64,1018.45,27.00,83.79,-11.94,1
243024,400,572,757,956,7,33,0,25.64,1018.44,27.05,83.54,-11.85,1
244020,400,572,757,955,8,34,0,25.64,1018.43,27.09,83.13,-11.77,1
245016,400,572,757,955,7,33,0,25.64,1018.42,27.13,83.21,-11.69,1
246012,401,572,758,956,7,33,0,25.64,1018.41,27.13,82.47,-11.69,1
247008,401,572,757,955,7,33,0,25.64,1018.41,27.13,82.72,-11.61,1
248004,402,572,758,956,7,33,0,25.64,1018.40,27.12,82.23,-11.61,1
249000,402,572,757,955,7,33,0,25.64,1018.40,27.07,82.56,-11.61,1
249996,403,573,758,956,7,32,0,25.64,1018.40,27.05,82.72,-11.61,1
250992,403,573,757,955,7,33,0,25.64,1018.40,27.02,82.88,-11.52,1
251988,403,573,758,956,7,32,0,25.64,1018.39,27.01,83.37,-11.44,1
252984,405,573,758,956,7,32,0,25.64,1018.38,27.02,83.05,-11.44,1
253980,405,573,758,956,7,32,0,25.64,1018.38,27.02,83.29,-11.36,1
254976,405,573,758,957,7,33,0,25.64,1018.37,27.03,83.05,-11.36,1
255972,405,573,758,956,7,33,0,25.64,1018.37,27.05,82.39,-11.36,1
256968,403,573,758,955,6,32,0,25.64,1018.37,27.07,82.47,-11.36,1
257964,403,572,757,956,7,33,0,25.64,1018.37,27.10,81.67,-11.36,1
258960,403,573,757,955,8,32,0,25.64,1018.37,27.09,81.36,-11.28,1
259956,402,573,757,956,7,32,0,25.64,1018.36,27.07,81.28,-11.28,1
260952,402,573,758,956,7,32,0,25.64,1018.36,27.06,80.89,-11.19,1
261948,401,572,757,955,7,32,0,25.64,1018.35,27.02,81.28,-11.28,1
262944,401,572,755,956,7,31,0,25.64,1018.36,26.99,81.51,-11.28,1
263940,399,571,753,955,7,31,0,25.64,1018.36,26.96,81.44,-11.28,1
264936,396,570,751,954,7,32,0,25.64,1018.36,26.94,81.44,-11.36,1
265932,392,569,748,954,8,32,0,25.64,1018.37,26.96,81.91,-11.36,1
266928,388,568,746,954,7,32,0,25.64,1018.37,27.00,81.75,-11.36,1
267924,386,567,745,954,6,31,0,25.64,1018.37,27.01,81.83,-11.36,1
268920,383,567,743,955,7,31,0,25.64,1018.37,27.05,81.59,-11.36,1
269916,380,567,742,955,7,32,0,25.64,1018.37,27.04,81.59,-11.44,1
270912,379,567,742,954,7,31,0,25.64,1018.38,27.03,81.67,-11.36,1
271908,378,566,742,954,6,32,0,25.64,1018.37,27.01,81.04,-11.36,1
272904,378,566,742,955,7,31,0,25.64,1018.37,26.98,81.44,-11.36,1
273900,377,567,742,954,7,31,0,25.64,1018.37,26.95,81.12,-11.36,1
274896,378,566,743,954,7,31,0,25.64,1018.37,26.95,81.20,-11.36,1
275892,378,567,745,955,7,32,0,25.64,1018.37,26.98,81.67,-11.36,1
276888,379,567,745,955,7,32,0,25.64,1018.37,27.01,81.44,-11.44,1
277884,380,567,747,955,7,32,0,25.64,1018.38,27.03,81.44,-11.52,1
278880,381,567,748,955,7,32,0,25.64,1018.39,27.05,81.59,-11.61,1
279876,383,567,749,955,7,33,0,25.64,1018.40,27.09,81.67,-11.61,1
280872,383,567,749,955,7,32,0,25.64,1018.40,27.13,81.91,-11.61,1
281868,384,567,750,956,6,33,0,25.65,1018.40,27.18,82.23,-11.61,1
282864,384,567,751,955,7,36,0,25.65,1018.40,27.21,82.47,-11.61,1
283860,385,567,751,955,6,33,0,25.65,1018.40,27.22,82.07,-11.69,1
284856,384,566,751,955,6,33,0,25.65,1018.41,27.25,82.07,-11.77,1
285852,384,567,751,955,6,33,0,25.65,1018.42,27.26,81.91,-11.69,1
286848,384,566,750,954,7,32,0,25.65,1018.41,27.25,81.75,-11.69,1
287844,384,567,751,955,7,33,0,25.65,1018.41,27.22,81.91,-11.69,1
288840,384,567,751,955,7,33,0,25.65,1018.41,27.19,81.83,-11.69,1
289836,384,567,751,955,6,33,0,25.65,1018.41,27.18,82.07,-11.77,1
290832,384,567,751,955,7,33,0,25.65,1018.42,27.15,81.28,-11.77,1
291828,384,567,751,955,7,32,0,25.65,1018.42,27.14,81.44,-11.77,1
292824,386,568,752,955,7,33,0,25.65,1018.42,27.15,81.28,-11.85,1
293820,386,568,753,955,7,34,0,25.65,1018.43,27.16,81.28,-11.85,1
294816,389,569,753,955,7,35,0,25.65,1018.43,27.15,81.04,-11.94,1
295812,390,568,754,955,6,34,0,25.65,1018.44,27.14,80.73,-11.85,1
296808,390,570,754,955,7,33,0,25.65,1018.43,27.12,80.73,-11.94,1
297804,392,570,754,955,6,33,0,25.65,1018.44,27.10,80.19,-11.85,1
298800,393,570,754,955,7,34,0,25.66,1018.43,27.10,80.50,-12.02,1
299796,393,571,755,956,7,33,0,25.66,1018.45,27.13,80.42,-11.94,1
300792,395,571,755,955,6,30,0,25.66,1018.44,27.15,80.50,-11.94,1
301788,396,572,755,956,7,33,0,25.66,1018.44,27.18,80.65,-11.94,1
302784,397,572,755,956,7,34,0,25.65,1018.44,27.20,80.50,-11.94,1
303780,397,572,756,956,6,33,0,25.66,1018.44,27.18,79.81,-11.94,1
304776,397,572,756,956,7,35,0,25.66,1018.44,27.15,79.74,-11.85,1
305772,398,572,756,956,7,35,0,25.66,1018.43,27.12,79.81,-11.85,1
306768,400,572,757,956,7,35,0,25.66,1018.43,27.10,79.89,-11.85,1
307764,401,573,757,956,8,35,0,25.66,1018.43,27.08,79.89,-11.85,1
308760,401,573,757,956,8,35,0,25.66,1018.43,27.08,80.12,-11.85,1
309756,401,573,756,956,8,39,0,25.65,1018.43,27.09,79.89,-11.85,1
310752,401,573,755,955,7,35,0,25.65,1018.43,27.09,80.42,-11.85,1
311748,401,573,754,956,7,35,0,25.65,1018.43,27.11,80.50,-11.94,1
312744,402,573,753,956,8,35,0,25.65,1018.44,27.10,80.50,-11.94,1
313740,401,574,753,956,8,35,0,25.65,1018.44,27.12,80.73,-11.94,1
314736,402,573,753,956,8,35,0,25.65,1018.44,27.13,80.89,-11.94,1
315732,403,574,754,956,8,35,0,25.65,1018.44,27.11,80.73,-12.02,1
316728,404,574,754,956,8,35,0,25.65,1018.45,27.08,81.12,-12.02,1
317724,405,575,754,957,7,35,0,25.65,1018.45,27.11,81.28,-12.02,1
318720,406,575,753,956,7,35,0,25.65,1018.45,27.10,81.36,-12.02,1
319716,406,576,753,956,7,35,0,25.65,1018.45,27.12,81.12,-12.02,1
320712,408,576,752,957,7,35,0,25.65,1018.45,27.11,81.12,-12.10,1
321708,408,577,752,956,7,34,0,25.65,1018.46,27.09,80.97,-12.19,1
322704,408,577,752,956,8,35,0,25.65,1018.47,27.09,80.97,-12.19,1
323700,407,576,751,956,7,34,0,25.65,1018.47,27.09,81.04,-12.19,1
324696,407,576,751,956,7,35,0,25.65,1018.47,27.10,80.97,-12.19,1
325692,407,577,751,956,7,35,0,25.65,1018.47,27.13,80.81,-12.19,1
326688,408,577,752,956,7,33,0,25.65,1018.47,27.15,80.42,-12.19,1
327684,408,577,752,957,7,34,0,25.65,1018.47,27.15,80.42,-12.19,1
328680,409,577,753,957,7,35,0,25.65,1018.47,27.17,80.04,-12.19,1
329676,408,577,754,956,7,35,0,25.65,1018.47,27.18,80.19,-12.19,1
330672,409,577,754,957,8,35,0,25.65,1018.47,27.20,80.04,-12.10,1
331668,409,576,754,957,7,35,0,25.65,1018.46,27.22,79.59,-12.10,1
332664,408,576,754,957,8,35,0,25.65,1018.46,27.24,79.74,-12.19,1
333660,408,576,754,956,7,35,0,25.65,1018.47,27.26,79.66,-12.10,1
334656,408,577,754,957,7,35,0,25.65,1018.46,27.26,79.44,-12.19,1
335652,408,577,755,957,7,34,0,25.65,1018.47,27.28,79.51,-12.19,1
336648,409,577,755,957,8,35,0,25.65,1018.47,27.29,78.99,-12.10,1
337644,410,577,755,956,7,35,0,25.65,1018.46,27.30,79.06,-12.19,1
338640,409,576,755,956,8,35,0,25.65,1018.47,27.29,78.99,-12.10,1
339636,409,576,754,956,8,35,0,25.65,1018.46,27.32,79.14,-12.10,1
340632,406,575,753,956,7,35,0,25.65,1018.46,27.35,79.81,-12.10,1
341628,405,575,753,956,7,35,0,25.65,1018.46,27.38,79.21,-12.10,1
342624,404,574,753,956,8,36,0,25.65,1018.46,27.39,79.29,-12.19,1
343620,403,575,752,956,8,35,0,25.65,1018.47,27.40,78.99,-12.10,1
344616,403,575,753,956,7,34,0,25.65,1018.46,27.38,79.14,-12.19,1
345612,404,575,753,956,7,35,0,25.65,1018.47,27.36,78.54,-12.19,1
346608,404,575,753,956,7,35,0,25.65,1018.47,27.30,78.54,-12.19,1
347604,405,576,752,956,7,35,0,25.65,1018.47,27.28,78.84,-12.19,1
348600,406,576,752,956,7,35,0,25.65,1018.47,27.29,79.06,-12.19,1
349596,406,576,752,956,7,35,0,25.65,1018.47,27.28,79.06,-12.10,1
350592,406,577,753,957,7,34,0,25.65,1018.46,27.29,79.14,-12.10,1
351588,406,577,753,956,7,34,0,25.65,1018.46,27.31,78.99,-12.10,1
352584,408,578,753,956,8,36,0,25.65,1018.46,27.29,79.29,-12.10,1
353580,409,578,753,957,8,34,0,25.65,1018.46,27.28,78.77,-12.19,1
354576,410,579,752,957,7,34,0,25.65,1018.47,27.27,78.62,-12.10,1
355572,411,580,752,957,7,35,0,25.65,1018.46,27.26,78.69,-12.10,1
356568,411,580,752,957,7,34,0,25.65,1018.46,27.25,78.54,-12.10,1
357564,411,580,752,957,7,35,0,25.65,1018.46,27.26,78.54,-12.10,1
358560,413,581,753,957,7,35,0,25.65,1018.46,27.25,78.40,-12.02,1
359556,413,581,752,958,8,35,0,25.65,1018.45,27.22,78.11,-12.02,1
360552,413,581,752,957,7,37,0,25.65,1018.45,27.21,78.11,-11.94,1
361548,412,581,752,957,7,33,0,25.64,1018.44,27.19,78.25,-11.85,1
362544,412,581,752,957,8,35,0,25.64,1018.43,27.19,78.25,-11.85,1
363540,411,582,753,957,9,33,0,25.64,1018.43,27.21,78.54,-11.85,1
364536,411,581,753,958,8,35,0,25.64,1018.43,27.21,78.84,-11.94,1
365532,410,581,754,957,7,35,0,25.64,1018.44,27.22,78.40,-12.02,1
366528,409,581,754,957,8,35,0,25.64,1018.45,27.20,78.47,-12.02,1
367524,408,580,754,957,8,35,0,25.64,1018.45,27.20,77.96,-11.94,1
368520,407,580,752,957,7,35,0,25.64,1018.44,27.18,77.96,-12.02,1
369516,404,579,751,956,7,35,0,25.64,1018.45,27.20,78.40,-12.02,1
370512,402,579,750,956,7,35,0,25.64,1018.45,27.19,78.40,-12.10,1
371508,401,578,750,956,8,35,0,25.64,1018.46,27.18,78.47,-12.10,1
372504,399,578,749,956,6,34,0,25.64,1018.46,27.18,78.62,-12.02,1
373500,398,577,748,956,7,34,0,25.64,1018.45,27.15,78.77,-12.02,1
374496,396,577,748,956,7,34,0,25.64,1018.45,27.14,79.21,-12.02,1
375492,394,576,747,956,8,34,0,25.64,1018.45,27.13,78.84,-12.02,1
376488,392,575,745,956,7,34,0,25.64,1018.45,27.09,79.29,-12.02,1
377484,391,575,745,955,7,34,0,25.64,1018.45,27.06,79.44,-12.02,1
378480,389,574,745,955,7,34,0,25.64,1018.45,27.03,79.66,-12.02,1
379476,389,574,745,955,7,33,0,25.64,1018.45,27.04,79.96,-12.10,1
380472,389,574,746,955,7,34,0,25.64,1018.46,27.06,80.04,-12.02,1
381468,390,574,746,955,7,34,0,25.64,1018.45,27.06,79.74,-12.10,1
382464,389,574,747,955,7,34,0,25.64,1018.46,27.06,80.04,-12.19,1
383460,390,573,748,955,7,34,0,25.64,1018.47,27.07,80.04,-12.19,1
384456,391,574,748,955,8,35,0,25.64,1018.47,27.08,79.74,-12.10,1
385452,392,574,749,956,8,34,0,25.64,1018.46,27.08,80.35,-12.10,1
386448,393,574,750,956,7,35,0,25.64,1018.46,27.08,79.96,-12.10,1
387444,393,574,751,955,7,34,0,25.64,1018.46,27.09,79.89,-12.10,1
388440,392,574,750,955,8,34,0,25.64,1018.46,27.10,79.74,-12.19,1
389436,391,573,750,955,6,33,0,25.63,1018.47,27.10,80.27,-12.10,1
390432,390,573,750,955,7,34,0,25.63,1018.46,27.13,79.74,-12.10,1
391428,390,574,751,955,7,34,0,25.63,1018.46,27.11,79.89,-12.10,1
392424,390,573,751,955,8,34,0,25.63,1018.46,27.10,79.51,-12.10,1
393420,389,572,750,955,7,33,0,25.63,1018.46,27.08,79.06,-12.10,1
394416,388,572,750,954,8,33,0,25.63,1018.46,27.04,79.66,-12.10,1
395412,387,572,749,955,7,33,0,25.63,1018.46,27.04,79.74,-12.10,1
396408,385,572,750,955,7,33,0,25.63,1018.46,27.02,80.27,-12.10,1
397404,384,572,750,955,8,33,0,25.63,1018.46,27.04,80.19,-12.10,1
398400,385,572,750,955,7,34,0,25.63,1018.46,27.06,80.35,-12.10,1
399396,386,572,751,956,8,33,0,25.63,1018.46,27.08,80.50,-12.10,1
400392,387,572,751,955,7,33,0,25.63,1018.46,27.10,80.35,-12.19,1
401388,389,573,751,956,7,34,0,25.63,1018.47,27.12,80.04,-12.10,1
402384,391,573,751,956,8,33,0,25.63,1018.46,27.12,80.12,-12.10,1
403380,392,573,751,956,7,33,0,25.63,1018.46,27.13,80.12,-12.10,1
404376,394,574,751,955,7,33,0,25.63,1018.46,27.15,80.35,-12.10,1
405372,395,575,752,956,6,33,0,25.62,1018.46,27.16,79.44,-12.10,1
406368,397,575,752,956,7,33,0,25.62,1018.46,27.17,79.51,-12.10,1
407364,397,575,752,956,8,35,0,25.62,1018.46,27.16,79.21,-12.19,1
408360,398,575,751,956,8,33,0,25.62,1018.47,27.17,78.69,-12.19,1
409356,398,575,750,956,10,33,0,25.62,1018.47,27.19,79.36,-12.19,1
410352,397,575,751,956,8,33,0,25.62,1018.47,27.21,78.62,-12.19,1
411348,396,575,751,956,8,33,0,25.62,1018.47,27.21,78.91,-12.19,1
412344,397,575,751,955,8,33,0,25.62,1018.47,27.22,79.29,-12.27,1
413340,397,575,751,956,7,33,0,25.62,1018.48,27.21,79.06,-12.27,1
414336,397,576,751,956,7,33,0,25.62,1018.48,27.23,79.36,-12.27,1
415332,397,575,752,956,7,33,0,25.62,1018.48,27.24,79.29,-12.35,1
416328,397,575,751,955,7,34,0,25.62,1018.49,27.23,79.06,-12.35,1
417324,394,573,749,956,8,34,0,25.62,1018.49,27.24,79.14,-12.35,1
418320,392,573,747,955,7,34,0,25.62,1018.49,27.23,78.99,-12.44,1
419316,389,573,747,955,7,38,0,25.62,1018.50,27.26,79.36,-12.44,1
420312,389,573,747,954,8,34,0,25.63,1018.50,27.26,79.14,-12.52,1
421308,389,572,747,955,7,34,0,25.62,1018.51,27.27,79.14,-12.44,1
422304,389,573,747,955,8,33,0,25.62,1018.50,27.24,78.77,-12.52,1
423300,388,573,749,955,8,35,0,25.63,1018.51,27.23,78.91,-12.44,1
424296,389,572,749,955,8,35,0,25.62,1018.50,27.22,78.91,-12.44,1
425292,389,573,750,956,8,33,0,25.62,1018.50,27.19,78.77,-12.44,1
426288,389,572,750,955,8,35,0,25.62,1018.50,27.16,78.69,-12.44,1
427284,388,572,751,955,9,35,0,25.63,1018.50,27.15,78.77,-12.44,1
428280,389,573,752,955,8,35,0,25.62,1018.50,27.13,78.62,-12.44,1
429276,388,572,751,955,8,35,0,25.62,1018.50,27.12,78.91,-12.52,1
430272,388,572,751,955,8,35,0,25.63,1018.51,27.09,78.99,-12.44,1
431268,388,572,752,955,8,35,0,25.62,1018.50,27.07,78.62,-12.35,1
432264,390,573,752,955,8,34,0,25.62,1018.49,27.04,79.29,-12.27,1
433260,391,573,753,956,9,34,0,25.62,1018.48,27.04,78.99,-12.27,1
434256,392,573,753,955,8,34,0,25.62,1018.48,27.01,79.59,-12.35,1
435252,392,572,753,955,8,35,0,25.62,1018.49,27.01,80.04,-12.35,1
436248,393,573,754,956,8,35,0,25.62,1018.49,26.99,80.04,-12.35,1
437244,394,573,754,956,8,35,0,25.62,1018.49,26.98,80.50,-12.44,1
438240,393,573,754,955,8,32,0,25.62,1018.50,26.99,80.19,-12.44,1
439236,393,572,753,955,8,35,0,25.62,1018.50,26.99,80.42,-12.52,1
440232,393,572,752,955,10,34,0,25.62,1018.51,27.00,80.81,-12.52,1
441228,393,572,753,955,8,35,0,25.62,1018.51,27.05,80.89,-12.44,1
442224,392,572,752,955,8,35,0,25.62,1018.50,27.11,81.12,-12.44,1
443220,390,572,752,955,8,35,0,25.62,1018.50,27.14,81.04,-12.52,1
444216,390,571,751,955,8,35,0,25.62,1018.51,27.13,80.27,-12.44,1
445212,389,572,752,955,8,35,0,25.62,1018.50,27.13,80.58,-12.44,1
446208,390,571,752,955,8,35,0,25.62,1018.50,27.14,80.19,-12.44,1
447204,389,571,753,956,8,34,0,25.62,1018.50,27.15,80.04,-12.44,1
448200,388,571,752,955,8,34,0,25.62,1018.50,27.15,79.44,-12.52,1
449196,387,570,752,955,8,35,0,25.62,1018.51,27.15,79.14,-12.52,1
450192,387,571,752,955,8,35,0,25.62,1018.51,27.15,79.66,-12.52,1
451188,385,571,752,955,7,35,0,25.62,1018.51,27.17,79.14,-12.44,1
452184,385,570,751,956,8,35,0,25.62,1018.50,27.18,78.99,-12.52,1
453180,385,570,751,955,8,33,0,25.62,1018.51,27.20,78.69,-12.52,1
454176,384,570,752,955,8,34,0,25.62,1018.51,27.20,79.14,-12.44,1
455172,383,570,752,955,9,34,0,25.62,1018.50,27.20,78.62,-12.52,1
456168,382,570,751,955,8,35,0,25.62,1018.51,27.17,78.54,-12.52,1
457164,381,569,751,955,9,35,0,25.61,1018.51,27.15,78.54,-12.60,1
458160,381,570,752,955,8,35,0,25.61,1018.52,27.12,78.47,-12.60,1
459156,379,569,752,955,9,35,0,25.61,1018.52,27.11,78.91,-12.60,1
460152,378,569,750,954,8,36,0,25.61,1018.52,27.12,79.44,-12.68,1
461148,375,567,749,955,9,36,0,25.61,1018.53,27.14,79.81,-12.68,1
462144,373,567,747,955,9,36,0,25.61,1018.53,27.17,79.89,-12.68,1
463140,372,567,747,954,9,35,0,25.61,1018.53,27.17,80.04,-12.68,1
464136,372,567,747,954,8,36,0,25.61,1018.53,27.15,79.81,-12.60,1
465132,371,567,747,954,9,36,0,25.61,1018.52,27.11,79.96,-12.60,1
466128,370,567,747,955,9,34,0,25.61,1018.52,27.09,79.96,-12.60,1
467124,371,567,747,954,9,35,0,25.62,1018.52,27.04,80.19,-12.60,1
468120,371,567,748,955,9,35,0,25.62,1018.52,27.02,79.81,-12.60,1
469116,373,568,748,954,9,35,0,25.62,1018.52,27.00,80.27,-12.60,1
470112,374,568,748,955,10,35,0,25.61,1018.52,26.97,80.58,-12.68,1
471108,375,568,750,954,9,35,0,25.61,1018.53,26.97,80.89,-12.68,1
472104,377,569,751,955,9,35,0,25.61,1018.53,26.99,80.97,-12.68,1
473100,378,570,751,956,9,34,0,25.61,1018.53,27.00,81.20,-12.68,1
474096,379,570,751,955,9,34,0,25.61,1018.53,27.04,81.12,-12.68,1
475092,382,571,751,955,9,32,0,25.61,1018.53,27.05,80.97,-12.77,1
476088,384,571,751,956,9,35,0,25.61,1018.54,27.05,80.97,-12.77,1
477084,386,572,751,955,8,35,0,25.61,1018.54,27.05,80.27,-12.77,1
478080,388,572,752,956,9,35,0,25.61,1018.54,27.05,79.96,-12.77,1
479076,389,573,752,955,9,35,0,25.61,1018.54,27.03,80.58,-12.85,1
480072,390,572,751,955,9,35,0,25.61,1018.55,27.03,80.35,-12.85,1
481068,391,573,752,956,9,35,0,25.61,1018.55,27.06,80.89,-12.77,1
482064,391,573,752,955,9,35,0,25.61,1018.54,27.12,81.28,-12.85,1
483060,392,573,753,956,9,35,0,25.61,1018.55,27.19,81.51,-12.93,1
484056,393,574,753,956,8,35,0,25.61,1018.56,27.23,81.44,-13.02,1
485052,394,574,753,955,9,36,0,25.61,1018.57,27.27,81.36,-13.02,1
486048,394,573,753,956,10,35,0,25.62,1018.57,27.30,81.59,-12.93,1
487044,395,574,753,956,8,36,0,25.62,1018.56,27.32,81.04,-12.93,1
488040,396,574,752,956,9,39,0,25.62,1018.56,27.34,80.58,-12.85,1
489036,397,575,751,956,9,35,0,25.62,1018.55,27.34,80.50,-12.93,1
490032,397,575,751,956,9,40,0,25.62,1018.56,27.35,80.73,-12.85,1
491028,397,574,751,956,8,36,0,25.62,1018.55,27.35,80.65,-12.85,1
492024,398,575,751,956,8,36,0,25.62,1018.55,27.40,80.65,-12.85,1
493020,398,574,750,955,9,36,0,25.62,1018.55,27.41,80.04,-12.77,1
494016,397,575,750,955,8,36,0,25.62,1018.54,27.42,80.19,-12.68,1
495012,397,574,749,956,9,36,0,25.62,1018.53,27.43,80.04,-12.68,1
496008,396,574,750,956,8,36,0,25.62,1018.53,27.47,79.81,-12.60,1
497004,396,574,749,956,7,35,0,25.62,1018.52,27.45,79.59,-12.60,1
498000,395,574,749,956,8,36,0,25.62,1018.52,27.44,79.66,-12.60,1
498996,397,574,749,956,9,37,0,25.62,1018.52,27.44,79.59,-12.60,1
499992,396,573,750,956,8,37,0,25.62,1018.52,27.42,79.14,-12.60,1
500988,394,573,750,955,9,36,0,25.62,1018.52,27.41,79.14,-12.60,1
501984,393,573,749,955,8,36,0,25.62,1018.52,27.39,78.99,-12.60,1
502980,393,573,750,955,9,37,0,25.62,1018.52,27.39,79.59,-12.68,1
503976,392,573,751,956,9,36,0,25.62,1018.53,27.41,79.29,-12.68,1
504972,393,573,751,955,9,37,0,25.62,1018.53,27.42,78.91,-12.68,1
505968,392,573,750,956,9,35,0,25.62,1018.53,27.42,78.91,-12.68,1
506964,391,573,750,955,9,37,0,25.62,1018.53,27.41,78.77,-12.68,1
507960,391,572,750,955,9,41,0,25.62,1018.53,27.43,78.77,-12.68,1
508956,390,572,749,955,9,37,0,25.62,1018.53,27.42,78.69,-12.60,1
509952,390,572,749,955,9,38,0,25.62,1018.52,27.43,78.84,-12.60,1
510948,388,572,749,955,9,37,0,25.62,1018.52,27.42,78.32,-12.60,1
511944,387,572,748,954,9,37,0,25.61,1018.52,27.41,78.18,-12.52,1
512940,385,571,747,954,10,38,0,25.61,1018.51,27.40,78.40,-12.52,1
513936,385,571,747,955,9,37,0,25.61,1018.51,27.42,78.54,-12.44,1
514932,384,571,748,955,10,38,0,25.61,1018.50,27.44,78.40,-12.44,1
515928,384,571,749,955,9,37,0,25.61,1018.50,27.42,78.32,-12.52,1
516924,384,570,749,955,10,37,0,25.61,1018.51,27.42,77.96,-12.44,1
517920,384,571,750,955,9,37,0,25.61,1018.50,27.41,77.82,-12.52,1
518916,386,571,751,955,8,37,0,25.61,1018.51,27.40,77.89,-12.44,1
