timestamp,NO2,C2H50H,VOC,CO,Alcohol,LPG,Benzene,Temperature,Pressure,Humidity,Gas_Resistance,Altitude,State174300,257,295,582,800,5,20,4294967295,25.15,1008.77,28.14,339.21,68.49,1
175296,256,294,580,800,5,21,4294967295,25.15,1008.77,28.17,340.60,68.49,1
176292,254,294,579,799,6,27,4294967295,25.15,1008.77,28.21,343.43,68.49,1
177288,253,293,578,799,5,21,4294967295,25.15,1008.77,28.28,342.72,68.49,1
178284,252,293,576,800,6,20,4294967295,25.15,1008.77,28.32,343.79,68.41,1
179280,250,292,575,799,6,21,4294967295,25.15,1008.78,28.37,344.15,68.33,1
180276,249,292,573,800,6,21,4294967295,25.15,1008.79,28.41,346.68,68.33,1
181272,248,291,572,800,6,20,4294967295,25.14,1008.79,28.44,346.31,68.24,1
182268,246,291,571,800,5,21,4294967295,25.14,1008.80,28.47,345.95,68.33,1
183264,246,290,570,800,5,21,4294967295,25.14,1008.79,28.50,348.14,68.33,1
184260,245,290,568,799,6,20,4294967295,25.14,1008.79,28.52,347.77,68.41,1
185256,243,290,567,800,5,21,4294967295,25.15,1008.78,28.52,349.24,68.41,1
186252,242,289,566,800,5,22,4294967295,25.15,1008.78,28.52,348.87,68.41,1
187248,241,289,565,800,5,20,4294967295,25.15,1008.78,28.53,352.22,68.49,1
188244,240,288,563,800,5,20,4294967295,25.15,1008.77,28.55,349.61,68.49,1
189240,239,288,562,799,6,20,4294967295,25.15,1008.77,28.57,350.72,68.49,1
190236,238,287,561,799,6,20,4294967295,25.15,1008.77,28.59,352.59,68.41,1
191232,237,287,559,800,5,20,4294967295,25.15,1008.78,28.62,352.59,68.33,1
192228,236,287,558,800,6,20,4294967295,25.15,1008.79,28.65,351.84,68.33,1
193224,236,287,558,800,5,21,4294967295,25.15,1008.79,28.64,354.10,68.33,1
194220,234,286,556,800,5,19,4294967295,25.15,1008.79,28.64,354.10,68.24,1
195216,234,286,556,800,6,20,4294967295,25.16,1008.80,28.63,351.84,68.24,1
196212,233,285,554,800,6,20,4294967295,25.16,1008.80,28.63,354.48,68.16,1
197208,232,286,553,800,5,21,4294967295,25.16,1008.81,28.64,354.48,68.24,1
198204,231,285,553,800,5,20,4294967295,25.16,1008.80,28.65,358.32,68.16,1
199200,231,285,552,800,7,21,4294967295,25.16,1008.81,28.66,355.25,68.24,1
200196,229,285,552,801,6,21,4294967295,25.16,1008.80,28.65,355.63,68.24,1
201192,229,284,551,802,5,23,4294967295,25.17,1008.80,28.65,354.86,68.16,1
202188,229,285,550,802,6,22,4294967295,25.17,1008.81,28.66,357.16,68.24,1
203184,228,285,549,803,6,21,4294967295,25.17,1008.80,28.67,357.16,68.24,1
204180,227,284,549,803,5,21,4294967295,25.17,1008.80,28.67,358.71,68.24,1
205176,227,284,549,802,6,20,4294967295,25.18,1008.80,28.68,357.16,68.24,1
206172,227,284,548,803,6,20,4294967295,25.18,1008.80,28.69,357.94,68.33,1
207168,226,284,547,803,6,20,4294967295,25.18,1008.79,28.70,355.25,68.33,1
208164,226,284,546,803,6,20,4294967295,25.18,1008.79,28.71,359.89,68.33,1
209160,225,283,545,804,5,21,4294967295,25.18,1008.79,28.72,356.39,68.24,1
210156,225,284,545,803,6,23,4294967295,25.19,1008.80,28.70,359.10,68.24,1
211152,225,283,544,803,6,20,4294967295,25.19,1008.80,28.71,357.94,68.24,1
212148,223,283,544,804,5,20,4294967295,25.19,1008.80,28.69,358.32,68.24,1
213144,223,283,542,804,6,21,4294967295,25.19,1008.80,28.68,357.55,68.16,1
214140,223,283,541,803,6,21,4294967295,25.19,1008.81,28.67,356.78,68.16,1
215136,222,282,540,804,6,21,4294967295,25.20,1008.81,28.66,359.49,68.07,1
216132,222,282,540,803,6,20,4294967295,25.20,1008.82,28.65,361.06,67.99,1
217128,221,282,539,804,6,21,4294967295,25.20,1008.83,28.65,360.28,67.91,1
218124,221,282,538,803,6,21,4294967295,25.20,1008.84,28.65,357.94,67.91,1
219120,221,282,537,803,6,21,4294967295,25.20,1008.84,28.63,359.89,67.82,1
220116,221,282,537,804,6,20,4294967295,25.21,1008.85,28.62,361.46,67.82,1
221112,220,282,538,805,5,21,4294967295,25.21,1008.85,28.61,358.71,67.82,1
222108,221,282,539,806,7,21,4294967295,25.21,1008.85,28.61,362.25,67.82,1
223104,221,283,539,806,6,21,4294967295,25.21,1008.85,28.61,360.28,67.82,1
224100,221,283,539,806,6,20,4294967295,25.21,1008.85,28.60,361.06,67.74,1
225096,222,282,540,807,6,20,4294967295,25.22,1008.86,28.60,360.67,67.74,1
226092,222,283,541,807,5,21,4294967295,25.22,1008.86,28.60,361.06,67.66,1
227088,222,283,542,808,6,20,4294967295,25.22,1008.87,28.60,360.28,67.57,1
228084,223,283,542,808,6,20,4294967295,25.22,1008.88,28.62,361.06,67.57,1
229080,223,283,542,808,6,21,4294967295,25.22,1008.88,28.63,360.67,67.49,1
230076,224,283,543,808,6,21,4294967295,25.22,1008.89,28.63,360.28,67.41,1
231072,224,284,544,809,6,21,4294967295,25.22,1008.90,28.61,361.46,67.32,1
232068,225,283,543,809,5,21,4294967295,25.23,1008.91,28.63,363.05,67.24,1
233064,225,283,543,809,6,21,4294967295,25.23,1008.92,28.63,361.86,67.24,1
234060,226,283,545,809,5,20,4294967295,25.23,1008.92,28.63,363.05,67.24,1
235056,227,284,546,810,6,20,4294967295,25.23,1008.92,28.62,362.65,67.24,1
236052,228,284,546,810,6,20,4294967295,25.23,1008.92,28.60,363.05,67.24,1
237048,228,283,545,810,6,19,4294967295,25.23,1008.92,28.59,362.25,67.16,1
238044,228,284,545,810,6,20,4294967295,25.23,1008.93,28.56,363.05,67.07,1
239040,227,284,545,810,6,20,4294967295,25.23,1008.94,28.56,364.25,67.07,1
240036,228,283,546,809,6,21,4294967295,25.23,1008.94,28.56,364.25,67.07,1
241032,229,284,547,810,6,21,4294967295,25.24,1008.94,28.57,363.05,66.99,1
242028,230,285,548,811,6,20,4294967295,25.24,1008.95,28.59,363.05,66.91,1
243024,232,285,549,811,6,21,4294967295,25.24,1008.96,28.58,364.25,66.91,1
244020,233,285,550,812,6,21,4294967295,25.24,1008.96,28.58,363.45,66.74,1
245016,233,286,550,812,6,21,4294967295,25.24,1008.98,28.59,364.25,66.74,1
246012,235,285,551,811,6,21,4294967295,25.24,1008.98,28.58,363.85,66.74,1
247008,235,286,550,811,5,20,4294967295,25.24,1008.98,28.58,365.05,66.82,1
248004,234,286,550,811,6,23,4294967295,25.25,1008.97,28.58,364.65,66.82,1
249000,235,286,551,811,6,20,4294967295,25.25,1008.97,28.59,365.05,66.91,1
249996,235,285,552,812,6,21,4294967295,25.25,1008.96,28.62,364.25,66.91,1
250992,236,286,554,812,6,21,4294967295,25.25,1008.96,28.64,363.85,66.99,1
251988,237,286,554,812,6,21,4294967295,25.25,1008.95,28.66,364.25,66.99,1
252984,239,287,555,813,6,20,4294967295,25.25,1008.95,28.67,361.46,67.07,1
253980,239,287,555,813,5,20,4294967295,25.25,1008.94,28.67,362.65,67.16,1
254976,239,287,555,813,6,21,4294967295,25.26,1008.93,28.66,361.46,67.32,1
255972,239,287,555,812,6,21,4294967295,25.26,1008.91,28.66,364.25,67.41,1
256968,239,287,555,813,6,19,4294967295,25.26,1008.90,28.64,362.65,67.49,1
257964,240,287,556,812,6,21,4294967295,25.26,1008.89,28.64,363.45,67.57,1
258960,240,287,557,813,6,20,4294967295,25.26,1008.88,28.62,364.65,67.66,1
259956,241,288,558,814,6,21,4294967295,25.26,1008.87,28.61,365.86,67.74,1
260952,242,288,558,814,5,20,4294967295,25.26,1008.86,28.60,364.25,67.82,1
261948,243,289,560,814,5,20,4294967295,25.26,1008.85,28.59,363.85,67.82,1
262944,244,289,560,814,5,20,4294967295,25.26,1008.85,28.60,364.65,67.91,1
263940,244,289,561,814,5,20,4294967295,25.26,1008.84,28.63,364.25,67.99,1
264936,245,289,561,813,5,20,4294967295,25.27,1008.83,28.64,363.45,68.07,1
265932,246,289,561,813,5,20,4294967295,25.27,1008.82,28.67,363.05,68.16,1
266928,246,289,563,813,5,20,4294967295,25.27,1008.81,28.66,361.06,68.16,1
267924,247,289,562,813,5,20,4294967295,25.27,1008.81,28.67,363.05,68.33,1
268920,247,289,564,813,5,20,4294967295,25.27,1008.79,28.66,362.65,68.41,1
269916,247,289,565,814,5,20,4294967295,25.27,1008.78,28.64,365.05,68.58,1
270912,249,289,566,814,6,20,4294967295,25.27,1008.76,28.63,363.45,68.58,1
271908,250,290,567,814,5,19,4294967295,25.27,1008.76,28.62,364.65,68.58,1
272904,252,290,567,815,6,21,4294967295,25.27,1008.76,28.60,365.86,68.58,1
273900,252,290,567,814,6,21,4294967295,25.27,1008.76,28.58,365.86,68.66,1
274896,253,290,568,815,7,21,4294967295,25.27,1008.75,28.56,367.49,68.66,1
275892,252,290,568,814,6,20,4294967295,25.27,1008.75,28.57,361.86,68.66,1
276888,252,290,569,814,5,22,4294967295,25.27,1008.75,28.57,363.85,68.66,1
277884,253,290,569,815,5,20,4294967295,25.27,1008.75,28.58,365.46,68.74,1
278880,253,290,569,816,5,21,4294967295,25.27,1008.74,28.55,365.05,68.74,1
279876,253,291,570,816,6,21,4294967295,25.28,1008.74,28.54,366.27,68.74,1
280872,253,291,571,815,6,21,4294967295,25.28,1008.74,28.53,362.25,68.66,1
281868,254,291,571,815,6,21,4294967295,25.28,1008.75,28.51,367.49,68.66,1
282864,253,291,572,815,6,20,4294967295,25.28,1008.75,28.50,369.95,68.66,1
283860,254,291,572,815,6,20,4294967295,25.28,1008.75,28.52,367.90,68.66,1
284856,254,290,572,815,6,20,4294967295,25.28,1008.75,28.52,367.49,68.74,1
285852,254,291,574,815,6,21,4294967295,25.28,1008.74,28.54,364.25,68.74,1
286848,255,291,574,815,5,21,4294967295,25.28,1008.74,28.54,366.67,68.66,1
287844,255,291,575,816,6,21,4294967295,25.28,1008.75,28.55,367.49,68.74,1
288840,257,292,576,815,6,21,4294967295,25.28,1008.74,28.54,365.86,68.58,1
289836,258,291,576,815,6,21,4294967295,25.28,1008.76,28.55,366.67,68.49,1
290832,259,292,578,816,6,21,4294967295,25.28,1008.77,28.53,367.49,68.33,1
291828,258,291,578,816,5,20,4294967295,25.28,1008.79,28.52,366.27,68.24,1
292824,259,291,578,815,6,20,4294967295,25.28,1008.80,28.50,368.31,68.16,1
293820,259,291,579,815,6,20,4294967295,25.28,1008.81,28.51,368.31,68.07,1
294816,259,291,579,815,6,20,4294967295,25.28,1008.82,28.53,365.86,68.07,1
295812,260,292,580,816,6,20,4294967295,25.28,1008.82,28.53,365.05,68.16,1
296808,261,291,582,815,6,20,4294967295,25.28,1008.81,28.54,365.86,68.16,1
297804,261,292,582,816,5,20,4294967295,25.28,1008.81,28.56,365.86,68.16,1
298800,262,292,583,816,6,20,4294967295,25.28,1008.81,28.61,364.25,68.24,1
299796,263,292,584,816,6,21,4294967295,25.28,1008.80,28.63,364.65,68.24,1
300792,264,292,584,816,6,21,4294967295,25.29,1008.80,28.66,362.65,68.16,1
301788,266,292,585,817,6,21,4294967295,25.29,1008.81,28.69,363.85,68.16,1
302784,265,292,586,817,6,20,4294967295,25.29,1008.81,28.74,363.05,67.99,1
303780,266,293,586,817,6,20,4294967295,25.29,1008.83,28.79,360.28,67.99,1
304776,268,293,587,817,5,20,4294967295,25.29,1008.83,28.85,360.28,67.91,1
305772,268,293,587,817,6,21,4294967295,25.29,1008.84,28.93,358.71,67.91,1
306768,269,293,588,817,6,21,4294967295,25.29,1008.84,28.98,359.49,67.82,1
307764,269,294,589,817,5,19,4294967295,25.29,1008.85,29.01,357.94,67.74,1
308760,269,294,589,817,6,20,4294967295,25.29,1008.86,29.02,358.32,67.66,1
309756,271,293,590,818,5,20,4294967295,25.29,1008.87,29.06,354.86,67.57,1
310752,271,294,590,817,6,20,4294967295,25.29,1008.88,29.09,354.48,67.57,1
311748,272,293,591,817,7,20,4294967295,25.29,1008.88,29.12,354.10,67.66,1
312744,272,294,592,817,6,19,4294967295,25.29,1008.87,29.14,353.35,67.66,1
313740,272,294,592,817,6,20,4294967295,25.29,1008.87,29.15,352.59,67.66,1
314736,273,294,593,818,5,20,4294967295,25.29,1008.87,29.15,352.97,67.66,1
315732,274,295,593,818,6,22,4294967295,25.29,1008.87,29.16,351.84,67.74,1
316728,274,295,595,818,6,21,4294967295,25.29,1008.86,29.12,349.61,67.66,1
317724,276,296,595,818,6,23,4294967295,25.29,1008.87,29.10,351.10,67.66,1
318720,277,295,595,818,6,20,4294967295,25.29,1008.87,29.07,351.47,67.49,1
319716,276,295,595,818,6,20,4294967295,25.29,1008.89,29.05,351.84,67.49,1
320712,276,296,595,818,6,23,4294967295,25.29,1008.89,29.02,351.10,67.49,1
321708,276,295,595,818,6,20,4294967295,25.30,1008.89,29.03,351.10,67.57,1
322704,275,295,596,818,6,20,4294967295,25.30,1008.88,29.03,350.35,67.57,1
323700,276,295,597,817,6,21,4294967295,25.30,1008.88,29.01,349.61,67.57,1
324696,277,296,597,818,6,20,4294967295,25.30,1008.88,29.03,351.10,67.57,1
325692,277,296,598,818,6,19,4294967295,25.30,1008.88,29.04,349.98,67.57,1
326688,277,295,598,817,6,21,4294967295,25.30,1008.88,29.02,349.98,67.49,1
327684,277,295,598,817,6,24,4294967295,25.30,1008.89,29.00,349.98,67.57,1
328680,277,295,599,817,6,20,4294967295,25.30,1008.88,28.97,353.72,67.57,1
329676,278,295,599,818,6,21,4294967295,25.30,1008.88,28.96,349.98,67.66,1
330672,278,296,600,817,6,21,4294967295,25.30,1008.87,28.96,349.61,67.74,1
331668,277,296,600,818,6,21,4294967295,25.30,1008.86,28.98,348.87,67.82,1
332664,277,296,600,818,6,21,4294967295,25.30,1008.85,28.99,349.61,67.91,1
333660,278,296,602,818,6,21,4294967295,25.30,1008.84,28.99,348.50,67.91,1
334656,279,296,601,819,6,22,4294967295,25.30,1008.84,28.99,345.23,67.91,1
335652,279,296,602,817,6,21,4294967295,25.30,1008.84,28.97,350.72,67.99,1
336648,278,296,601,817,5,20,4294967295,25.30,1008.83,28.94,349.61,67.99,1
337644,279,296,601,817,6,21,4294967295,25.30,1008.83,28.94,349.24,68.07,1
338640,278,296,602,817,6,21,4294967295,25.30,1008.82,28.93,348.87,68.16,1
339636,278,295,602,817,7,22,4294967295,25.30,1008.81,28.91,343.43,68.16,1
340632,278,296,602,817,6,21,4294967295,25.30,1008.81,28.90,346.31,68.16,1
341628,278,295,603,817,6,21,4294967295,25.29,1008.81,28.94,349.61,68.07,1
342624,278,296,604,818,6,20,4294967295,25.29,1008.82,29.01,347.77,68.07,1
343620,279,296,604,818,6,20,4294967295,25.29,1008.82,29.09,345.95,68.07,1
344616,279,296,604,818,6,21,4294967295,25.29,1008.82,29.11,345.95,68.07,1
345612,279,296,604,818,6,21,4294967295,25.29,1008.82,29.15,344.15,67.91,1
346608,279,296,605,817,6,21,4294967295,25.30,1008.84,29.15,346.68,67.74,1
347604,278,296,604,817,6,21,4294967295,25.30,1008.86,29.11,346.68,67.57,1
348600,279,295,604,817,6,21,4294967295,25.30,1008.88,29.12,344.87,67.57,1
349596,278,296,605,817,6,21,4294967295,25.30,1008.88,29.10,345.23,67.57,1
350592,279,296,606,818,6,21,4294967295,25.30,1008.88,29.10,345.23,67.41,1
351588,278,296,606,818,6,21,4294967295,25.30,1008.90,29.07,345.23,67.16,1
352584,279,296,606,818,6,21,4294967295,25.30,1008.93,29.02,345.59,66.91,1
353580,279,297,607,818,6,21,4294967295,25.30,1008.96,29.01,344.87,66.74,1
354576,281,296,608,818,6,21,4294967295,25.30,1008.98,29.04,343.08,66.82,1
355572,281,297,608,818,8,21,4294967295,25.30,1008.97,29.07,343.43,66.91,1
356568,281,297,608,819,6,21,4294967295,25.30,1008.96,29.10,343.79,66.91,1
357564,281,297,608,818,6,21,4294967295,25.30,1008.96,29.10,341.66,66.99,1
358560,281,297,609,819,6,21,4294967295,25.30,1008.95,29.12,344.51,66.99,1
359556,282,297,610,818,6,21,4294967295,25.30,1008.95,29.13,341.66,66.99,1
360552,283,298,610,819,6,21,4294967295,25.30,1008.95,29.15,341.31,66.99,1
361548,283,298,611,819,6,21,4294967295,25.29,1008.95,29.11,341.31,66.99,1
362544,283,298,611,819,6,21,4294967295,25.30,1008.95,29.09,342.72,67.07,1
363540,284,298,611,819,6,23,4294967295,25.30,1008.94,29.06,343.08,67.07,1
364536,284,297,611,818,6,21,4294967295,25.30,1008.94,29.02,344.15,67.24,1
365532,284,297,611,819,6,21,4294967295,25.30,1008.92,28.99,342.37,67.24,1
366528,284,298,612,819,6,21,4294967295,25.30,1008.92,28.96,344.51,67.32,1
367524,284,297,612,819,6,21,4294967295,25.30,1008.91,28.93,344.87,67.32,1
368520,284,297,612,818,6,21,4294967295,25.30,1008.91,28.90,340.95,67.49,1
369516,284,297,612,818,6,21,4294967295,25.30,1008.89,28.87,343.43,67.49,1
370512,283,297,613,818,6,21,4294967295,25.30,1008.89,28.86,344.15,67.49,1
371508,284,297,613,818,6,21,4294967295,25.30,1008.89,28.87,345.95,67.49,1
372504,285,298,613,819,8,21,4294967295,25.30,1008.89,28.88,345.95,67.57,1
373500,286,297,613,819,6,21,4294967295,25.30,1008.88,28.86,345.23,67.66,1
374496,286,298,614,820,6,21,4294967295,25.30,1008.87,28.87,345.23,67.57,1
375492,287,298,615,819,6,23,4294967295,25.30,1008.88,28.85,343.79,67.57,1
376488,287,298,615,820,6,21,4294967295,25.30,1008.88,28.85,347.77,67.66,1
377484,288,299,615,820,6,21,4294967295,25.30,1008.87,28.87,345.59,67.66,1
378480,288,299,616,820,6,21,4294967295,25.30,1008.87,28.89,343.43,67.66,1
379476,288,299,616,819,6,22,4294967295,25.30,1008.87,28.92,344.51,67.57,1
380472,289,299,616,820,6,20,4294967295,25.30,1008.88,28.92,343.08,67.57,1
381468,289,299,616,820,6,21,4294967295,25.30,1008.88,28.94,343.08,67.49,1
382464,289,299,616,819,6,21,4294967295,25.30,1008.89,28.93,344.51,67.41,1
383460,289,299,616,819,6,21,4294967295,25.30,1008.90,28.91,342.37,67.41,1
384456,290,298,617,819,6,21,4294967295,25.30,1008.90,28.89,344.51,67.32,1
385452,290,299,618,820,6,20,4294967295,25.30,1008.91,28.87,344.15,67.41,1
386448,291,300,618,820,6,21,4294967295,25.30,1008.90,28.84,344.51,67.41,1
387444,291,298,618,819,6,21,4294967295,25.30,1008.90,28.83,346.31,67.41,1
388440,290,299,618,820,6,21,4294967295,25.30,1008.90,28.81,344.87,67.49,1
389436,292,299,619,819,6,22,4294967295,25.30,1008.89,28.77,344.87,67.49,1
390432,292,299,619,820,6,22,4294967295,25.30,1008.89,28.78,345.23,67.57,1
391428,292,299,619,819,6,21,4294967295,25.30,1008.88,28.81,344.51,67.66,1
392424,293,300,619,820,6,21,4294967295,25.30,1008.87,28.82,345.95,67.66,1
393420,293,300,620,820,6,20,4294967295,25.30,1008.87,28.84,344.51,67.74,1
394416,294,299,619,820,6,21,4294967295,25.30,1008.86,28.85,345.95,67.82,1
395412,293,300,620,820,6,21,4294967295,25.29,1008.85,28.84,345.23,67.82,1
396408,294,300,620,820,6,21,4294967295,25.30,1008.85,28.87,344.51,67.82,1
397404,293,300,619,820,6,21,4294967295,25.30,1008.85,28.89,344.51,67.74,1
398400,293,299,619,819,6,21,4294967295,25.29,1008.86,28.89,345.23,67.74,1
399396,292,300,620,819,6,21,4294967295,25.29,1008.86,28.91,344.51,67.82,1
400392,292,300,620,819,6,21,4294967295,25.29,1008.85,28.94,341.66,67.91,1
401388,292,300,620,820,5,21,4294967295,25.29,1008.84,28.97,344.51,67.91,1
402384,292,299,621,819,6,21,4294967295,25.29,1008.84,29.00,343.43,67.91,1
403380,293,299,621,820,6,21,4294967295,25.29,1008.84,29.02,341.66,67.99,1
404376,293,300,621,819,6,19,4294967295,25.29,1008.83,29.02,343.43,67.91,1
405372,293,299,621,820,6,21,4294967295,25.29,1008.84,29.02,343.79,67.99,1
406368,294,300,622,819,7,21,4294967295,25.29,1008.83,29.02,343.43,67.99,1
407364,294,300,621,820,5,21,4294967295,25.29,1008.83,29.00,343.08,67.99,1
408360,294,300,622,820,6,21,4294967295,25.29,1008.83,28.98,344.51,67.91,1
409356,295,300,622,820,6,21,4294967295,25.29,1008.84,28.96,345.23,67.91,1
410352,295,300,622,820,6,21,4294967295,25.29,1008.84,28.98,343.08,67.91,1
411348,294,300,621,820,6,21,4294967295,25.29,1008.84,28.98,344.51,67.82,1
412344,293,299,622,819,6,21,4294967295,25.29,1008.85,28.98,344.51,67.82,1
413340,294,299,622,819,6,21,4294967295,25.29,1008.85,28.98,343.79,67.91,1
414336,294,300,622,819,6,21,4294967295,25.29,1008.84,28.96,345.59,67.82,1
415332,293,300,623,820,6,21,4294967295,25.29,1008.85,28.95,345.95,67.82,1
416328,294,300,623,820,6,21,4294967295,25.29,1008.85,28.94,345.23,67.91,1
417324,294,300,623,820,6,21,4294967295,25.29,1008.84,28.94,344.15,67.82,1
418320,295,300,623,819,5,21,4294967295,25.29,1008.85,28.96,343.08,67.82,1
419316,294,300,624,820,6,21,4294967295,25.29,1008.85,28.98,343.43,67.82,1
420312,295,300,624,820,6,21,4294967295,25.29,1008.85,28.99,343.43,67.91,1
421308,295,301,624,820,6,21,4294967295,25.28,1008.84,29.00,343.08,67.91,1
422304,295,301,624,820,6,21,4294967295,25.29,1008.84,29.00,344.51,67.91,1
423300,294,300,624,820,6,20,4294967295,25.28,1008.84,28.99,345.23,67.91,1
424296,294,300,624,820,6,19,4294967295,25.28,1008.84,28.98,343.43,67.91,1
425292,295,300,624,819,6,21,4294967295,25.28,1008.84,28.99,344.51,67.99,1
426288,295,301,625,821,6,21,4294967295,25.28,1008.83,29.01,337.13,67.99,1
427284,295,301,626,821,6,21,4294967295,25.28,1008.83,29.04,343.43,67.99,1
428280,296,301,625,821,6,21,4294967295,25.28,1008.83,29.05,342.37,67.99,1
429276,296,301,626,820,6,21,4294967295,25.28,1008.83,29.06,341.66,68.07,1
430272,296,301,626,820,6,21,4294967295,25.28,1008.82,29.04,341.66,67.99,1
431268,296,300,625,820,6,21,4294967295,25.28,1008.83,29.02,344.15,67.99,1
432264,295,300,626,821,6,21,4294967295,25.28,1008.83,29.02,340.95,67.99,1
433260,296,301,627,821,6,21,4294967295,25.28,1008.83,29.05,341.66,67.91,1
434256,297,301,627,821,6,21,4294967295,25.28,1008.84,29.08,339.21,67.91,1
435252,297,301,627,821,6,21,4294967295,25.28,1008.84,29.12,339.21,67.82,1
436248,296,301,627,821,6,21,4294967295,25.28,1008.85,29.17,338.86,67.82,1
437244,297,301,627,821,7,22,4294967295,25.28,1008.85,29.23,339.55,67.82,1
438240,298,301,627,821,6,19,4294967295,25.28,1008.85,29.26,336.79,67.74,1
439236,297,301,628,821,5,20,4294967295,25.28,1008.86,29.27,336.10,67.74,1
440232,298,301,628,821,5,21,4294967295,25.28,1008.86,29.27,337.13,67.74,1
441228,298,301,629,821,5,20,4294967295,25.28,1008.86,29.25,335.76,67.82,1
442224,299,301,629,821,5,20,4294967295,25.28,1008.85,29.23,338.17,67.82,1
443220,300,301,629,821,5,20,4294967295,25.28,1008.85,29.22,338.86,67.82,1
444216,299,302,629,821,5,20,4294967295,25.28,1008.85,29.19,337.47,67.82,1
445212,300,302,629,821,6,20,4294967295,25.28,1008.85,29.18,336.79,67.82,1
446208,300,301,629,821,5,20,4294967295,25.28,1008.85,29.22,335.42,67.74,1
447204,299,301,629,821,5,21,4294967295,25.28,1008.86,29.25,335.42,67.74,1
448200,299,302,629,821,5,20,4294967295,25.28,1008.86,29.28,334.40,67.74,1
449196,299,302,630,821,6,22,4294967295,25.28,1008.86,29.28,337.47,67.82,1
450192,300,302,630,821,7,20,4294967295,25.28,1008.85,29.27,333.39,67.82,1
451188,300,302,630,821,5,20,4294967295,25.28,1008.85,29.25,334.74,67.74,1
452184,301,302,629,821,5,20,4294967295,25.28,1008.86,29.24,332.72,67.74,1
453180,300,301,630,820,5,21,4294967295,25.28,1008.86,29.23,334.06,67.74,1
454176,299,301,629,820,5,23,4294967295,25.28,1008.86,29.24,333.05,67.74,1
455172,299,302,629,820,6,21,4294967295,25.28,1008.86,29.26,332.05,67.74,1
456168,300,301,629,820,6,20,4294967295,25.28,1008.86,29.30,331.38,67.74,1
457164,299,301,630,820,5,20,4294967295,25.28,1008.86,29.31,333.05,67.82,1
458160,299,301,630,820,5,20,4294967295,25.28,1008.85,29.30,331.38,67.82,1
459156,300,301,631,821,5,22,4294967295,25.28,1008.85,29.29,331.05,67.82,1
460152,300,301,631,821,6,20,4294967295,25.28,1008.85,29.27,331.05,67.82,1
461148,301,302,631,822,5,21,4294967295,25.28,1008.85,29.23,329.73,67.74,1
462144,301,302,631,821,5,21,4294967295,25.28,1008.86,29.19,332.05,67.66,1
463140,300,302,631,822,5,20,4294967295,25.28,1008.87,29.15,332.05,67.66,1
464136,301,302,631,821,5,21,4294967295,25.28,1008.87,29.11,335.42,67.66,1
465132,300,301,632,821,5,21,4294967295,25.28,1008.87,29.11,332.72,67.66,1
466128,301,302,632,821,7,21,4294967295,25.28,1008.87,29.14,334.06,67.66,1
467124,301,302,632,820,5,21,4294967295,25.28,1008.87,29.17,330.72,67.66,1
468120,301,302,632,821,5,20,4294967295,25.28,1008.87,29.17,332.05,67.57,1
469116,301,302,632,821,5,20,4294967295,25.28,1008.88,29.21,330.72,67.49,1
470112,301,301,632,821,6,21,4294967295,25.27,1008.89,29.24,329.40,67.49,1
471108,301,302,632,821,6,21,4294967295,25.27,1008.89,29.27,330.72,67.49,1
472104,301,302,632,820,6,21,4294967295,25.27,1008.89,29.29,330.72,67.41,1
473100,301,301,632,821,6,21,4294967295,25.27,1008.90,29.29,328.75,67.41,1
474096,301,301,632,821,5,19,4294967295,25.27,1008.90,29.32,330.06,67.32,1
475092,301,302,632,821,6,21,4294967295,25.27,1008.91,29.35,327.45,67.24,1
476088,301,302,633,821,6,21,4294967295,25.27,1008.92,29.37,328.42,67.24,1
477084,302,302,633,821,5,21,4294967295,25.27,1008.92,29.35,327.45,67.32,1
478080,302,302,632,821,6,18,4294967295,25.27,1008.91,29.35,328.75,67.32,1
479076,302,302,632,821,6,21,4294967295,25.27,1008.91,29.32,328.10,67.32,1
480072,301,302,632,821,6,21,4294967295,25.27,1008.91,29.28,328.75,67.32,1
481068,301,302,633,820,6,21,4294967295,25.27,1008.91,29.24,329.40,67.32,1
482064,301,302,633,821,6,21,4294967295,25.27,1008.91,29.20,331.38,67.41,1
483060,301,302,633,821,6,23,4294967295,25.27,1008.90,29.17,330.06,67.41,1
484056,302,301,633,821,6,21,4294967295,25.27,1008.90,29.14,329.40,67.49,1
485052,302,302,634,821,6,21,4294967295,25.27,1008.89,29.11,330.72,67.41,1
486048,303,302,633,822,6,21,4294967295,25.27,1008.90,29.08,330.39,67.32,1
487044,303,302,633,820,6,21,4294967295,25.27,1008.91,29.08,331.38,67.32,1
488040,302,301,634,821,6,21,4294967295,25.27,1008.91,29.08,329.73,67.32,1
489036,302,301,633,821,6,20,4294967295,25.27,1008.91,29.08,329.08,67.32,1
490032,302,301,635,821,5,20,4294967295,25.27,1008.91,29.10,330.72,67.32,1
491028,302,301,634,821,6,21,4294967295,25.27,1008.91,29.13,331.72,67.32,1
492024,302,301,635,821,6,20,4294967295,25.27,1008.91,29.14,331.72,67.32,1
493020,302,302,635,821,6,20,4294967295,25.27,1008.91,29.15,331.05,67.24,1
494016,304,301,635,822,6,21,4294967295,25.27,1008.92,29.15,329.08,67.16,1
495012,304,302,635,822,5,21,4294967295,25.27,1008.93,29.14,331.05,67.24,1
496008,304,302,635,821,6,21,4294967295,25.27,1008.92,29.14,329.73,67.24,1
497004,305,302,635,822,6,20,4294967295,25.27,1008.92,29.12,332.05,67.32,1
498000,304,302,635,821,6,21,4294967295,25.27,1008.91,29.11,330.06,67.32,1
498996,304,302,635,821,5,21,4294967295,25.27,1008.91,29.12,330.72,67.32,1
499992,304,302,635,821,5,21,4294967295,25.27,1008.91,29.14,329.73,67.32,1
500988,304,302,635,821,6,20,4294967295,25.27,1008.91,29.16,329.73,67.32,1
501984,304,302,635,821,5,20,4294967295,25.27,1008.91,29.19,330.39,67.24,1
502980,304,303,635,821,6,21,4294967295,25.27,1008.92,29.25,330.06,67.24,1
503976,305,303,636,822,6,21,4294967295,25.27,1008.92,29.32,325.83,67.24,1
504972,304,302,636,822,6,21,4294967295,25.27,1008.92,29.36,326.15,67.16,1
505968,305,302,636,822,6,20,4294967295,25.27,1008.93,29.45,326.15,67.16,1
506964,305,302,636,822,6,21,4294967295,25.27,1008.93,29.47,322.02,67.16,1
507960,304,303,636,822,6,21,4294967295,25.27,1008.93,29.47,322.65,67.16,1
508956,305,302,637,821,6,21,4294967295,25.27,1008.93,29.48,323.60,67.07,1
509952,306,303,637,822,6,21,4294967295,25.27,1008.94,29.47,324.87,67.16,1
510948,307,302,637,823,6,21,4294967295,25.27,1008.93,29.45,322.34,67.16,1
511944,307,304,638,822,6,20,4294967295,25.27,1008.93,29.42,324.23,67.16,1
512940,307,303,637,822,6,20,4294967295,25.27,1008.93,29.38,324.87,67.16,1
513936,307,304,636,822,6,21,4294967295,25.27,1008.93,29.34,327.45,67.16,1
514932,307,303,637,822,6,21,4294967295,25.27,1008.93,29.32,323.92,67.16,1
515928,307,303,638,822,6,21,4294967295,25.27,1008.93,29.29,325.51,67.16,1
516924,307,303,637,822,6,21,4294967295,25.27,1008.93,29.27,326.80,67.24,1
517920,308,304,638,822,6,21,4294967295,25.27,1008.92,29.25,326.80,67.24,1
518916,308,304,638,822,6,21,4294967295,25.27,1008.92,29.23,327.45,67.32,1
519912,308,304,638,822,6,21,4294967295,25.26,1008.91,29.21,327.77,67.32,1
520908,309,304,638,823,7,20,4294967295,25.26,1008.91,29.19,328.42,67.24,1
521904,308,304,638,822,6,21,4294967295,25.26,1008.92,29.17,328.42,67.24,1
522900,309,304,638,823,6,21,4294967295,25.26,1008.92,29.19,327.45,67.32,1
523896,309,304,639,822,6,21,4294967295,25.26,1008.91,29.19,328.10,67.24,1
524892,309,304,638,823,6,21,4294967295,25.26,1008.92,29.19,328.75,67.16,1
525888,309,304,638,822,6,21,4294967295,25.26,1008.93,29.16,329.08,67.24,1
526884,309,304,639,823,6,21,4294967295,25.26,1008.92,29.14,330.72,67.16,1
527880,309,304,639,823,6,21,4294967295,25.26,1008.93,29.11,329.73,67.07,1
528876,310,304,639,823,6,21,4294967295,25.26,1008.94,29.08,330.39,67.07,1
529872,309,304,639,822,6,21,4294967295,25.26,1008.94,29.07,332.05,66.99,1
530868,309,303,638,821,6,22,4294967295,25.26,1008.95,29.07,331.38,66.99,1
531864,309,304,638,822,6,21,4294967295,25.26,1008.95,29.08,330.72,66.91,1
532860,309,304,639,822,6,21,4294967295,25.26,1008.96,29.13,330.06,66.91,1
533856,308,304,639,822,6,21,4294967295,25.26,1008.96,29.13,330.72,66.82,1
534852,309,304,639,822,5,21,4294967295,25.26,1008.97,29.14,331.05,66.82,1
535848,310,304,639,822,6,20,4294967295,25.26,1008.97,29.14,329.40,66.82,1
536844,309,304,639,822,6,21,4294967295,25.26,1008.97,29.14,332.05,66.74,1
537840,309,305,639,822,6,21,4294967295,25.26,1008.98,29.15,330.72,66.66,1
538836,309,304,640,823,6,21,4294967295,25.26,1008.99,29.16,329.73,66.49,1
539832,309,305,640,823,7,21,4294967295,25.26,1009.01,29.18,332.05,66.24,1
540828,310,304,640,823,6,22,4294967295,25.26,1009.04,29.20,330.72,66.16,1
541824,309,304,640,823,8,21,4294967295,25.26,1009.05,29.22,329.73,66.07,1
542820,310,305,640,823,6,21,4294967295,25.26,1009.06,29.24,324.23,65.99,1
543816,309,305,640,823,6,22,4294967295,25.26,1009.07,29.27,329.08,65.90,1
544812,310,305,640,823,7,21,4294967295,25.26,1009.08,29.31,328.75,65.90,1
545808,310,305,640,823,6,21,4294967295,25.26,1009.08,29.35,328.42,65.90,1
546804,310,305,641,823,5,21,4294967295,25.26,1009.08,29.39,328.10,65.99,1
547800,311,305,641,822,6,21,4294967295,25.26,1009.07,29.46,325.51,65.99,1
548796,311,305,641,823,6,21,4294967295,25.25,1009.07,29.52,327.12,66.07,1
549792,312,305,640,823,6,20,4294967295,25.26,1009.06,29.60,324.23,66.07,1
550788,312,305,641,823,6,21,4294967295,25.25,1009.06,29.70,322.97,66.07,1
551784,312,306,641,822,6,21,4294967295,25.25,1009.06,29.75,321.08,66.16,1
552780,311,305,641,823,6,21,4294967295,25.26,1009.05,29.77,319.84,66.16,1
553776,311,305,641,823,5,23,4294967295,25.26,1009.05,29.75,320.46,66.16,1
554772,312,305,640,823,6,21,4294967295,25.26,1009.05,29.73,319.53,66.07,1
555768,311,305,641,823,6,21,4294967295,25.26,1009.06,29.72,319.53,66.16,1
556764,310,305,640,823,5,21,4294967295,25.26,1009.05,29.74,320.46,66.16,1
557760,310,306,641,823,6,21,4294967295,25.26,1009.05,29.79,317.39,66.07,1
558756,311,306,641,823,6,21,4294967295,25.26,1009.06,29.86,316.17,66.07,1
559752,310,305,641,823,6,21,4294967295,25.26,1009.06,29.88,316.17,66.16,1
560748,311,305,641,823,6,21,4294967295,25.26,1009.05,29.88,316.47,66.16,1
561744,311,305,641,823,6,21,4294967295,25.25,1009.05,29.88,315.87,66.07,1
562740,310,305,642,823,6,21,4294967295,25.25,1009.06,29.89,312.88,66.07,1
563736,310,305,642,823,6,23,4294967295,25.26,1009.06,29.91,312.58,66.07,1
564732,311,306,642,823,6,21,4294967295,25.26,1009.06,29.95,310.82,66.16,1
565728,312,306,642,823,7,21,4294967295,25.26,1009.05,29.97,310.24,66.16,1
566724,312,306,642,823,6,21,4294967295,25.26,1009.05,29.97,308.79,66.16,1
567720,311,306,642,823,6,21,4294967295,25.26,1009.05,29.98,308.50,66.07,1
568716,312,306,642,823,5,21,4294967295,25.26,1009.06,29.96,311.11,66.07,1
569712,312,306,642,823,6,21,4294967295,25.26,1009.06,29.94,308.21,65.99,1
570708,312,306,642,823,6,21,4294967295,25.26,1009.07,29.92,307.93,66.07,1
571704,312,305,642,823,6,22,4294967295,25.26,1009.06,29.88,308.21,66.07,1
572700,312,305,642,824,7,22,4294967295,25.26,1009.06,29.83,312.58,66.16,1
573696,312,306,642,823,7,22,4294967295,25.25,1009.05,29.80,306.78,66.16,1
574692,312,306,642,823,7,22,4294967295,25.25,1009.05,29.76,312.29,66.16,1
575688,312,307,642,823,8,22,4294967295,25.25,1009.05,29.72,311.70,66.24,1
576684,312,307,642,824,6,21,4294967295,25.25,1009.04,29.70,313.47,66.32,1
577680,312,307,642,823,6,22,4294967295,25.25,1009.03,29.65,314.37,66.32,1
578676,312,306,641,823,7,22,4294967295,25.25,1009.03,29.60,311.99,66.49,1
579672,311,306,642,823,7,22,4294967295,25.25,1009.01,29.58,315.57,66.49,1
580668,311,306,641,823,7,22,4294967295,25.25,1009.01,29.56,310.24,66.49,1
581664,311,306,643,823,6,21,4294967295,25.25,1009.01,29.51,314.37,66.57,1
582660,312,306,643,824,8,21,4294967295,25.25,1009.00,29.50,314.67,66.66,1
583656,313,306,643,823,6,21,4294967295,25.25,1008.99,29.50,316.17,66.66,1
584652,312,306,643,824,6,21,4294967295,25.25,1008.99,29.49,317.08,66.57,1
585648,312,306,643,823,6,21,4294967295,25.25,1009.00,29.52,316.47,66.57,1
586644,313,306,643,823,6,21,4294967295,25.25,1009.00,29.56,314.37,66.49,1
587640,312,306,643,823,6,21,4294967295,25.25,1009.01,29.60,315.27,66.49,1
588636,312,307,642,824,6,21,4294967295,25.25,1009.01,29.61,313.77,66.41,1
589632,312,307,643,824,7,21,4294967295,25.25,1009.02,29.64,313.18,66.41,1
590628,312,307,643,823,6,21,4294967295,25.25,1009.02,29.67,313.47,66.41,1
591624,312,307,643,823,7,21,4294967295,25.25,1009.02,29.73,311.99,66.49,1
592620,312,307,643,823,6,22,4294967295,25.24,1009.01,29.73,310.82,66.57,1
593616,313,307,643,824,6,21,4294967295,25.24,1009.00,29.71,312.58,66.57,1
594612,313,307,644,823,6,21,4294967295,25.24,1009.00,29.72,310.53,66.57,1
595608,312,306,643,823,6,21,4294967295,25.25,1009.00,29.70,312.29,66.57,1
596604,313,307,644,824,6,21,4294967295,25.25,1009.00,29.69,311.11,66.57,1
597600,313,306,643,823,6,22,4294967295,25.25,1009.00,29.69,311.11,66.66,1
598596,314,307,644,824,6,21,4294967295,25.24,1008.99,29.67,309.08,66.66,1
599592,314,307,644,824,6,21,4294967295,25.24,1008.99,29.68,311.99,66.66,1
0,312,307,643,823,6,22,4294967295,25.24,1008.99,29.66,310.82,66.66,1
996,314,307,644,823,6,21,4294967295,25.19,1008.99,29.65,301.74,66.82,1
1992,314,307,643,823,6,21,4294967295,25.18,1008.97,29.66,302.85,66.82,1
2988,313,307,644,823,6,21,4294967295,25.19,1008.97,29.66,303.12,66.82,1
3984,313,307,644,823,6,20,4294967295,25.19,1008.97,29.65,305.08,66.82,1
4980,313,307,643,823,6,21,4294967295,25.20,1008.97,29.61,304.24,66.82,1
5976,313,307,644,824,6,20,4294967295,25.20,1008.97,29.57,305.65,66.74,1
6972,313,307,643,823,6,21,4294967295,25.21,1008.98,29.54,306.21,66.74,1
7968,313,307,644,823,6,21,4294967295,25.21,1008.98,29.51,306.21,66.66,1
8964,314,307,644,823,6,21,4294967295,25.22,1008.99,29.48,309.08,66.57,1
9960,313,307,644,823,6,21,4294967295,25.22,1009.00,29.43,307.93,66.49,1
10956,313,306,644,823,6,21,4294967295,25.22,1009.01,29.41,311.11,66.41,1
11952,313,306,644,823,6,21,4294967295,25.22,1009.02,29.41,309.95,66.41,1
12948,313,306,644,823,7,21,4294967295,25.22,1009.02,29.44,311.70,66.32,1
13944,313,306,644,823,6,21,4294967295,25.23,1009.03,29.48,309.08,66.32,1
14940,313,307,645,823,6,21,4294967295,25.23,1009.03,29.56,310.82,66.24,1
15936,313,307,645,824,6,21,4294967295,25.23,1009.04,29.61,309.95,66.16,1
16932,314,307,644,824,6,21,4294967295,25.23,1009.05,29.63,309.66,66.16,1
17928,314,308,644,824,5,21,4294967295,25.23,1009.05,29.64,307.93,66.07,1
18924,314,307,644,824,6,21,4294967295,25.23,1009.06,29.63,308.79,65.99,1
19920,313,308,643,823,6,21,4294967295,25.23,1009.07,29.63,307.93,65.99,1
20916,312,308,643,823,7,21,4294967295,25.23,1009.07,29.60,307.64,65.99,1
21912,312,307,643,823,6,21,4294967295,25.23,1009.07,29.60,307.93,66.07,1
22908,312,307,644,823,7,21,4294967295,25.23,1009.06,29.58,309.66,66.24,1
23904,312,307,644,824,6,21,4294967295,25.23,1009.04,29.57,309.95,66.32,1
24900,313,308,644,824,6,21,4294967295,25.23,1009.03,29.55,309.08,66.49,1
25896,314,308,644,824,5,21,4294967295,25.23,1009.01,29.51,311.99,66.57,1
26892,313,308,645,824,6,21,4294967295,25.23,1009.00,29.49,312.29,66.66,1
27888,314,308,644,823,6,21,4294967295,25.23,1008.99,29.49,311.11,66.74,1
28884,314,308,644,823,6,21,4294967295,25.23,1008.98,29.52,309.95,66.82,1
29880,314,308,645,824,6,20,4294967295,25.23,1008.97,29.57,310.24,66.74,1
30876,314,307,644,824,6,21,4294967295,25.23,1008.98,29.59,309.95,66.57,1
31872,313,307,644,823,6,21,4294967295,25.23,1009.00,29.59,309.66,66.57,1
32868,313,307,645,824,6,21,4294967295,25.23,1009.00,29.59,309.95,66.57,1
33864,314,308,645,824,6,21,4294967295,25.23,1009.00,29.57,310.24,66.66,1
34860,314,308,645,823,6,21,4294967295,25.23,1008.99,29.53,311.41,66.57,1
35856,315,308,645,823,6,21,4294967295,25.23,1009.00,29.50,311.99,66.57,1
36852,314,308,645,823,5,20,4294967295,25.23,1009.00,29.51,311.99,66.57,1
37848,314,308,646,823,7,21,4294967295,25.23,1009.00,29.54,310.82,66.57,1
38844,315,308,646,824,6,20,4294967295,25.23,1009.00,29.58,311.99,66.66,1
39840,314,307,645,824,5,21,4294967295,25.23,1008.99,29.61,311.41,66.74,1
40836,313,307,645,824,5,20,4294967295,25.23,1008.98,29.62,310.24,66.74,1
41832,314,308,645,823,5,21,4294967295,25.23,1008.98,29.61,310.53,66.82,1
42828,314,308,646,824,6,21,4294967295,25.23,1008.97,29.60,309.95,66.91,1
43824,314,308,646,824,6,21,4294967295,25.23,1008.96,29.57,310.53,66.91,1
44820,315,308,646,824,6,21,4294967295,25.23,1008.96,29.60,309.08,66.91,1
45816,315,308,646,824,6,21,4294967295,25.23,1008.96,29.62,310.24,66.91,1
46812,316,308,646,823,7,20,4294967295,25.23,1008.96,29.63,309.66,66.91,1
47808,316,308,646,824,6,21,4294967295,25.23,1008.96,29.62,309.66,66.91,1
48804,316,308,646,824,6,19,4294967295,25.23,1008.96,29.59,309.95,66.91,1
49800,316,308,646,824,5,20,4294967295,25.23,1008.96,29.57,312.88,66.82,1
50796,317,308,646,824,6,21,4294967295,25.23,1008.97,29.54,310.82,66.82,1
51792,316,308,646,824,5,21,4294967295,25.23,1008.97,29.54,311.99,66.82,1
52788,316,308,647,824,5,21,4294967295,25.23,1008.97,29.60,309.08,66.91,1
53784,316,308,647,823,6,20,4294967295,25.23,1008.96,29.67,307.93,66.91,1
54780,316,308,647,824,5,21,4294967295,25.23,1008.96,29.74,309.37,66.91,1
55776,316,308,647,824,6,21,4294967295,25.23,1008.96,29.80,308.50,66.99,1
56772,316,308,647,824,6,21,4294967295,25.23,1008.95,29.85,305.93,66.99,1
57768,316,307,647,824,6,21,4294967295,25.23,1008.95,29.87,304.24,66.99,1
58764,316,308,647,824,6,21,4294967295,25.23,1008.95,29.87,308.79,66.99,1
59760,316,308,647,825,6,21,4294967295,25.23,1008.95,29.83,305.65,66.99,1
60756,316,308,646,824,6,20,4294967295,25.23,1008.95,29.81,307.35,66.99,1
61752,316,308,646,824,6,21,4294967295,25.23,1008.95,29.76,306.78,67.07,1
62748,316,308,646,825,6,21,4294967295,25.23,1008.94,29.73,307.07,67.16,1
63744,316,308,647,824,7,21,4294967295,25.23,1008.93,29.67,308.21,67.16,1
64740,315,308,647,824,6,21,4294967295,25.22,1008.93,29.63,307.93,67.07,1
65736,315,308,647,824,5,21,4294967295,25.23,1008.94,29.59,308.50,67.16,1
66732,316,308,647,823,6,20,4294967295,25.23,1008.93,29.56,310.24,67.16,1
67728,316,307,647,824,6,21,4294967295,25.23,1008.93,29.52,309.66,67.07,1
68724,315,307,648,824,6,21,4294967295,25.22,1008.94,29.50,311.41,67.07,1
69720,316,308,648,825,6,21,4294967295,25.22,1008.94,29.46,311.99,67.07,1
70716,316,308,648,825,5,21,4294967295,25.22,1008.94,29.45,312.29,66.91,1
71712,317,308,648,824,5,20,4294967295,25.22,1008.96,29.43,312.88,66.82,1
72708,316,308,647,824,5,20,4294967295,25.22,1008.97,29.43,315.57,66.74,1
73704,317,308,648,825,5,21,4294967295,25.22,1008.98,29.40,314.37,66.57,1
74700,317,309,647,824,7,20,4294967295,25.22,1009.00,29.40,316.78,66.49,1
75696,317,308,647,824,5,20,4294967295,25.22,1009.01,29.37,314.37,66.41,1
76692,316,307,647,824,6,21,4294967295,25.22,1009.02,29.39,316.17,66.32,1
77688,315,307,648,824,5,21,4294967295,25.22,1009.03,29.45,314.37,66.32,1
78684,316,308,648,825,6,23,4294967295,25.22,1009.03,29.50,314.97,66.32,1
79680,317,308,648,824,5,23,4294967295,25.22,1009.03,29.55,313.18,66.32,1
80676,317,308,649,824,6,21,4294967295,25.22,1009.03,29.62,311.99,66.32,1
81672,318,308,649,825,6,21,4294967295,25.22,1009.03,29.69,310.82,66.32,1
82668,319,308,648,824,6,21,4294967295,25.22,1009.03,29.75,309.66,66.41,1
83664,318,308,648,825,6,21,4294967295,25.22,1009.02,29.79,307.35,66.49,1
84660,319,308,648,824,6,21,4294967295,25.22,1009.01,29.81,306.50,66.49,1
85656,318,308,648,825,6,21,4294967295,25.22,1009.01,29.83,307.93,66.49,1
86652,318,308,648,824,7,21,4294967295,25.22,1009.01,29.84,306.78,66.57,1
87648,317,308,648,824,6,21,4294967295,25.22,1009.00,29.89,305.93,66.66,1
88644,317,307,648,824,6,21,4294967295,25.22,1008.99,29.93,305.08,66.57,1
89640,317,307,648,824,6,21,4294967295,25.22,1009.00,29.96,304.80,66.66,1
90636,318,308,648,824,6,21,4294967295,25.22,1008.99,29.98,302.85,66.66,1
91632,317,308,648,824,6,21,4294967295,25.22,1008.99,30.01,302.85,66.66,1
92628,318,308,648,825,6,21,4294967295,25.22,1008.99,30.01,302.85,66.57,1
93624,318,308,648,825,6,22,4294967295,25.22,1009.00,30.04,302.57,66.49,1
94620,318,308,648,825,6,21,4294967295,25.22,1009.01,30.02,300.64,66.41,1
95616,318,308,648,824,6,21,4294967295,25.22,1009.02,30.02,300.64,66.49,1
96612,317,308,648,824,7,20,4294967295,25.22,1009.01,30.00,301.47,66.49,1
97608,318,308,649,824,5,20,4294967295,25.22,1009.01,29.97,300.37,66.41,1
98604,318,308,649,824,5,22,4294967295,25.22,1009.02,29.91,302.02,66.41,1
99600,317,308,648,824,5,22,4294967295,25.22,1009.02,29.85,302.29,66.41,1
100596,318,307,648,824,5,20,4294967295,25.22,1009.02,29.80,305.37,66.49,1
101592,317,308,649,824,5,20,4294967295,25.22,1009.01,29.75,304.80,66.49,1
102588,317,308,649,824,5,20,4294967295,25.22,1009.01,29.69,303.68,66.57,1
103584,318,307,649,824,5,25,4294967295,25.22,1009.00,29.69,303.68,66.57,1
104580,318,308,649,825,5,20,4294967295,25.22,1009.00,29.71,303.68,66.57,1
105576,317,308,650,825,6,20,4294967295,25.22,1009.00,29.72,303.12,66.57,1
106572,318,308,650,824,5,20,4294967295,25.22,1009.00,29.75,302.57,66.57,1
107568,318,308,649,824,5,20,4294967295,25.22,1009.00,29.78,302.85,66.41,1
108564,319,308,649,825,5,20,4294967295,25.22,1009.02,29.79,301.19,66.41,1
109560,319,308,649,824,5,20,4294967295,25.22,1009.02,29.81,303.68,66.32,1
110556,318,308,649,824,5,24,4294967295,25.22,1009.03,29.78,303.40,66.24,1
111552,318,308,649,825,5,20,4294967295,25.22,1009.04,29.74,302.85,66.16,1
112548,318,308,649,825,5,20,4294967295,25.22,1009.05,29.73,304.24,66.07,1
113544,319,308,649,825,5,20,4294967295,25.22,1009.06,29.71,303.68,65.99,1
114540,319,308,650,825,5,20,4294967295,25.22,1009.07,29.69,303.96,65.99,1
115536,318,308,649,825,5,23,4294967295,25.22,1009.07,29.64,305.08,65.99,1
116532,318,308,649,824,5,20,4294967295,25.22,1009.07,29.61,303.96,65.99,1
117528,319,308,649,824,5,20,4294967295,25.22,1009.07,29.58,305.08,66.07,1
118524,318,307,650,824,5,20,4294967295,25.22,1009.06,29.56,306.78,66.16,1
119520,318,308,649,824,5,20,4294967295,25.22,1009.05,29.51,304.80,66.32,1
120516,318,308,649,825,5,20,4294967295,25.22,1009.03,29.49,306.78,66.49,1
121512,318,308,650,824,5,20,4294967295,25.22,1009.01,29.50,307.64,66.57,1
122508,319,308,649,825,5,20,4294967295,25.22,1009.00,29.52,306.78,66.66,1
123504,319,308,650,824,5,20,4294967295,25.22,1008.99,29.53,306.50,66.57,1
124500,319,308,650,824,5,20,4294967295,25.22,1009.00,29.51,305.08,66.49,1
125496,319,307,650,825,5,20,4294967295,25.22,1009.01,29.50,306.78,66.49,1
126492,320,308,650,825,5,20,4294967295,25.22,1009.01,29.49,306.50,66.57,1
127488,320,308,650,825,5,20,4294967295,25.22,1009.00,29.50,307.07,66.49,1
128484,319,308,650,825,5,20,4294967295,25.22,1009.01,29.50,306.78,66.57,1
129480,319,308,650,824,5,20,4294967295,25.21,1009.00,29.52,307.93,66.66,1
130476,320,308,650,824,5,20,4294967295,25.21,1008.99,29.53,306.78,66.66,1
131472,320,308,649,825,5,20,4294967295,25.21,1008.99,29.52,306.78,66.57,1
132468,319,308,650,825,5,20,4294967295,25.21,1009.00,29.52,308.79,66.57,1
133464,320,308,650,825,5,23,4294967295,25.21,1009.00,29.48,307.93,66.57,1
134460,319,307,650,824,5,20,4294967295,25.21,1009.00,29.45,308.21,66.49,1
135456,320,308,650,825,6,20,4294967295,25.21,1009.01,29.42,309.37,66.49,1
136452,319,307,650,824,5,20,4294967295,25.21,1009.01,29.41,308.79,66.57,1
137448,320,308,650,825,5,20,4294967295,25.21,1009.00,29.42,311.11,66.57,1
138444,319,308,651,825,5,23,4294967295,25.21,1009.00,29.43,311.41,66.66,1
139440,320,308,650,825,5,20,4294967295,25.22,1008.99,29.43,311.41,66.74,1
140436,321,308,650,825,5,20,4294967295,25.22,1008.98,29.42,310.82,66.66,1
141432,320,308,650,825,5,20,4294967295,25.21,1008.99,29.41,312.88,66.74,1
142428,320,308,650,825,5,20,4294967295,25.21,1008.98,29.39,311.70,66.74,1
143424,320,308,650,825,5,20,4294967295,25.21,1008.98,29.40,312.88,66.74,1
144420,321,308,650,825,5,20,4294967295,25.21,1008.98,29.41,311.70,66.66,1
145416,320,308,651,825,5,21,4294967295,25.21,1008.99,29.42,311.70,66.57,1
146412,321,308,650,825,5,20,4294967295,25.21,1009.00,29.42,313.77,66.57,1
147408,320,308,650,825,5,20,4294967295,25.21,1009.00,29.43,313.18,66.49,1
148404,320,308,651,825,5,20,4294967295,25.21,1009.01,29.43,312.58,66.41,1
149400,320,307,651,824,5,20,4294967295,25.21,1009.02,29.44,313.47,66.32,1
