timestamp,NO2,C2H50H,VOC,CO,Alcohol,LPG,Benzene,Temperature,Pressure,Humidity,Gas_Resistance,Altitude,State-10.61,1
439236,126,170,299,854,2,20,4294967295,25.52,1018.28,22.46,84.21,-10.61,1
440232,126,171,299,855,2,20,4294967295,25.52,1018.28,22.34,85.58,-10.61,1
441228,124,170,298,855,1,20,4294967295,25.52,1018.28,22.26,86.20,-10.53,1
442224,124,170,299,856,2,20,4294967295,25.51,1018.27,22.19,86.82,-10.45,1
443220,123,170,299,857,1,21,4294967295,25.51,1018.26,22.12,88.00,-10.53,1
444216,123,170,299,858,2,20,4294967295,25.51,1018.27,22.06,88.84,-10.53,1
445212,124,170,301,860,1,20,4294967295,25.51,1018.27,22.02,89.31,-10.53,1
446208,124,171,302,862,2,20,4294967295,25.51,1018.27,21.97,90.07,-10.53,1
447204,124,172,304,863,2,20,4294967295,25.51,1018.27,21.93,91.35,-10.61,1
448200,125,172,305,865,2,20,4294967295,25.51,1018.28,21.89,92.05,-10.69,1
449196,126,171,306,865,2,20,4294967295,25.51,1018.29,21.84,92.86,-10.78,1
450192,127,171,307,867,2,20,4294967295,25.51,1018.30,21.81,93.58,-10.86,1
451188,127,171,309,867,2,20,4294967295,25.51,1018.31,21.77,94.43,-10.94,1
452184,127,171,310,867,2,20,4294967295,25.51,1018.32,21.75,95.07,-10.94,1
453180,128,171,311,867,2,20,4294967295,25.51,1018.32,21.73,95.50,-10.94,1
454176,128,171,311,868,2,20,4294967295,25.51,1018.32,21.71,95.31,-10.94,1
455172,127,169,311,867,3,22,4294967295,25.51,1018.32,21.68,95.53,-10.94,1
456168,127,169,310,866,3,22,4294967295,25.51,1018.32,21.67,95.69,-10.86,1
457164,126,168,310,865,3,21,4294967295,25.51,1018.31,21.64,96.57,-10.78,1
458160,126,167,311,865,3,20,4294967295,25.50,1018.30,21.62,97.07,-10.78,1
459156,125,167,312,865,3,21,4294967295,25.50,1018.30,21.61,97.97,-10.78,1
460152,125,167,311,865,2,20,4294967295,25.50,1018.30,21.60,99.01,-10.69,1
461148,124,168,312,865,3,21,4294967295,25.50,1018.29,21.59,99.42,-10.69,1
462144,124,168,313,866,2,21,4294967295,25.50,1018.29,21.58,99.72,-10.69,1
463140,125,169,313,867,2,19,4294967295,25.50,1018.29,21.55,100.37,-10.69,1
464136,125,169,316,869,2,20,4294967295,25.50,1018.29,21.55,101.04,-10.69,1
465132,126,169,317,869,2,20,4294967295,25.50,1018.29,21.52,101.28,-10.69,1
466128,127,168,317,869,3,21,4294967295,25.51,1018.29,21.50,101.83,-10.69,1
467124,126,168,318,869,3,21,4294967295,25.51,1018.29,21.46,102.89,-10.69,1
468120,127,168,319,869,2,21,4294967295,25.51,1018.29,21.44,103.21,-10.69,1
469116,126,168,320,870,2,21,4294967295,25.51,1018.29,21.43,103.84,-10.61,1
470112,127,168,322,871,2,21,4294967295,25.51,1018.28,21.41,104.36,-10.69,1
471108,127,169,322,871,3,21,4294967295,25.51,1018.29,21.41,104.95,-10.69,1
472104,127,168,323,872,3,21,4294967295,25.51,1018.29,21.41,105.01,-10.78,1
473100,128,169,324,872,2,20,4294967295,25.51,1018.30,21.41,105.41,-10.78,1
474096,128,170,326,874,2,21,4294967295,25.51,1018.30,21.40,107.08,-10.69,1
475092,130,169,328,874,2,19,4294967295,25.51,1018.29,21.41,106.07,-10.78,1
476088,131,170,329,876,2,19,4294967295,25.51,1018.30,21.41,107.50,-10.78,1
477084,132,169,331,876,2,20,4294967295,25.51,1018.30,21.44,106.95,-10.69,1
478080,132,169,331,875,2,20,4294967295,25.51,1018.29,21.46,107.29,-10.78,1
479076,132,168,332,876,2,19,4294967295,25.51,1018.30,21.49,106.75,-10.69,1
480072,131,168,333,875,2,19,4294967295,25.51,1018.29,21.51,107.22,-10.61,1
481068,131,167,333,875,2,20,4294967295,25.51,1018.28,21.53,107.77,-10.61,1
482064,131,167,334,874,2,19,4294967295,25.51,1018.28,21.54,107.77,-10.53,1
483060,131,166,333,874,2,20,4294967295,25.51,1018.27,21.53,108.40,-10.45,1
484056,130,166,333,874,2,20,4294967295,25.52,1018.26,21.53,108.68,-10.45,1
485052,129,166,334,875,2,20,4294967295,25.52,1018.26,21.52,108.89,-10.45,1
486048,130,167,334,875,2,19,4294967295,25.52,1018.26,21.51,110.10,-10.53,1
487044,129,166,334,876,2,20,4294967295,25.52,1018.27,21.48,109.67,-10.53,1
488040,129,166,334,876,2,20,4294967295,25.52,1018.27,21.46,110.68,-10.61,1
489036,129,167,334,876,2,21,4294967295,25.52,1018.28,21.43,111.12,-10.69,1
490032,130,167,334,877,2,20,4294967295,25.52,1018.29,21.41,111.12,-10.78,1
491028,129,167,334,877,3,20,4294967295,25.52,1018.30,21.38,112.16,-10.78,1
492024,130,167,334,878,3,20,4294967295,25.52,1018.30,21.36,111.93,-10.86,1
493020,130,165,334,876,2,20,4294967295,25.52,1018.31,21.37,111.86,-10.86,1
494016,129,165,334,877,3,20,4294967295,25.52,1018.31,21.39,111.71,-10.94,1
495012,129,165,334,876,2,20,4294967295,25.52,1018.32,21.39,111.78,-10.94,1
496008,129,164,334,877,3,22,4294967295,25.52,1018.32,21.42,112.31,-10.94,1
497004,128,164,334,876,2,21,4294967295,25.52,1018.32,21.44,112.31,-10.86,1
498000,127,164,335,877,3,21,4294967295,25.52,1018.31,21.46,112.46,-10.78,1
498996,127,163,336,877,2,19,4294967295,25.52,1018.30,21.46,112.68,-10.86,1
499992,127,163,337,877,2,19,4294967295,25.52,1018.31,21.45,113.06,-10.78,1
500988,128,164,338,879,2,18,4294967295,25.52,1018.30,21.44,113.37,-10.78,1
501984,128,164,338,878,2,20,4294967295,25.52,1018.30,21.42,114.29,-10.78,1
502980,128,163,338,878,2,19,4294967295,25.52,1018.30,21.40,115.00,-10.86,1
503976,128,164,338,879,2,19,4294967295,25.53,1018.31,21.38,114.53,-10.86,1
504972,128,164,337,878,2,19,4294967295,25.53,1018.31,21.38,114.84,-10.86,1
505968,126,162,335,878,2,19,4294967295,25.53,1018.31,21.38,115.87,-10.94,1
506964,126,163,333,877,2,19,4294967295,25.53,1018.32,21.37,115.31,-10.86,1
507960,126,162,332,875,2,18,4294967295,25.53,1018.31,21.36,115.31,-10.86,1
508956,126,163,329,876,2,19,4294967295,25.53,1018.31,21.36,116.03,-10.78,1
509952,125,163,330,876,2,19,4294967295,25.53,1018.30,21.36,115.71,-10.78,1
510948,125,163,329,877,1,20,4294967295,25.53,1018.30,21.37,115.71,-10.78,1
511944,125,162,329,877,2,19,4294967295,25.53,1018.30,21.40,116.59,-10.78,1
512940,125,163,329,877,2,19,4294967295,25.53,1018.30,21.41,116.03,-10.69,1
513936,125,163,328,878,1,19,4294967295,25.53,1018.29,21.44,116.59,-10.69,1
514932,124,163,329,879,2,19,4294967295,25.53,1018.29,21.46,116.03,-10.69,1
515928,125,163,330,879,1,19,4294967295,25.53,1018.29,21.49,116.03,-10.61,1
516924,126,163,331,880,2,19,4294967295,25.53,1018.28,21.52,116.11,-10.61,1
517920,126,162,331,879,2,19,4294967295,25.53,1018.28,21.55,116.67,-10.61,1
518916,126,161,331,878,2,19,4294967295,25.53,1018.28,21.58,116.51,-10.61,1
519912,126,161,331,878,2,20,4294967295,25.53,1018.28,21.61,115.55,-10.61,1
520908,125,161,330,877,2,20,4294967295,25.53,1018.28,21.64,116.03,-10.53,1
521904,124,161,330,878,2,20,4294967295,25.53,1018.27,21.67,115.23,-10.53,1
522900,125,161,332,878,2,20,4294967295,25.53,1018.27,21.69,116.83,-10.53,1
523896,125,160,333,877,1,19,4294967295,25.53,1018.27,21.70,116.92,-10.53,1
524892,124,160,332,878,1,19,4294967295,25.53,1018.27,21.69,117.24,-10.53,1
525888,124,159,332,877,1,19,4294967295,25.53,1018.27,21.71,117.16,-10.53,1
526884,124,160,332,877,2,20,4294967295,25.53,1018.27,21.70,117.00,-10.61,1
527880,123,158,331,876,1,19,4294967295,25.53,1018.28,21.71,117.00,-10.61,1
528876,123,158,330,876,2,19,4294967295,25.54,1018.28,21.73,116.67,-10.61,1
529872,122,158,329,875,1,19,4294967295,25.54,1018.28,21.74,116.75,-10.61,1
530868,122,158,327,875,1,20,4294967295,25.54,1018.28,21.75,116.59,-10.61,1
531864,120,157,325,874,2,20,4294967295,25.54,1018.28,21.78,117.08,-10.53,1
532860,120,158,325,874,2,19,4294967295,25.54,1018.27,21.81,117.00,-10.53,1
533856,120,158,325,875,2,21,4294967295,25.54,1018.27,21.86,116.43,-10.53,1
534852,119,158,326,875,2,19,4294967295,25.54,1018.27,21.88,115.87,-10.45,1
535848,119,158,326,876,2,20,4294967295,25.54,1018.26,21.92,116.35,-10.45,1
536844,119,158,325,876,2,19,4294967295,25.54,1018.26,21.95,116.43,-10.45,1
537840,119,158,326,878,2,20,4294967295,25.54,1018.26,21.99,115.95,-10.53,1
538836,119,159,325,878,2,20,4294967295,25.54,1018.27,22.02,115.23,-10.45,1
539832,120,160,326,879,2,19,4294967295,25.54,1018.26,22.05,115.71,-10.45,1
540828,120,160,327,881,2,19,4294967295,25.54,1018.26,22.09,114.92,-10.53,1
541824,122,158,328,881,2,20,4294967295,25.54,1018.27,22.12,115.47,-10.53,1
542820,121,158,329,881,2,20,4294967295,25.54,1018.27,22.14,115.07,-10.61,1
543816,121,158,329,881,2,20,4294967295,25.54,1018.28,22.17,115.15,-10.53,1
544812,122,158,329,881,2,19,4294967295,25.54,1018.27,22.19,114.76,-10.53,1
545808,121,157,328,880,2,20,4294967295,25.54,1018.27,22.21,115.31,-10.53,1
546804,121,158,326,879,2,20,4294967295,25.54,1018.27,22.23,114.21,-10.53,1
547800,120,157,327,878,2,20,4294967295,25.54,1018.27,22.24,114.60,-10.53,1
548796,120,158,326,880,2,21,4294967295,25.55,1018.27,22.26,114.60,-10.53,1
549792,120,158,328,880,2,21,4294967295,25.54,1018.27,22.28,114.92,-10.45,1
550788,121,157,329,882,2,21,4294967295,25.55,1018.26,22.33,114.60,-10.61,1
551784,121,157,329,880,2,22,4294967295,25.55,1018.28,22.33,114.29,-10.53,1
552780,121,157,329,880,2,21,4294967295,25.55,1018.27,22.36,113.06,-10.61,1
553776,120,157,328,881,2,21,4294967295,25.55,1018.28,22.39,113.52,-10.61,1
554772,121,157,328,881,2,22,4294967295,25.54,1018.28,22.43,113.29,-10.53,1
555768,120,157,329,881,3,22,4294967295,25.54,1018.27,22.47,113.44,-10.53,1
556764,121,157,328,881,2,20,4294967295,25.54,1018.27,22.49,113.14,-10.53,1
557760,120,156,328,881,2,21,4294967295,25.54,1018.27,22.50,112.91,-10.53,1
558756,120,156,328,881,2,21,4294967295,25.54,1018.27,22.49,113.21,-10.53,1
559752,120,156,328,881,3,21,4294967295,25.54,1018.27,22.48,113.67,-10.53,1
560748,120,156,330,882,2,21,4294967295,25.54,1018.27,22.47,113.29,-10.53,1
561744,120,156,330,882,2,21,4294967295,25.54,1018.27,22.46,113.44,-10.53,1
562740,120,156,330,883,2,21,4294967295,25.54,1018.27,22.46,113.67,-10.53,1
563736,120,155,330,883,2,20,4294967295,25.54,1018.27,22.45,113.44,-10.53,1
564732,120,156,330,883,2,20,4294967295,25.54,1018.27,22.43,114.29,-10.53,1
565728,120,156,330,882,2,21,4294967295,25.54,1018.27,22.40,114.29,-10.53,1
566724,120,157,330,882,2,20,4294967295,25.54,1018.27,22.34,114.68,-10.53,1
567720,121,157,330,883,2,20,4294967295,25.55,1018.27,22.30,115.55,-10.45,1
568716,121,158,331,884,2,20,4294967295,25.55,1018.26,22.25,115.87,-10.45,1
569712,121,158,332,886,2,20,4294967295,25.55,1018.26,22.22,116.83,-10.45,1
570708,122,157,332,886,2,20,4294967295,25.55,1018.26,22.20,116.11,-10.45,1
571704,122,158,332,885,2,20,4294967295,25.55,1018.26,22.20,116.27,-10.36,1
572700,122,157,331,887,2,21,4294967295,25.55,1018.25,22.20,116.19,-10.36,1
573696,123,159,332,887,2,20,4294967295,25.55,1018.25,22.21,115.87,-10.28,1
574692,124,159,332,888,2,21,4294967295,25.55,1018.24,22.22,116.83,-10.36,1
575688,124,159,332,888,2,19,4294967295,25.55,1018.25,22.21,116.67,-10.28,1
576684,124,159,333,889,2,21,4294967295,25.55,1018.24,22.20,116.83,-10.28,1
577680,125,159,334,889,2,20,4294967295,25.55,1018.24,22.21,116.67,-10.36,1
578676,126,160,334,889,2,21,4294967295,25.55,1018.25,22.20,117.32,-10.36,1
579672,126,160,334,889,2,20,4294967295,25.55,1018.25,22.21,118.15,-10.45,1
580668,127,160,334,888,2,21,4294967295,25.55,1018.26,22.21,118.23,-10.45,1
581664,127,160,334,889,2,21,4294967295,25.55,1018.26,22.18,117.98,-10.45,1
582660,127,160,334,889,2,20,4294967295,25.55,1018.26,22.15,118.23,-10.45,1
583656,128,160,335,890,2,21,4294967295,25.55,1018.26,22.12,118.65,-10.45,1
584652,129,159,336,889,2,21,4294967295,25.55,1018.26,22.09,119.32,-10.45,1
585648,129,160,337,889,2,20,4294967295,25.55,1018.26,22.09,119.07,-10.53,1
586644,129,159,337,889,2,20,4294967295,25.55,1018.27,22.10,118.90,-10.53,1
587640,129,159,337,888,2,21,4294967295,25.55,1018.27,22.13,118.82,-10.45,1
588636,128,159,336,887,2,20,4294967295,25.55,1018.26,22.13,119.15,-10.53,1
589632,129,160,336,887,2,20,4294967295,25.55,1018.27,22.14,118.65,-10.53,1
590628,128,160,338,887,2,20,4294967295,25.55,1018.27,22.15,118.65,-10.45,1
591624,129,160,339,889,2,21,4294967295,25.55,1018.26,22.14,118.73,-10.45,1
592620,129,160,339,888,2,20,4294967295,25.55,1018.26,22.18,118.65,-10.36,1
593616,129,159,339,889,2,20,4294967295,25.55,1018.25,22.20,119.07,-10.45,1
594612,130,160,339,888,2,20,4294967295,25.55,1018.26,22.24,118.15,-10.45,1
595608,130,161,340,889,2,20,4294967295,25.55,1018.26,22.28,118.82,-10.36,1
596604,131,161,341,890,2,20,4294967295,25.56,1018.25,22.33,117.40,-10.36,1
597600,131,161,341,889,1,20,4294967295,25.56,1018.25,22.38,117.16,-10.36,1
598596,131,161,340,889,2,21,4294967295,25.56,1018.25,22.45,116.51,-10.36,1
599592,131,161,339,889,2,20,4294967295,25.56,1018.25,22.51,115.95,-10.45,1
0,131,161,337,887,1,21,4294967295,25.56,1018.26,22.60,115.55,-10.36,1
996,131,161,337,887,2,20,4294967295,25.48,1018.25,22.86,108.68,-10.36,1
1992,131,161,336,886,2,21,4294967295,25.47,1018.25,22.98,108.40,-10.36,1
2988,131,160,335,886,2,20,4294967295,25.47,1018.25,23.05,108.40,-10.36,1
3984,131,160,334,885,2,20,4294967295,25.48,1018.25,23.10,109.17,-10.36,1
4980,131,160,334,884,1,20,4294967295,25.49,1018.25,23.11,109.24,-10.36,1
5976,130,161,333,885,2,20,4294967295,25.50,1018.25,23.11,110.17,-10.36,1
6972,131,161,334,887,2,20,4294967295,25.51,1018.25,23.09,110.25,-10.36,1
7968,132,162,337,888,2,21,4294967295,25.52,1018.25,23.06,110.68,-10.36,1
8964,132,162,337,887,2,20,4294967295,25.53,1018.25,23.03,111.27,-10.36,1
9960,132,162,337,888,1,20,4294967295,25.53,1018.25,22.97,111.05,-10.36,1
10956,133,162,338,888,2,20,4294967295,25.53,1018.25,22.92,112.01,-10.28,1
11952,132,162,337,888,2,20,4294967295,25.54,1018.24,22.86,112.76,-10.20,1
12948,134,162,337,888,2,20,4294967295,25.54,1018.23,22.79,112.99,-10.20,1
13944,133,162,337,888,1,20,4294967295,25.54,1018.23,22.76,113.06,-10.11,1
14940,134,161,337,888,1,20,4294967295,25.55,1018.22,22.73,113.60,-10.03,1
15936,133,162,338,889,2,21,4294967295,25.55,1018.21,22.72,113.98,-10.03,1
16932,134,162,338,889,2,20,4294967295,25.55,1018.21,22.72,113.44,-10.11,1
17928,134,163,339,889,2,20,4294967295,25.55,1018.22,22.77,112.99,-10.20,1
18924,134,163,338,889,2,20,4294967295,25.55,1018.23,22.80,113.14,-10.20,1
19920,135,164,338,890,2,21,4294967295,25.55,1018.23,22.83,113.29,-10.20,1
20916,135,164,339,890,2,21,4294967295,25.55,1018.23,22.85,113.29,-10.20,1
21912,136,163,338,890,1,21,4294967295,25.55,1018.23,22.87,113.29,-10.20,1
22908,136,163,338,889,1,20,4294967295,25.56,1018.23,22.88,113.90,-10.20,1
23904,135,163,339,890,2,20,4294967295,25.56,1018.23,22.91,113.21,-10.20,1
24900,135,164,338,890,1,20,4294967295,25.56,1018.23,22.93,113.29,-10.20,1
25896,136,164,337,889,2,20,4294967295,25.56,1018.23,22.96,112.91,-10.20,1
26892,135,165,336,889,2,19,4294967295,25.56,1018.23,23.00,112.68,-10.20,1
27888,136,165,336,889,2,20,4294967295,25.56,1018.23,23.00,113.06,-10.20,1
28884,136,165,335,889,1,20,4294967295,25.56,1018.23,22.98,113.37,-10.28,1
29880,137,165,335,889,1,20,4294967295,25.56,1018.24,22.95,113.83,-10.28,1
30876,137,165,335,889,2,20,4294967295,25.56,1018.24,22.91,114.76,-10.20,1
31872,137,165,335,889,2,20,4294967295,25.56,1018.23,22.87,114.76,-10.20,1
32868,137,165,335,889,2,20,4294967295,25.56,1018.23,22.84,115.39,-10.20,1
33864,138,166,335,889,2,21,4294967295,25.56,1018.23,22.84,114.92,-10.11,1
34860,137,165,334,888,1,20,4294967295,25.56,1018.22,22.85,114.84,-10.20,1
35856,137,165,333,888,1,20,4294967295,25.56,1018.23,22.88,114.29,-10.11,1
36852,137,166,333,887,2,21,4294967295,25.56,1018.22,22.92,113.60,-10.11,1
37848,138,166,333,888,2,21,4294967295,25.56,1018.22,22.97,113.06,-10.11,1
38844,138,166,333,889,2,20,4294967295,25.56,1018.22,23.04,112.53,-10.11,1
39840,138,166,332,889,1,20,4294967295,25.56,1018.22,23.09,112.16,-10.11,1
40836,138,166,332,888,1,21,4294967295,25.56,1018.22,23.16,111.78,-10.20,1
41832,138,166,333,889,1,20,4294967295,25.56,1018.23,23.24,111.41,-10.20,1
42828,138,166,333,889,2,20,4294967295,25.56,1018.23,23.30,111.49,-10.20,1
43824,137,166,333,889,2,20,4294967295,25.56,1018.23,23.38,110.97,-10.11,1
44820,137,167,334,889,2,19,4294967295,25.56,1018.22,23.45,110.32,-10.28,1
45816,139,167,335,890,1,20,4294967295,25.56,1018.24,23.51,109.96,-10.28,1
46812,139,167,336,890,2,20,4294967295,25.56,1018.24,23.55,109.81,-10.36,1
47808,138,167,335,889,1,20,4294967295,25.56,1018.25,23.57,109.53,-10.28,1
48804,139,167,335,889,1,20,4294967295,25.57,1018.24,23.57,110.68,-10.36,1
49800,140,167,335,889,1,21,4294967295,25.57,1018.25,23.56,110.83,-10.36,1
50796,140,167,334,889,2,20,4294967295,25.57,1018.25,23.52,110.75,-10.45,1
51792,139,166,334,889,2,20,4294967295,25.57,1018.26,23.47,110.25,-10.45,1
52788,139,166,332,887,1,20,4294967295,25.57,1018.26,23.45,111.49,-10.53,1
53784,138,166,332,886,1,20,4294967295,25.57,1018.27,23.44,110.83,-10.45,1
54780,138,166,330,885,1,20,4294967295,25.57,1018.26,23.47,110.17,-10.45,1
55776,137,166,331,885,2,21,4294967295,25.57,1018.26,23.50,110.25,-10.53,1
56772,137,165,329,884,1,20,4294967295,25.57,1018.27,23.54,109.89,-10.61,1
57768,137,165,329,884,1,20,4294967295,25.57,1018.28,23.60,109.10,-10.69,1
58764,136,165,328,884,2,20,4294967295,25.57,1018.29,23.64,109.03,-10.69,1
59760,136,166,329,884,2,21,4294967295,25.57,1018.29,23.65,109.24,-10.78,1
60756,136,166,328,884,2,20,4294967295,25.57,1018.30,23.65,109.53,-10.78,1
61752,137,166,329,885,1,21,4294967295,25.57,1018.30,23.63,110.10,-10.78,1
62748,137,166,329,884,2,20,4294967295,25.57,1018.30,23.62,109.81,-10.78,1
63744,136,166,329,886,2,21,4294967295,25.57,1018.30,23.61,109.81,-10.78,1
64740,138,167,331,886,1,21,4294967295,25.57,1018.30,23.59,110.03,-10.78,1
65736,137,167,331,886,2,21,4294967295,25.57,1018.30,23.59,110.97,-10.86,1
66732,138,166,330,886,2,21,4294967295,25.57,1018.31,23.56,110.90,-10.78,1
67728,137,166,330,885,1,21,4294967295,25.57,1018.30,23.53,111.12,-10.78,1
68724,137,166,329,884,1,21,4294967295,25.57,1018.30,23.49,111.49,-10.69,1
69720,137,166,328,884,2,21,4294967295,25.57,1018.29,23.43,112.83,-10.69,1
70716,136,167,328,883,2,21,4294967295,25.57,1018.29,23.36,112.46,-10.61,1
71712,137,166,327,883,2,20,4294967295,25.57,1018.28,23.29,112.68,-10.69,1
72708,137,167,328,883,2,20,4294967295,25.57,1018.29,23.27,113.37,-10.78,1
73704,137,167,327,883,2,20,4294967295,25.57,1018.30,23.28,112.76,-10.69,1
74700,138,167,328,884,1,21,4294967295,25.57,1018.29,23.29,112.53,-10.69,1
75696,139,168,328,885,2,19,4294967295,25.57,1018.29,23.33,112.38,-10.69,1
76692,138,168,329,886,2,21,4294967295,25.57,1018.29,23.38,111.71,-10.69,1
77688,139,168,331,888,2,20,4294967295,25.57,1018.29,23.44,111.05,-10.69,1
78684,140,168,330,888,1,21,4294967295,25.57,1018.29,23.53,111.12,-10.69,1
79680,140,167,332,888,1,20,4294967295,25.57,1018.29,23.62,110.53,-10.69,1
80676,139,167,332,887,1,20,4294967295,25.57,1018.29,23.70,109.67,-10.69,1
81672,139,167,332,887,1,20,4294967295,25.57,1018.29,23.81,109.17,-10.61,1
82668,139,168,332,887,1,20,4294967295,25.57,1018.28,23.89,108.61,-10.61,1
83664,139,167,333,888,1,20,4294967295,25.57,1018.28,23.95,108.33,-10.61,1
84660,139,167,333,888,2,21,4294967295,25.57,1018.28,24.01,107.70,-10.61,1
85656,139,166,332,887,1,21,4294967295,25.57,1018.28,24.07,108.26,-10.53,1
86652,138,166,332,887,1,20,4294967295,25.58,1018.27,24.10,107.70,-10.53,1
87648,137,166,331,887,1,21,4294967295,25.58,1018.27,24.13,107.15,-10.53,1
88644,137,166,330,887,2,20,4294967295,25.58,1018.27,24.18,107.56,-10.61,1
89640,137,166,329,885,2,21,4294967295,25.58,1018.28,24.22,107.29,-10.61,1
90636,136,166,328,886,2,20,4294967295,25.58,1018.28,24.23,107.63,-10.69,1
91632,136,166,328,886,2,21,4294967295,25.58,1018.29,24.20,107.84,-10.61,1
92628,135,166,328,886,1,21,4294967295,25.58,1018.28,24.16,107.70,-10.61,1
93624,135,166,328,886,1,20,4294967295,25.58,1018.28,24.11,108.54,-10.69,1
94620,135,165,327,885,1,21,4294967295,25.58,1018.29,24.05,108.54,-10.69,1
95616,134,165,326,885,2,20,4294967295,25.58,1018.29,23.99,109.10,-10.78,1
96612,134,165,325,885,2,20,4294967295,25.58,1018.30,23.91,109.60,-10.78,1
97608,134,165,323,884,1,21,4294967295,25.58,1018.30,23.85,109.89,-10.78,1
98604,133,166,323,884,1,21,4294967295,25.58,1018.30,23.80,110.90,-10.86,1
99600,133,165,322,883,2,21,4294967295,25.58,1018.31,23.76,110.97,-10.86,1
100596,133,165,322,883,1,21,4294967295,25.58,1018.31,23.75,110.39,-10.94,1
101592,133,164,320,883,1,20,4294967295,25.58,1018.32,23.79,109.67,-10.94,1
102588,132,165,321,883,2,20,4294967295,25.58,1018.32,23.85,109.10,-11.03,1
103584,132,165,321,883,1,20,4294967295,25.58,1018.33,23.92,108.61,-11.03,1
104580,132,165,321,883,1,20,4294967295,25.58,1018.33,24.02,107.70,-11.11,1
105576,132,165,319,882,1,21,4294967295,25.58,1018.34,24.12,107.02,-11.11,1
106572,131,164,319,881,2,20,4294967295,25.58,1018.34,24.23,106.68,-11.19,1
107568,130,165,317,879,1,21,4294967295,25.58,1018.35,24.31,106.14,-11.28,1
108564,130,164,317,880,2,21,4294967295,25.58,1018.36,24.40,106.27,-11.36,1
109560,131,165,317,880,2,20,4294967295,25.58,1018.37,24.47,106.00,-11.36,1
110556,131,165,317,880,1,21,4294967295,25.58,1018.37,24.52,104.88,-11.36,1
111552,131,165,316,880,1,21,4294967295,25.58,1018.37,24.56,104.95,-11.28,1
112548,131,165,317,880,1,21,4294967295,25.58,1018.36,24.61,104.82,-11.36,1
113544,131,165,317,882,1,21,4294967295,25.58,1018.37,24.66,104.62,-11.36,1
114540,131,165,317,882,1,21,4294967295,25.58,1018.37,24.72,103.91,-11.36,1
115536,132,165,318,881,2,20,4294967295,25.59,1018.37,24.79,103.40,-11.36,1
116532,132,165,317,881,2,21,4294967295,25.59,1018.37,24.86,103.08,-11.36,1
117528,132,166,317,881,1,21,4294967295,25.59,1018.37,24.93,102.58,-11.28,1
118524,132,165,317,881,1,21,4294967295,25.59,1018.36,25.00,101.40,-11.19,1
119520,132,166,316,882,1,21,4294967295,25.59,1018.35,25.08,100.97,-11.28,1
120516,133,166,318,883,2,21,4294967295,25.59,1018.36,25.15,100.85,-11.28,1
121512,133,166,318,884,2,21,4294967295,25.59,1018.36,25.19,100.37,-11.19,1
122508,132,166,318,884,1,21,4294967295,25.59,1018.35,25.20,101.46,-11.11,1
123504,133,165,319,884,2,21,4294967295,25.59,1018.34,25.15,101.28,-11.11,1
124500,132,164,319,884,1,21,4294967295,25.59,1018.34,25.08,101.59,-11.03,1
125496,132,165,318,884,2,21,4294967295,25.59,1018.33,25.03,102.08,-11.03,1
126492,132,164,317,884,2,21,4294967295,25.59,1018.33,25.00,101.40,-11.03,1
127488,132,164,316,883,1,21,4294967295,25.59,1018.33,24.98,100.97,-10.94,1
128484,131,164,316,883,1,21,4294967295,25.59,1018.32,24.99,100.92,-10.94,1
129480,131,165,315,883,2,20,4294967295,25.59,1018.32,25.00,100.37,-10.94,1
130476,131,165,314,882,2,20,4294967295,25.59,1018.32,25.05,100.73,-10.94,1
131472,131,165,315,882,2,21,4294967295,25.59,1018.32,25.11,100.19,-11.03,1
132468,130,164,314,881,2,21,4294967295,25.59,1018.33,25.17,99.19,-11.03,1
133464,131,164,314,882,1,21,4294967295,25.59,1018.33,25.25,99.01,-10.94,1
134460,131,165,315,883,1,21,4294967295,25.59,1018.32,25.33,98.49,-11.03,1
135456,130,165,314,883,2,21,4294967295,25.59,1018.33,25.42,97.69,-11.03,1
136452,131,165,313,882,1,22,4294967295,25.59,1018.33,25.47,97.58,-11.03,1
137448,131,164,313,881,1,21,4294967295,25.59,1018.33,25.51,97.58,-11.03,1
138444,131,164,313,881,2,21,4294967295,25.59,1018.33,25.51,97.41,-11.03,1
139440,131,164,311,879,2,21,4294967295,25.59,1018.33,25.47,98.15,-11.03,1
140436,130,163,310,878,2,21,4294967295,25.59,1018.33,25.37,99.19,-11.03,1
141432,129,164,310,877,1,21,4294967295,25.59,1018.33,25.27,100.19,-11.03,1
142428,129,164,309,877,1,21,4294967295,25.59,1018.33,25.14,100.73,-10.94,1
143424,129,164,309,876,2,20,4294967295,25.59,1018.32,25.00,101.22,-10.94,1
144420,130,164,310,876,1,21,4294967295,25.59,1018.32,24.90,101.46,-11.03,1
145416,131,165,310,877,2,21,4294967295,25.59,1018.33,24.79,102.02,-10.94,1
146412,131,164,311,878,2,20,4294967295,25.59,1018.32,24.71,102.08,-10.94,1
147408,132,165,312,878,1,21,4294967295,25.59,1018.32,24.63,103.08,-10.94,1
148404,131,164,312,879,1,21,4294967295,25.59,1018.32,24.56,102.70,-10.86,1
149400,132,164,312,879,2,21,4294967295,25.59,1018.31,24.54,102.83,-10.86,1
150396,132,165,313,878,1,21,4294967295,25.59,1018.31,24.55,101.46,-10.86,1
151392,131,164,312,878,2,22,4294967295,25.59,1018.31,24.61,101.95,-10.86,1
152388,131,164,312,877,2,22,4294967295,25.59,1018.31,24.67,101.34,-10.86,1
153384,130,163,311,877,2,21,4294967295,25.59,1018.31,24.74,101.28,-10.78,1
154380,130,164,311,876,1,21,4294967295,25.59,1018.30,24.80,100.97,-10.86,1
155376,130,163,309,876,1,21,4294967295,25.59,1018.31,24.85,100.92,-10.78,1
156372,129,163,309,876,1,21,4294967295,25.59,1018.30,24.88,101.40,-10.78,1
157368,129,163,309,875,2,21,4294967295,25.59,1018.30,24.93,101.28,-10.78,1
158364,130,163,309,877,1,20,4294967295,25.59,1018.30,24.97,100.97,-10.78,1
159360,130,164,310,877,1,21,4294967295,25.59,1018.30,25.00,100.92,-10.78,1
160356,130,165,310,878,1,21,4294967295,25.59,1018.30,25.05,100.31,-10.69,1
161352,131,164,311,879,2,21,4294967295,25.59,1018.29,25.08,100.49,-10.61,1
162348,131,165,312,880,2,21,4294967295,25.59,1018.28,25.10,99.90,-10.61,1
163344,131,165,313,881,2,21,4294967295,25.60,1018.28,25.13,100.31,-10.61,1
164340,131,165,313,882,2,21,4294967295,25.60,1018.28,25.16,99.42,-10.53,1
165336,131,165,313,881,2,22,4294967295,25.60,1018.27,25.22,99.66,-10.53,1
166332,131,164,313,882,1,21,4294967295,25.60,1018.27,25.28,99.13,-10.45,1
167328,131,164,313,880,1,22,4294967295,25.60,1018.26,25.34,99.31,-10.36,1
168324,131,164,312,880,2,21,4294967295,25.60,1018.25,25.40,98.03,-10.45,1
169320,131,164,311,880,2,22,4294967295,25.60,1018.26,25.45,97.75,-10.45,1
170316,131,164,311,879,1,22,4294967295,25.60,1018.26,25.49,97.41,-10.53,1
171312,130,164,311,879,2,22,4294967295,25.60,1018.27,25.54,97.52,-10.53,1
172308,129,164,310,878,2,21,4294967295,25.60,1018.27,25.56,97.41,-10.53,1
173304,129,164,310,878,2,21,4294967295,25.60,1018.27,25.53,97.86,-10.53,1
174300,129,163,310,878,2,20,4294967295,25.60,1018.27,25.46,99.13,-10.53,1
175296,130,164,311,879,1,21,4294967295,25.60,1018.27,25.37,99.19,-10.53,1
176292,130,164,311,878,1,21,4294967295,25.60,1018.27,25.31,99.25,-10.53,1
177288,129,164,310,879,1,21,4294967295,25.60,1018.27,25.24,99.54,-10.53,1
178284,130,164,311,880,2,22,4294967295,25.60,1018.27,25.22,98.95,-10.45,1
179280,130,164,312,881,1,21,4294967295,25.60,1018.26,25.22,99.01,-10.53,1
180276,131,165,312,882,2,22,4294967295,25.60,1018.27,25.24,98.84,-10.53,1
181272,131,165,312,881,2,21,4294967295,25.60,1018.27,25.26,98.15,-10.61,1
182268,131,164,311,880,2,22,4294967295,25.60,1018.28,25.29,98.38,-10.61,1
183264,131,164,311,880,2,22,4294967295,25.60,1018.28,25.32,98.03,-10.69,1
184260,130,165,311,881,2,22,4294967295,25.60,1018.29,25.37,97.75,-10.69,1
185256,131,165,312,881,2,22,4294967295,25.60,1018.29,25.44,97.12,-10.69,1
186252,132,165,312,880,2,21,4294967295,25.60,1018.29,25.52,96.46,-10.69,1
187248,132,166,312,880,2,22,4294967295,25.60,1018.29,25.62,95.96,-10.78,1
188244,132,166,313,882,2,21,4294967295,25.60,1018.30,25.72,95.09,-10.78,1
189240,133,166,314,881,2,21,4294967295,25.60,1018.30,25.81,94.82,-10.78,1
190236,132,165,312,881,2,21,4294967295,25.60,1018.30,25.90,94.29,-10.78,1
191232,132,165,313,881,2,21,4294967295,25.60,1018.30,26.00,95.50,-10.86,1
192228,133,165,313,880,2,22,4294967295,25.60,1018.31,26.07,95.17,-10.86,1
193224,133,166,312,880,1,21,4294967295,25.60,1018.31,26.16,94.85,-10.94,1
194220,134,166,314,880,1,22,4294967295,25.60,1018.32,26.22,94.32,-10.94,1
195216,134,166,314,882,2,21,4294967295,25.60,1018.32,26.29,93.48,-11.03,1
196212,134,165,314,881,1,21,4294967295,25.60,1018.33,26.34,93.48,-11.03,1
197208,134,166,314,881,2,21,4294967295,25.60,1018.33,26.40,92.96,-10.94,1
198204,134,165,314,882,2,23,4294967295,25.60,1018.32,26.44,92.56,-10.94,1
199200,134,165,313,881,2,22,4294967295,25.60,1018.32,26.44,92.86,-10.86,1
200196,134,165,313,881,1,22,4294967295,25.60,1018.31,26.45,93.07,-10.94,1
201192,133,165,312,880,2,22,4294967295,25.60,1018.32,26.44,92.76,-10.86,1
202188,133,165,311,880,2,21,4294967295,25.60,1018.31,26.42,92.96,-10.86,1
203184,133,164,311,879,1,21,4294967295,25.60,1018.31,26.39,93.38,-10.94,1
204180,132,165,311,879,2,21,4294967295,25.60,1018.32,26.37,92.96,-10.94,1
205176,131,165,310,879,1,21,4294967295,25.60,1018.32,26.37,93.48,-10.86,1
206172,132,164,310,879,1,21,4294967295,25.60,1018.31,26.38,92.86,-10.78,1
207168,130,165,309,878,1,22,4294967295,25.60,1018.30,26.40,92.35,-10.86,1
208164,131,164,308,879,2,22,4294967295,25.61,1018.31,26.42,91.75,-10.86,1
209160,131,165,309,879,2,21,4294967295,25.61,1018.31,26.46,91.95,-10.78,1
210156,130,164,309,878,1,22,4294967295,25.61,1018.30,26.51,92.25,-10.78,1
211152,130,165,309,880,1,22,4294967295,25.61,1018.30,26.56,91.35,-10.78,1
212148,129,164,308,879,1,23,4294967295,25.61,1018.30,26.62,91.25,-10.78,1
213144,129,164,307,878,2,22,4294967295,25.61,1018.30,26.70,90.17,-10.69,1
214140,129,164,308,878,2,22,4294967295,25.61,1018.29,26.75,89.79,-10.78,1
215136,129,164,307,877,1,21,4294967295,25.61,1018.30,26.82,89.40,-10.78,1
216132,129,164,307,878,2,22,4294967295,25.61,1018.30,26.88,89.40,-10.78,1
217128,128,164,306,877,1,22,4294967295,25.61,1018.30,26.94,88.74,-10.86,1
218124,128,163,306,876,1,21,4294967295,25.61,1018.31,26.99,88.46,-10.86,1
219120,127,163,306,877,2,22,4294967295,25.61,1018.31,27.08,87.82,-10.78,1
220116,127,163,305,878,2,21,4294967295,25.61,1018.30,27.12,87.18,-10.78,1
221112,127,163,305,877,1,23,4294967295,25.61,1018.30,27.17,87.54,-10.78,1
222108,127,163,305,877,2,21,4294967295,25.61,1018.30,27.24,87.18,-10.86,1
223104,127,163,305,878,1,22,4294967295,25.61,1018.31,27.29,86.82,-10.86,1
224100,127,163,305,877,2,22,4294967295,25.61,1018.31,27.36,86.28,-10.86,1
225096,126,163,304,878,2,22,4294967295,25.61,1018.31,27.42,85.84,-10.86,1
226092,126,162,303,877,2,22,4294967295,25.61,1018.31,27.47,85.58,-10.86,1
227088,126,163,304,878,2,21,4294967295,25.61,1018.31,27.52,84.98,-10.94,1
228084,126,163,305,878,1,22,4294967295,25.61,1018.32,27.57,85.06,-10.94,1
229080,125,163,304,878,2,21,4294967295,25.61,1018.32,27.62,84.55,-10.86,1
230076,126,163,305,878,1,21,4294967295,25.61,1018.31,27.68,83.96,-10.86,1
231072,125,163,305,879,1,22,4294967295,25.61,1018.31,27.71,84.04,-10.78,1
232068,125,163,304,879,1,22,4294967295,25.61,1018.30,27.76,83.29,-10.86,1
233064,126,163,305,879,2,22,4294967295,25.61,1018.31,27.81,83.13,-10.86,1
234060,126,163,305,878,1,22,4294967295,25.61,1018.31,27.83,82.56,-10.86,1
235056,125,162,304,878,2,22,4294967295,25.61,1018.31,27.86,82.72,-10.78,1
236052,124,163,304,879,2,22,4294967295,25.61,1018.30,27.86,82.96,-10.78,1
237048,125,162,304,880,1,22,4294967295,25.61,1018.30,27.79,83.13,-10.78,1
238044,125,163,303,878,2,22,4294967295,25.61,1018.30,27.68,83.71,-10.86,1
239040,124,162,304,879,1,22,4294967295,25.61,1018.31,27.55,84.38,-10.78,1
240036,125,163,303,878,1,22,4294967295,25.61,1018.30,27.40,84.72,-10.78,1
241032,124,162,303,879,1,22,4294967295,25.61,1018.30,27.24,85.93,-10.69,1
242028,124,163,302,879,2,23,4294967295,25.61,1018.29,27.10,86.11,-10.78,1
243024,125,162,302,878,1,22,4294967295,25.61,1018.30,26.96,86.82,-10.69,1
244020,124,162,303,878,1,22,4294967295,25.61,1018.29,26.79,87.54,-10.78,1
245016,124,162,303,879,2,22,4294967295,25.61,1018.30,26.65,88.19,-10.69,1
246012,125,163,303,880,1,22,4294967295,25.61,1018.29,26.50,89.12,-10.78,1
247008,125,163,304,880,1,22,4294967295,25.61,1018.30,26.35,89.59,-10.86,1
248004,126,163,304,882,1,22,4294967295,25.61,1018.31,26.15,90.76,-10.78,1
249000,126,163,304,881,1,21,4294967295,25.61,1018.30,25.95,91.95,-10.78,1
249996,126,162,303,881,2,22,4294967295,25.61,1018.30,25.77,92.25,-10.86,1
250992,125,162,304,881,2,22,4294967295,25.61,1018.31,25.62,93.27,-10.94,1
251988,126,162,303,881,2,21,4294967295,25.61,1018.32,25.50,94.11,-10.94,1
252984,126,162,302,880,2,21,4294967295,25.61,1018.32,25.39,94.96,-10.94,1
253980,125,163,302,879,2,22,4294967295,25.61,1018.32,25.28,95.07,-10.94,1
254976,125,163,302,879,2,22,4294967295,25.61,1018.32,25.18,95.50,-10.94,1
255972,125,163,303,879,2,23,4294967295,25.61,1018.32,25.09,94.50,-11.03,1
256968,125,163,303,879,2,22,4294967295,25.61,1018.33,25.08,94.82,-11.03,1
257964,126,162,303,881,2,22,4294967295,25.61,1018.33,25.08,94.29,-11.11,1
258960,126,163,304,881,1,24,4294967295,25.61,1018.34,25.12,94.08,-11.19,1
259956,125,162,303,881,2,22,4294967295,25.61,1018.35,25.17,93.77,-11.19,1
260952,126,163,303,881,2,22,4294967295,25.61,1018.35,25.22,94.24,-11.19,1
261948,127,164,303,881,2,21,4294967295,25.61,1018.35,25.23,95.09,-11.19,1
262944,127,164,304,882,1,23,4294967295,25.61,1018.35,25.21,95.69,-11.19,1
263940,126,164,304,882,1,22,4294967295,25.61,1018.35,25.20,95.63,-11.19,1
264936,127,163,304,883,1,23,4294967295,25.61,1018.35,25.21,95.36,-11.19,1
265932,127,163,303,882,1,22,4294967295,25.61,1018.35,25.23,95.91,-11.19,1
266928,126,163,303,881,2,22,4294967295,25.61,1018.35,25.23,95.80,-11.19,1
267924,126,163,301,880,2,23,4294967295,25.61,1018.35,25.23,96.40,-11.11,1
268920,126,164,302,879,2,21,4294967295,25.61,1018.34,25.20,96.18,-11.19,1
269916,127,164,303,880,2,22,4294967295,25.61,1018.35,25.17,96.40,-11.11,1
270912,127,164,303,881,1,22,4294967295,25.61,1018.34,25.15,96.68,-11.11,1
271908,128,164,304,881,2,22,4294967295,25.61,1018.34,25.14,96.90,-11.11,1
272904,128,164,305,882,1,22,4294967295,25.61,1018.34,25.13,96.79,-11.11,1
273900,129,165,306,883,2,22,4294967295,25.61,1018.34,25.14,96.62,-11.03,1
274896,129,165,307,884,1,22,4294967295,25.61,1018.33,25.14,97.58,-11.03,1
275892,130,165,308,885,1,21,4294967295,25.61,1018.33,25.16,97.63,-11.03,1
276888,130,166,308,884,1,21,4294967295,25.61,1018.33,25.17,98.03,-11.03,1
277884,130,165,308,884,2,22,4294967295,25.61,1018.33,25.18,97.92,-10.94,1
278880,130,165,308,884,1,22,4294967295,25.61,1018.32,25.20,98.15,-10.94,1
279876,131,165,308,883,2,22,4294967295,25.61,1018.32,25.19,98.55,-10.94,1
280872,131,165,309,883,2,23,4294967295,25.61,1018.32,25.15,99.07,-10.86,1
281868,131,165,309,884,2,22,4294967295,25.61,1018.31,25.11,99.66,-10.86,1
282864,131,166,309,884,2,22,4294967295,25.61,1018.31,25.09,99.54,-10.86,1
283860,132,166,309,884,1,21,4294967295,25.61,1018.31,25.03,100.13,-10.86,1
284856,133,165,309,884,2,22,4294967295,25.61,1018.31,24.98,100.55,-10.86,1
285852,132,166,308,883,2,22,4294967295,25.61,1018.31,24.96,99.95,-10.78,1
286848,132,165,309,883,1,22,4294967295,25.61,1018.30,24.96,99.90,-10.78,1
287844,132,166,309,883,2,22,4294967295,25.61,1018.30,25.00,99.78,-10.86,1
288840,132,166,309,883,2,21,4294967295,25.61,1018.31,25.03,100.13,-10.78,1
289836,133,167,310,884,2,22,4294967295,25.61,1018.30,25.10,99.31,-10.78,1
290832,133,167,312,884,1,22,4294967295,25.61,1018.30,25.14,98.72,-10.69,1
291828,134,167,313,884,1,22,4294967295,25.61,1018.29,25.20,99.13,-10.69,1
292824,134,167,313,885,2,22,4294967295,25.61,1018.29,25.29,98.38,-10.69,1
293820,135,167,312,885,2,22,4294967295,25.61,1018.29,25.39,97.80,-10.78,1
294816,135,166,313,884,1,22,4294967295,25.61,1018.30,25.51,96.29,-10.78,1
295812,135,166,313,885,2,22,4294967295,25.61,1018.30,25.67,96.35,-10.78,1
296808,135,167,314,886,2,22,4294967295,25.61,1018.30,25.83,95.47,-10.78,1
297804,136,166,313,885,1,22,4294967295,25.61,1018.30,25.98,94.13,-10.86,1
298800,136,167,313,886,2,22,4294967295,25.61,1018.31,26.10,94.24,-10.78,1
299796,135,166,313,884,2,22,4294967295,25.61,1018.30,26.17,93.87,-10.69,1
300792,135,167,313,884,1,21,4294967295,25.61,1018.29,26.21,94.29,-10.69,1
301788,135,167,312,884,1,22,4294967295,25.61,1018.29,26.21,94.61,-10.69,1
302784,135,167,313,884,1,22,4294967295,25.61,1018.29,26.16,95.58,-10.69,1
303780,135,167,313,884,1,22,4294967295,25.61,1018.29,26.07,95.91,-10.69,1
304776,135,167,314,885,2,22,4294967295,25.61,1018.29,25.98,95.91,-10.61,1
305772,135,167,314,885,2,21,4294967295,25.61,1018.28,25.89,96.35,-10.61,1
306768,136,168,315,885,1,21,4294967295,25.61,1018.28,25.86,96.29,-10.61,1
307764,136,167,315,885,2,22,4294967295,25.61,1018.28,25.82,96.13,-10.61,1
308760,135,168,314,884,2,21,4294967295,25.61,1018.28,25.76,96.85,-10.53,1
309756,135,167,315,884,2,22,4294967295,25.61,1018.27,25.67,97.58,-10.61,1
310752,136,167,315,884,2,22,4294967295,25.61,1018.28,25.61,97.01,-10.53,1
311748,136,167,315,885,2,22,4294967295,25.61,1018.27,25.56,97.52,-10.45,1
312744,135,167,315,884,2,22,4294967295,25.61,1018.26,25.49,98.61,-10.45,1
313740,136,167,314,883,1,22,4294967295,25.61,1018.26,25.45,98.38,-10.45,1
314736,135,167,315,883,1,22,4294967295,25.61,1018.26,25.42,97.80,-10.45,1
315732,135,168,314,883,2,22,4294967295,25.61,1018.26,25.42,98.38,-10.36,1
316728,135,167,315,883,2,22,4294967295,25.61,1018.25,25.38,99.01,-10.36,1
317724,135,168,315,884,1,22,4294967295,25.61,1018.25,25.32,99.31,-10.36,1
318720,136,169,315,883,1,22,4294967295,25.61,1018.25,25.26,99.72,-10.45,1
319716,136,168,316,885,1,22,4294967295,25.61,1018.26,25.22,99.54,-10.45,1
320712,137,168,317,885,2,21,4294967295,25.61,1018.26,25.22,98.55,-10.36,1
321708,137,169,318,886,1,22,4294967295,25.61,1018.25,25.26,98.09,-10.36,1
322704,137,168,317,885,2,22,4294967295,25.61,1018.25,25.36,97.69,-10.36,1
323700,136,168,317,886,2,22,4294967295,25.61,1018.25,25.46,97.35,-10.36,1
324696,137,168,317,884,2,21,4294967295,25.61,1018.25,25.57,97.07,-10.36,1
325692,136,168,317,884,1,22,4294967295,25.61,1018.25,25.65,97.24,-10.28,1
326688,137,168,317,885,2,22,4294967295,25.61,1018.24,25.73,96.24,-10.28,1
327684,136,169,318,884,1,22,4294967295,25.61,1018.24,25.79,96.24,-10.28,1
328680,137,169,317,885,1,22,4294967295,25.61,1018.24,25.82,96.73,-10.28,1
329676,137,169,317,884,1,21,4294967295,25.61,1018.24,25.85,96.40,-10.28,1
330672,137,169,318,885,2,21,4294967295,25.61,1018.24,25.87,96.46,-10.28,1
331668,137,169,318,885,2,22,4294967295,25.61,1018.24,25.84,97.24,-10.28,1
332664,137,168,319,885,2,21,4294967295,25.61,1018.24,25.79,97.29,-10.28,1
333660,138,169,319,885,1,22,4294967295,25.61,1018.24,25.72,98.03,-10.28,1
334656,137,169,320,885,2,22,4294967295,25.61,1018.24,25.68,97.86,-10.28,1
335652,137,169,320,885,2,21,4294967295,25.61,1018.24,25.68,97.97,-10.36,1
336648,137,169,319,885,1,22,4294967295,25.61,1018.25,25.67,97.69,-10.36,1
337644,138,169,320,885,1,21,4294967295,25.61,1018.25,25.70,97.12,-10.36,1
338640,138,169,320,885,1,22,4294967295,25.61,1018.25,25.71,97.07,-10.28,1
339636,138,169,320,884,2,21,4294967295,25.61,1018.24,25.75,97.01,-10.28,1
340632,138,169,319,884,1,23,4294967295,25.61,1018.24,25.81,96.85,-10.28,1
341628,138,169,319,884,1,22,4294967295,25.61,1018.24,25.89,95.80,-10.28,1
342624,137,169,319,883,1,22,4294967295,25.61,1018.24,26.03,94.82,-10.28,1
343620,138,169,320,884,2,22,4294967295,25.61,1018.24,26.16,94.50,-10.28,1
344616,138,169,320,885,2,21,4294967295,25.61,1018.24,26.31,95.28,-10.28,1
345612,139,169,320,885,2,22,4294967295,25.62,1018.24,26.44,94.43,-10.28,1
346608,138,170,320,884,2,22,4294967295,25.62,1018.24,26.56,93.38,-10.20,1
347604,138,170,320,885,2,22,4294967295,25.62,1018.23,26.71,92.86,-10.20,1
348600,139,169,322,886,2,22,4294967295,25.62,1018.23,26.82,92.05,-10.20,1
349596,140,170,321,885,2,22,4294967295,25.62,1018.23,26.95,91.55,-10.20,1
350592,139,170,320,885,2,22,4294967295,25.62,1018.23,27.05,91.35,-10.20,1
351588,139,170,320,885,1,22,4294967295,25.62,1018.23,27.12,91.35,-10.20,1
352584,139,169,319,884,2,22,4294967295,25.62,1018.23,27.16,91.05,-10.20,1
353580,139,169,319,884,1,23,4294967295,25.62,1018.23,27.17,90.95,-10.20,1
354576,139,169,319,884,2,22,4294967295,25.62,1018.23,27.15,90.95,-10.20,1
355572,139,170,319,884,2,22,4294967295,25.62,1018.23,27.14,91.65,-10.20,1
356568,140,170,320,884,2,21,4294967295,25.62,1018.23,27.12,91.15,-10.28,1
357564,140,170,320,885,2,23,4294967295,25.62,1018.24,27.11,90.66,-10.20,1
358560,140,171,321,885,2,22,4294967295,25.62,1018.23,27.09,90.66,-10.20,1
359556,141,170,320,885,2,22,4294967295,25.62,1018.23,27.10,90.76,-10.20,1
360552,141,170,321,885,2,22,4294967295,25.62,1018.23,27.09,90.76,-10.20,1
361548,141,171,322,886,2,22,4294967295,25.62,1018.23,27.03,91.55,-10.20,1
362544,142,170,321,885,2,23,4294967295,25.62,1018.23,26.93,92.25,-10.11,1
363540,141,170,322,885,2,22,4294967295,25.62,1018.22,26.78,92.96,-10.20,1
364536,142,171,321,886,2,22,4294967295,25.62,1018.23,26.62,93.79,-10.28,1
365532,141,171,321,885,2,22,4294967295,25.62,1018.24,26.46,94.11,-10.20,1
366528,141,170,321,884,2,22,4294967295,25.62,1018.23,26.33,94.43,-10.20,1
367524,142,170,321,885,2,23,4294967295,25.62,1018.23,26.23,95.07,-10.20,1
368520,141,171,321,885,2,22,4294967295,25.62,1018.23,26.11,94.19,-10.20,1
369516,141,171,321,885,1,22,4294967295,25.62,1018.23,25.98,94.61,-10.20,1
370512,141,171,321,885,2,22,4294967295,25.62,1018.23,25.84,95.80,-10.28,1
371508,141,172,321,885,2,22,4294967295,25.62,1018.24,25.73,96.18,-10.28,1
372504,141,171,322,885,2,22,4294967295,25.62,1018.24,25.67,95.47,-10.28,1
373500,142,171,323,886,1,22,4294967295,25.62,1018.24,25.65,95.96,-10.28,1
374496,141,171,324,886,1,22,4294967295,25.62,1018.24,25.69,95.04,-10.36,1
375492,141,171,324,887,2,22,4294967295,25.62,1018.25,25.74,94.29,-10.36,1
376488,142,171,325,886,2,23,4294967295,25.62,1018.25,25.82,94.50,-10.36,1
377484,142,171,325,887,2,23,4294967295,25.62,1018.25,25.92,95.17,-10.36,1
378480,141,172,325,887,1,23,4294967295,25.62,1018.25,26.06,94.64,-10.36,1
379476,142,171,325,887,1,22,4294967295,25.62,1018.25,26.16,94.96,-10.36,1
380472,142,172,324,887,2,22,4294967295,25.62,1018.25,26.20,94.96,-10.36,1
381468,141,172,324,887,1,22,4294967295,25.62,1018.25,26.20,94.24,-10.36,1
382464,142,171,325,887,2,22,4294967295,25.62,1018.25,26.15,95.50,-10.36,1
383460,142,171,324,888,2,22,4294967295,25.62,1018.25,26.12,95.39,-10.45,1
384456,141,171,325,886,1,22,4294967295,25.62,1018.26,26.10,94.29,-10.36,1
385452,141,172,324,887,2,22,4294967295,25.62,1018.25,26.11,95.28,-10.36,1
386448,141,172,325,887,2,22,4294967295,25.62,1018.25,26.15,95.07,-10.36,1
387444,141,172,326,888,2,22,4294967295,25.62,1018.25,26.20,94.75,-10.36,1
388440,141,173,326,890,2,23,4294967295,25.62,1018.25,26.29,93.79,-10.36,1
389436,142,172,328,890,2,22,4294967295,25.62,1018.25,26.41,93.58,-10.36,1
390432,141,172,327,890,2,22,4294967295,25.62,1018.25,26.53,92.86,-10.36,1
391428,142,172,327,890,1,22,4294967295,25.62,1018.25,26.66,92.15,-10.36,1
392424,142,173,327,889,2,22,4294967295,25.62,1018.25,26.78,91.65,-10.45,1
393420,142,172,327,889,1,22,4294967295,25.62,1018.26,26.90,91.15,-10.36,1
394416,141,172,327,890,2,23,4294967295,25.62,1018.25,27.04,90.17,-10.45,1
395412,141,172,328,889,1,23,4294967295,25.62,1018.26,27.17,89.50,-10.45,1
396408,141,172,327,889,1,22,4294967295,25.62,1018.26,27.29,89.03,-10.45,1
397404,141,172,326,888,1,22,4294967295,25.62,1018.26,27.41,88.37,-10.53,1
398400,141,171,327,888,2,22,4294967295,25.62,1018.27,27.51,88.09,-10.45,1
399396,140,172,327,888,2,22,4294967295,25.62,1018.26,27.55,87.82,-10.45,1
400392,141,172,327,887,2,22,4294967295,25.62,1018.26,27.57,87.63,-10.45,1
401388,141,172,326,888,2,22,4294967295,25.62,1018.26,27.59,87.45,-10.45,1
402384,141,173,327,888,1,22,4294967295,25.62,1018.26,27.60,87.54,-10.53,1
403380,141,173,327,888,2,22,4294967295,25.62,1018.27,27.62,87.36,-10.53,1
404376,141,172,327,888,1,22,4294967295,25.62,1018.27,27.63,87.45,-10.53,1
405372,141,173,329,889,2,22,4294967295,25.62,1018.27,27.65,86.82,-10.36,1
406368,141,172,328,889,1,22,4294967295,25.62,1018.25,27.67,87.00,-10.45,1
407364,141,172,328,888,2,23,4294967295,25.63,1018.26,27.65,86.73,-10.36,1
408360,140,172,327,888,1,23,4294967295,25.62,1018.25,27.62,87.36,-10.36,1
409356,140,172,326,887,1,22,4294967295,25.62,1018.25,27.59,87.18,-10.36,1
410352,140,172,326,886,1,22,4294967295,25.62,1018.25,27.56,87.00,-10.36,1
411348,140,172,326,886,2,23,4294967295,25.62,1018.25,27.53,87.36,-10.36,1
412344,140,172,326,887,2,22,4294967295,25.62,1018.25,27.52,86.82,-10.36,1
413340,140,172,326,887,2,22,4294967295,25.63,1018.25,27.52,87.00,-10.36,1
414336,140,172,325,887,2,23,4294967295,25.63,1018.25,27.51,86.46,-10.36,1
415332,140,171,325,886,2,22,4294967295,25.63,1018.25,27.53,87.00,-10.36,1
416328,139,171,324,886,1,22,4294967295,25.63,1018.25,27.57,85.93,-10.36,1
417324,139,172,324,886,2,22,4294967295,25.63,1018.25,27.60,85.93,-10.45,1
418320,139,172,325,886,1,22,4294967295,25.63,1018.26,27.62,85.93,-10.36,1
419316,139,172,325,887,2,22,4294967295,25.63,1018.25,27.63,85.76,-10.36,1
420312,139,172,325,887,1,23,4294967295,25.63,1018.25,27.63,86.02,-10.28,1
421308,139,173,326,888,2,22,4294967295,25.63,1018.24,27.57,86.82,-10.28,1
422304,140,172,327,888,1,22,4294967295,25.63,1018.24,27.50,86.82,-10.28,1
423300,140,172,327,888,1,22,4294967295,25.62,1018.24,27.42,87.18,-10.28,1
424296,140,172,327,889,2,22,4294967295,25.62,1018.24,27.35,87.36,-10.28,1
425292,139,172,327,888,1,23,4294967295,25.63,1018.24,27.29,87.72,-10.45,1
426288,139,172,327,888,1,22,4294967295,25.63,1018.26,27.26,87.82,-10.45,1
427284,139,172,326,887,2,22,4294967295,25.63,1018.26,27.26,87.63,-10.45,1
428280,138,172,326,888,1,23,4294967295,25.63,1018.26,27.24,87.72,-10.45,1
429276,138,172,325,886,2,22,4294967295,25.63,1018.26,27.24,87.63,-10.45,1
430272,138,172,326,886,2,22,4294967295,25.63,1018.26,27.20,87.91,-10.45,1
431268,138,171,326,887,2,22,4294967295,25.63,1018.26,27.19,88.09,-10.45,1
432264,138,171,326,887,2,23,4294967295,25.63,1018.26,27.17,88.09,-10.45,1
433260,138,172,325,886,1,22,4294967295,25.63,1018.26,27.17,88.00,-10.53,1
434256,138,172,326,886,2,23,4294967295,25.63,1018.27,27.20,87.63,-10.53,1
435252,137,171,325,886,1,22,4294967295,25.63,1018.27,27.26,87.63,-10.53,1
436248,138,172,325,887,1,22,4294967295,25.63,1018.27,27.32,87.27,-10.53,1
437244,137,172,324,885,1,23,4294967295,25.63,1018.27,27.37,86.82,-10.53,1
438240,138,171,324,885,1,22,4294967295,25.63,1018.27,27.43,86.55,-10.53,1
439236,137,171,324,885,1,22,4294967295,25.63,1018.27,27.45,86.82,-10.53,1
440232,136,171,324,885,1,23,4294967295,25.63,1018.27,27.41,87.72,-10.53,1
441228,136,170,324,885,1,22,4294967295,25.63,1018.27,27.29,88.28,-10.53,1
442224,136,170,323,885,1,22,4294967295,25.63,1018.27,27.19,88.65,-10.61,1
443220,136,170,324,885,2,22,4294967295,25.63,1018.28,27.09,88.84,-10.53,1
444216,135,170,324,885,1,22,4294967295,25.63,1018.27,27.03,88.46,-10.61,1
445212,135,171,325,886,2,22,4294967295,25.63,1018.28,27.02,89.03,-10.53,1
446208,136,171,325,886,2,22,4294967295,25.63,1018.27,27.02,88.28,-10.61,1
447204,135,171,324,886,1,22,4294967295,25.63,1018.28,27.02,88.46,-10.69,1
