timestamp,NO2,C2H50H,VOC,CO,Alcohol,LPG,Benzene,Temperature,Pressure,Humidity,Gas_Resistance,Altitude,State29880,29,67,65,749,1,9,0,25.13,1009.67,46.89,224.64,60.98,1
30876,29,67,65,749,1,8,0,25.13,1009.67,46.90,224.79,61.06,1
31872,29,66,65,749,1,8,0,25.13,1009.66,46.90,224.95,61.06,1
32868,29,67,65,749,1,8,0,25.13,1009.66,46.90,225.10,61.06,1
33864,29,66,65,749,1,8,0,25.13,1009.66,46.92,224.95,60.98,1
34860,29,67,65,750,1,8,0,25.12,1009.67,46.92,225.87,61.06,1
35856,29,67,65,749,1,8,0,25.12,1009.66,46.94,225.41,60.98,1
36852,29,67,65,750,1,7,0,25.12,1009.67,46.94,225.25,60.98,1
37848,29,67,65,750,1,8,0,25.12,1009.67,46.95,225.25,60.90,1
38844,29,67,65,749,1,8,0,25.12,1009.68,46.96,225.41,60.90,1
39840,29,67,65,750,1,8,0,25.12,1009.68,46.96,225.10,60.98,1
40836,29,67,65,750,1,8,0,25.12,1009.67,46.96,224.64,60.90,1
41832,29,67,65,750,1,10,0,25.12,1009.68,46.97,225.72,60.90,1
42828,28,67,65,749,1,8,0,25.12,1009.68,46.97,225.87,60.90,1
43824,29,67,65,750,1,8,0,25.12,1009.68,46.96,225.41,60.98,1
44820,29,67,65,750,1,8,0,25.12,1009.67,46.96,224.95,60.98,1
45816,28,67,65,750,1,8,0,25.12,1009.67,46.95,225.10,60.98,1
46812,29,67,65,750,1,8,0,25.12,1009.67,46.95,224.95,60.98,1
47808,29,66,65,750,1,8,0,25.12,1009.67,46.95,225.56,60.98,1
48804,28,67,65,750,1,8,0,25.12,1009.67,46.96,225.56,60.98,1
49800,29,67,64,750,1,8,0,25.12,1009.67,46.97,225.56,60.90,1
50796,29,67,64,751,1,8,0,25.12,1009.68,46.96,225.25,60.90,1
51792,28,67,65,750,1,9,0,25.12,1009.68,46.96,225.56,60.90,1
52788,29,67,65,750,1,8,0,25.12,1009.68,46.97,225.72,60.81,1
53784,29,66,65,750,1,8,0,25.12,1009.69,46.98,226.03,60.90,1
54780,29,67,65,751,1,8,0,25.11,1009.68,46.96,225.25,60.90,1
55776,29,67,65,751,1,8,0,25.11,1009.68,46.96,225.56,60.81,1
56772,28,67,65,751,1,9,0,25.11,1009.69,46.98,226.18,60.90,1
57768,28,67,64,751,1,8,0,25.11,1009.68,46.98,225.87,60.90,1
58764,28,67,65,751,1,8,0,25.11,1009.68,46.98,225.87,60.90,1
59760,29,67,65,751,1,8,0,25.11,1009.68,46.99,225.87,60.98,1
60756,29,67,64,751,1,8,0,25.11,1009.67,46.99,225.56,60.98,1
61752,29,67,64,751,1,8,0,25.11,1009.67,47.00,225.87,61.06,1
62748,29,67,65,751,1,8,0,25.11,1009.66,46.99,226.03,61.06,1
63744,28,67,64,751,1,8,0,25.11,1009.66,46.99,225.87,61.06,1
64740,29,67,65,751,1,8,0,25.11,1009.66,46.99,225.56,61.06,1
65736,29,67,65,751,1,8,0,25.11,1009.66,47.00,225.10,61.15,1
66732,28,66,65,751,1,8,0,25.11,1009.65,47.00,225.25,61.06,1
67728,29,67,64,752,1,8,0,25.10,1009.66,46.99,225.72,61.06,1
68724,28,66,64,752,1,8,0,25.10,1009.66,46.99,224.95,61.15,1
69720,28,67,65,751,1,8,0,25.10,1009.65,46.99,225.25,61.06,1
70716,29,66,65,752,1,8,0,25.10,1009.66,47.01,225.72,61.06,1
71712,28,67,64,751,1,8,0,25.10,1009.66,47.00,225.72,61.06,1
72708,29,67,64,752,1,8,0,25.10,1009.66,47.01,225.25,61.06,1
73704,28,67,64,751,1,8,0,25.10,1009.66,47.01,224.95,60.98,1
74700,28,67,64,752,1,8,0,25.10,1009.67,47.02,226.03,60.98,1
75696,28,67,64,752,1,8,0,25.10,1009.67,47.01,225.41,60.98,1
76692,29,67,64,752,1,9,0,25.10,1009.67,47.02,225.25,60.98,1
77688,28,66,64,752,1,9,0,25.10,1009.67,47.03,224.64,60.98,1
78684,29,67,65,752,1,8,0,25.10,1009.67,47.01,225.87,61.06,1
79680,29,67,64,751,1,9,0,25.10,1009.66,47.04,224.79,61.15,1
80676,28,67,64,752,1,9,0,25.10,1009.65,47.01,224.95,61.15,1
81672,29,67,64,752,1,8,0,25.10,1009.65,47.01,224.34,61.15,1
82668,28,67,65,752,1,8,0,25.10,1009.65,47.01,225.10,61.15,1
83664,28,67,64,752,1,9,0,25.10,1009.65,47.01,224.49,61.23,1
84660,28,67,64,751,1,9,0,25.10,1009.64,47.01,224.64,61.15,1
85656,29,67,64,752,1,9,0,25.10,1009.65,47.01,224.03,61.23,1
86652,28,67,64,752,1,8,0,25.10,1009.64,47.01,224.49,61.23,1
87648,28,67,64,752,1,9,0,25.10,1009.64,47.01,224.95,61.31,1
88644,29,66,64,752,1,9,0,25.10,1009.63,47.01,224.95,61.23,1
89640,29,67,65,752,1,9,0,25.10,1009.64,47.01,224.34,61.31,1
90636,29,67,64,752,1,9,0,25.10,1009.63,47.01,224.49,61.31,1
91632,28,67,64,753,1,9,0,25.10,1009.63,47.01,225.10,61.31,1
92628,29,67,65,752,1,9,0,25.10,1009.63,47.00,224.95,61.23,1
93624,29,67,64,752,1,8,0,25.10,1009.64,47.01,223.88,61.15,1
94620,29,67,65,752,1,8,0,25.10,1009.65,47.00,223.73,61.23,1
95616,29,67,63,752,1,9,0,25.10,1009.64,47.01,224.64,61.31,1
96612,28,66,64,752,1,9,0,25.10,1009.63,47.01,224.34,61.31,1
97608,29,67,65,753,1,9,0,25.10,1009.63,47.02,224.34,61.31,1
98604,29,67,65,753,1,9,0,25.10,1009.63,47.01,224.19,61.23,1
99600,29,67,64,752,1,9,0,25.10,1009.64,47.02,224.19,61.23,1
100596,29,67,64,753,1,9,0,25.10,1009.64,47.02,224.03,61.23,1
101592,28,67,64,752,1,9,0,25.10,1009.64,47.00,224.03,61.15,1
102588,29,66,64,752,1,9,0,25.10,1009.65,47.00,224.03,61.23,1
103584,29,67,64,752,1,9,0,25.10,1009.64,47.01,224.34,61.23,1
104580,29,67,65,753,1,9,0,25.10,1009.64,47.01,224.19,61.23,1
105576,29,67,64,752,1,9,0,25.10,1009.64,47.02,224.34,61.31,1
106572,29,67,64,753,1,9,0,25.10,1009.63,47.01,224.34,61.31,1
107568,28,66,64,753,1,9,0,25.10,1009.63,47.01,224.64,61.40,1
108564,29,67,64,752,1,9,0,25.10,1009.62,47.03,224.34,61.31,1
109560,29,66,64,753,1,9,0,25.10,1009.63,47.02,223.88,61.31,1
110556,29,67,65,752,1,9,0,25.10,1009.63,47.01,224.64,61.40,1
111552,29,67,64,753,1,9,0,25.10,1009.62,47.01,224.34,61.40,1
112548,28,67,64,753,1,9,0,25.10,1009.62,47.00,223.88,61.40,1
113544,28,67,64,753,1,10,0,25.11,1009.62,47.00,224.34,61.31,1
114540,29,67,64,753,1,9,0,25.10,1009.63,47.01,223.43,61.40,1
115536,28,67,64,752,1,9,0,25.10,1009.62,47.01,223.58,61.40,1
116532,29,67,64,752,1,9,0,25.10,1009.62,47.01,224.34,61.48,1
117528,29,67,64,752,1,9,0,25.10,1009.61,47.02,224.49,61.40,1
118524,28,67,65,753,1,9,0,25.10,1009.62,47.01,223.58,61.40,1
119520,29,67,65,753,1,8,0,25.10,1009.62,47.01,223.58,61.40,1
120516,28,67,65,752,1,9,0,25.10,1009.62,47.00,223.43,61.48,1
121512,29,67,64,752,1,9,0,25.10,1009.61,47.02,224.03,61.48,1
122508,29,67,64,752,1,9,0,25.10,1009.61,47.01,223.88,61.40,1
123504,28,67,65,752,1,9,0,25.10,1009.62,47.01,224.03,61.48,1
124500,28,67,64,752,1,9,0,25.10,1009.61,47.00,223.43,61.56,1
125496,29,66,64,752,1,9,0,25.10,1009.60,47.02,223.58,61.48,1
126492,29,67,64,753,1,9,0,25.10,1009.61,47.01,224.64,61.48,1
127488,29,67,64,753,1,9,0,25.10,1009.61,47.01,223.73,61.48,1
128484,28,67,64,753,1,8,0,25.10,1009.61,47.02,223.13,61.48,1
129480,29,67,65,752,1,8,0,25.10,1009.61,47.01,224.19,61.48,1
130476,29,67,64,753,1,9,0,25.10,1009.61,47.01,224.19,61.48,1
131472,28,67,65,752,1,8,0,25.10,1009.61,47.02,223.88,61.48,1
132468,28,67,64,752,1,9,0,25.10,1009.61,47.02,223.43,61.48,1
133464,29,67,65,753,1,9,0,25.10,1009.61,47.02,223.58,61.48,1
134460,29,67,65,753,1,9,0,25.10,1009.61,47.02,222.53,61.56,1
135456,29,67,64,752,1,9,0,25.10,1009.60,47.02,223.43,61.56,1
136452,29,67,65,752,1,9,0,25.10,1009.60,47.01,223.13,61.56,1
137448,28,67,65,753,1,8,0,25.10,1009.60,47.02,222.83,61.56,1
138444,29,67,65,753,1,9,0,25.10,1009.60,47.01,222.98,61.65,1
139440,29,67,64,753,1,8,0,25.10,1009.59,47.01,223.13,61.56,1
140436,28,67,65,753,1,9,0,25.10,1009.60,47.01,223.13,61.65,1
141432,29,67,64,753,1,8,0,25.10,1009.59,47.02,223.88,61.56,1
142428,29,66,64,753,1,8,0,25.10,1009.60,47.03,223.13,61.56,1
143424,28,67,64,752,1,8,0,25.10,1009.60,47.02,223.73,61.56,1
144420,29,67,64,753,1,8,0,25.10,1009.60,47.02,223.13,61.48,1
145416,29,67,65,753,1,8,0,25.10,1009.61,47.01,222.83,61.48,1
146412,29,67,65,754,1,9,0,25.10,1009.61,47.01,222.98,61.40,1
147408,29,67,64,753,1,9,0,25.10,1009.62,47.02,223.13,61.40,1
148404,29,67,65,753,1,9,0,25.10,1009.62,47.02,223.28,61.40,1
149400,29,67,65,753,1,9,0,25.10,1009.62,47.02,223.13,61.48,1
150396,29,67,64,753,1,8,0,25.10,1009.61,47.01,223.28,61.56,1
151392,29,67,65,754,1,9,0,25.10,1009.60,47.01,222.83,61.56,1
152388,29,67,65,753,1,8,0,25.10,1009.60,47.01,223.43,61.48,1
153384,29,67,65,753,1,8,0,25.10,1009.61,47.01,223.13,61.56,1
154380,29,67,65,753,1,8,0,25.10,1009.60,47.01,222.98,61.48,1
155376,29,67,65,753,1,8,0,25.10,1009.61,47.01,223.43,61.48,1
156372,28,67,65,753,1,8,0,25.10,1009.61,47.01,222.53,61.56,1
157368,28,67,65,753,1,8,0,25.10,1009.60,47.01,222.68,61.56,1
158364,29,67,65,753,1,8,0,25.10,1009.60,47.01,221.63,61.56,1
159360,29,67,65,753,1,8,0,25.10,1009.60,47.00,222.98,61.56,1
160356,29,67,65,753,1,8,0,25.10,1009.60,47.01,222.53,61.65,1
161352,29,67,65,753,1,8,0,25.10,1009.59,46.99,222.53,61.65,1
162348,29,67,65,754,1,8,0,25.10,1009.59,47.01,223.13,61.56,1
163344,28,67,65,753,1,8,0,25.10,1009.60,47.00,222.38,61.65,1
164340,29,67,65,753,1,8,0,25.10,1009.59,47.00,222.98,61.65,1
165336,29,67,64,754,1,8,0,25.10,1009.59,47.00,222.83,61.65,1
166332,29,67,65,753,1,8,0,25.10,1009.59,47.00,222.23,61.65,1
167328,29,67,65,753,1,8,0,25.10,1009.59,47.00,223.28,61.65,1
168324,29,67,65,753,1,8,0,25.10,1009.59,46.99,221.93,61.65,1
169320,29,67,65,753,1,8,0,25.10,1009.59,47.02,222.83,61.73,1
170316,29,67,65,753,1,8,0,25.10,1009.58,46.99,223.13,61.81,1
171312,29,67,65,753,1,8,0,25.10,1009.57,46.99,223.13,61.81,1
172308,29,67,65,753,1,8,0,25.10,1009.57,47.00,222.38,61.81,1
173304,29,67,65,753,1,8,0,25.10,1009.57,47.01,222.68,61.81,1
174300,29,67,65,754,1,8,0,25.10,1009.57,46.99,222.83,61.73,1
175296,29,67,65,753,1,8,0,25.10,1009.58,46.99,222.98,61.73,1
176292,29,67,65,753,1,8,0,25.10,1009.58,47.01,222.83,61.73,1
177288,29,67,65,754,1,8,0,25.10,1009.58,46.99,222.38,61.81,1
178284,29,67,65,753,1,8,0,25.10,1009.57,47.00,222.83,61.81,1
179280,28,67,65,753,1,8,0,25.10,1009.57,47.01,222.23,61.73,1
180276,29,67,65,753,1,8,0,25.10,1009.58,47.00,222.53,61.81,1
181272,29,67,65,753,1,9,0,25.10,1009.57,47.01,222.23,61.81,1
182268,29,67,65,753,1,8,0,25.10,1009.57,47.01,222.53,61.81,1
183264,29,67,65,754,1,8,0,25.10,1009.57,47.00,222.38,61.81,1
184260,29,67,65,753,1,8,0,25.09,1009.57,47.01,222.23,61.81,1
185256,29,67,65,754,1,8,0,25.09,1009.57,47.00,222.53,61.90,1
186252,29,67,65,753,1,8,0,25.10,1009.56,47.02,222.23,61.81,1
187248,29,67,65,753,1,8,0,25.10,1009.57,47.01,221.78,61.81,1
188244,29,67,65,753,1,7,0,25.10,1009.57,47.01,222.08,61.90,1
189240,28,67,65,753,1,8,0,25.10,1009.56,47.00,221.63,61.90,1
190236,29,67,65,753,1,8,0,25.10,1009.56,47.01,222.68,61.98,1
191232,29,67,65,753,1,8,0,25.10,1009.55,47.01,222.53,61.98,1
192228,29,67,65,753,1,8,0,25.10,1009.55,47.00,221.93,61.98,1
193224,29,67,65,754,1,8,0,25.10,1009.55,47.01,221.63,61.98,1
194220,29,67,65,753,1,8,0,25.10,1009.55,47.01,222.23,61.90,1
195216,29,67,65,753,1,8,0,25.10,1009.56,47.00,221.63,61.98,1
196212,28,67,65,753,1,8,0,25.10,1009.55,47.02,222.68,61.98,1
197208,29,67,65,753,1,8,0,25.10,1009.55,47.01,221.93,61.98,1
198204,29,67,65,753,1,7,0,25.10,1009.55,47.01,222.23,61.98,1
199200,29,67,65,753,1,8,0,25.10,1009.55,47.01,221.78,61.98,1
200196,29,67,65,754,1,8,0,25.10,1009.55,47.01,221.93,61.98,1
201192,29,67,65,753,1,8,0,25.10,1009.55,47.02,222.08,61.98,1
202188,29,67,65,753,1,8,0,25.09,1009.55,47.02,221.93,61.98,1
203184,29,67,65,753,1,7,0,25.09,1009.55,47.02,222.53,62.07,1
204180,29,67,65,753,1,8,0,25.09,1009.54,47.03,222.53,62.15,1
205176,29,67,66,754,1,8,0,25.09,1009.53,47.00,222.83,62.07,1
206172,29,67,66,754,1,7,0,25.09,1009.54,47.02,222.38,62.07,1
207168,29,67,66,753,1,7,0,25.09,1009.54,47.02,221.48,61.98,1
208164,29,67,65,753,1,8,0,25.09,1009.55,47.03,222.38,62.07,1
209160,29,67,65,754,1,7,0,25.09,1009.54,47.03,222.83,62.07,1
210156,28,67,65,754,1,7,0,25.09,1009.54,47.01,221.33,62.07,1
211152,29,67,66,754,1,7,0,25.09,1009.54,47.03,223.13,62.07,1
212148,29,67,65,754,1,7,0,25.09,1009.54,47.04,221.78,62.07,1
213144,29,67,65,754,1,7,0,25.09,1009.54,47.04,222.83,61.98,1
214140,29,67,65,753,1,7,0,25.09,1009.55,47.03,221.33,61.98,1
215136,29,67,65,754,1,7,0,25.09,1009.55,47.04,222.53,62.07,1
216132,29,67,66,753,1,7,0,25.09,1009.54,47.04,221.93,62.07,1
217128,29,67,66,753,1,7,0,25.09,1009.54,47.05,221.04,62.07,1
218124,29,67,65,753,1,7,0,25.09,1009.54,47.02,221.63,62.07,1
219120,29,67,66,754,1,7,0,25.09,1009.54,47.02,222.53,62.07,1
220116,29,67,65,753,1,8,0,25.09,1009.54,47.04,221.04,62.07,1
221112,29,67,66,754,1,7,0,25.09,1009.54,47.04,222.23,62.07,1
222108,29,68,65,754,1,8,0,25.09,1009.54,47.02,221.04,62.15,1
223104,29,67,66,754,1,8,0,25.09,1009.53,47.05,221.63,62.15,1
224100,29,67,66,753,1,8,0,25.09,1009.53,47.04,222.08,62.15,1
225096,29,67,66,754,1,8,0,25.09,1009.53,47.04,221.63,62.07,1
226092,29,67,65,755,1,8,0,25.09,1009.54,47.02,221.63,62.15,1
227088,29,67,66,755,1,8,0,25.09,1009.53,47.02,221.63,62.15,1
228084,29,67,65,754,1,8,0,25.09,1009.53,47.03,221.04,62.15,1
229080,29,67,65,754,1,8,0,25.09,1009.53,47.03,220.45,62.15,1
230076,29,67,66,754,1,8,0,25.09,1009.53,47.02,220.74,62.15,1
231072,29,67,66,753,1,8,0,25.10,1009.53,47.00,220.59,62.15,1
232068,30,67,65,754,1,7,0,25.10,1009.53,47.01,221.18,62.15,1
233064,29,67,66,754,1,8,0,25.10,1009.53,47.02,220.45,62.15,1
234060,29,67,66,754,1,8,0,25.10,1009.53,47.00,220.59,62.23,1
235056,30,67,66,754,1,8,0,25.10,1009.52,47.00,221.18,62.15,1
236052,30,67,66,754,1,7,0,25.10,1009.53,47.00,220.45,62.15,1
237048,30,67,66,754,1,8,0,25.10,1009.53,46.99,220.89,62.07,1
238044,30,67,66,754,1,8,0,25.10,1009.54,47.01,221.48,62.07,1
239040,29,67,66,754,1,8,0,25.10,1009.54,46.98,220.59,62.07,1
240036,30,67,66,754,1,8,0,25.10,1009.54,46.99,220.15,62.15,1
241032,30,67,66,754,1,10,0,25.10,1009.53,46.99,220.74,62.15,1
242028,30,67,66,754,1,8,0,25.10,1009.53,46.99,220.15,62.15,1
243024,30,67,66,754,1,8,0,25.10,1009.53,46.98,221.04,62.15,1
244020,30,67,65,754,1,8,0,25.10,1009.53,46.99,220.45,62.15,1
245016,30,67,66,755,1,10,0,25.10,1009.53,46.97,220.74,62.15,1
246012,30,67,66,754,1,8,0,25.10,1009.53,46.98,220.15,62.15,1
247008,30,67,66,755,1,8,0,25.10,1009.53,46.97,221.18,62.15,1
248004,30,67,66,755,1,8,0,25.10,1009.53,46.96,220.89,62.15,1
249000,30,67,66,754,1,8,0,25.10,1009.53,46.97,220.15,62.15,1
249996,30,67,65,754,1,9,0,25.10,1009.53,46.98,220.89,62.23,1
250992,30,67,67,754,1,8,0,25.10,1009.52,46.98,220.15,62.15,1
251988,29,67,66,754,1,8,0,25.10,1009.53,46.96,220.01,62.23,1
252984,30,67,66,755,1,9,0,25.10,1009.52,46.97,220.45,62.23,1
253980,30,67,66,754,1,10,0,25.10,1009.52,46.96,220.45,62.23,1
254976,29,67,66,754,1,8,0,25.10,1009.52,46.97,221.04,62.23,1
255972,29,67,66,754,1,8,0,25.10,1009.52,46.97,219.86,62.23,1
256968,30,67,66,754,1,8,0,25.10,1009.52,46.96,220.15,62.23,1
257964,30,67,66,754,1,8,0,25.10,1009.52,46.96,221.04,62.23,1
258960,30,67,66,754,1,8,0,25.10,1009.52,46.96,220.59,62.23,1
259956,30,67,66,755,1,8,0,25.10,1009.52,46.96,220.15,62.23,1
260952,30,67,66,754,1,8,0,25.10,1009.52,46.97,220.89,62.23,1
261948,30,67,66,754,1,9,0,25.10,1009.52,46.95,220.74,62.23,1
262944,30,67,66,754,1,8,0,25.10,1009.52,46.96,220.59,62.32,1
263940,30,67,67,755,1,8,0,25.10,1009.51,46.96,221.04,62.32,1
264936,30,68,66,754,1,9,0,25.10,1009.51,46.95,219.42,62.32,1
265932,30,67,66,754,1,8,0,25.10,1009.51,46.96,220.89,62.40,1
266928,30,68,67,754,1,8,0,25.10,1009.50,46.96,219.86,62.40,1
267924,30,67,66,754,1,8,0,25.10,1009.50,46.96,220.15,62.40,1
268920,30,67,67,754,1,8,0,25.10,1009.50,46.96,220.01,62.40,1
269916,30,67,66,755,1,9,0,25.10,1009.50,46.97,220.74,62.32,1
270912,30,67,67,754,1,9,0,25.10,1009.51,46.96,219.86,62.32,1
271908,30,67,66,755,1,9,0,25.10,1009.51,46.97,219.42,62.32,1
272904,30,67,67,754,1,8,0,25.10,1009.51,46.96,219.57,62.32,1
273900,30,67,67,754,1,9,0,25.10,1009.51,46.95,219.42,62.32,1
274896,30,67,67,754,1,9,0,25.10,1009.51,46.94,219.57,62.23,1
275892,30,67,66,754,1,9,0,25.10,1009.52,46.96,219.57,62.15,1
276888,30,67,66,754,1,8,0,25.10,1009.53,46.95,220.15,62.15,1
277884,30,67,67,754,1,8,0,25.10,1009.53,46.95,219.71,62.32,1
278880,30,67,67,754,1,9,0,25.10,1009.51,46.96,219.28,62.40,1
279876,31,68,66,754,1,9,0,25.10,1009.50,46.95,219.86,62.40,1
280872,30,68,67,754,1,9,0,25.10,1009.50,46.96,219.28,62.40,1
281868,30,67,67,754,1,9,0,25.10,1009.50,46.96,219.57,62.32,1
282864,30,68,66,754,1,9,0,25.10,1009.51,46.95,219.13,62.32,1
283860,30,67,67,754,1,8,0,25.11,1009.51,46.95,219.28,62.40,1
284856,31,68,67,755,1,9,0,25.10,1009.50,46.95,219.42,62.32,1
285852,30,67,67,754,1,9,0,25.11,1009.51,46.94,219.57,62.32,1
286848,30,68,67,754,1,10,0,25.11,1009.51,46.94,219.28,62.23,1
287844,31,67,67,754,1,9,0,25.11,1009.52,46.93,219.28,62.15,1
288840,30,68,67,754,1,9,0,25.11,1009.53,46.93,220.01,62.15,1
289836,30,67,67,754,1,9,0,25.11,1009.53,46.95,219.57,62.15,1
290832,30,67,67,754,1,9,0,25.11,1009.53,46.93,219.86,62.15,1
291828,30,68,67,754,1,9,0,25.10,1009.53,46.92,219.13,62.15,1
292824,30,68,67,754,1,8,0,25.11,1009.53,46.93,219.28,62.07,1
293820,30,67,67,754,1,8,0,25.11,1009.54,46.94,219.42,62.15,1
294816,31,68,67,754,1,9,0,25.11,1009.53,46.92,219.42,62.07,1
295812,30,68,67,754,1,10,0,25.11,1009.54,46.93,219.71,62.07,1
296808,30,67,67,755,1,9,0,25.11,1009.54,46.91,219.57,61.98,1
297804,31,67,67,754,1,8,0,25.11,1009.55,46.91,219.28,61.98,1
298800,30,67,67,754,1,8,0,25.11,1009.55,46.92,219.57,61.98,1
299796,30,68,67,754,1,8,0,25.11,1009.55,46.91,220.59,61.98,1
300792,30,67,67,753,1,8,0,25.10,1009.55,46.91,219.86,61.98,1
301788,30,68,67,753,1,8,0,25.10,1009.55,46.92,220.74,61.98,1
302784,30,67,67,754,1,8,0,25.10,1009.55,46.92,220.45,61.98,1
303780,29,67,67,754,1,9,0,25.10,1009.55,46.91,221.93,61.98,1
304776,29,68,67,754,1,8,0,25.10,1009.55,46.93,220.30,61.90,1
305772,29,67,67,754,1,7,0,25.10,1009.56,46.94,220.15,61.98,1
306768,29,67,66,754,1,7,0,25.09,1009.55,46.94,220.01,61.90,1
307764,29,68,67,754,1,7,0,25.09,1009.56,46.94,220.74,61.90,1
308760,29,67,67,754,1,7,0,25.09,1009.56,46.96,220.74,61.98,1
309756,29,67,67,754,1,7,0,25.09,1009.55,46.94,220.45,61.98,1
310752,29,67,67,753,1,7,0,25.09,1009.55,46.96,220.45,61.90,1
311748,30,67,67,753,1,7,0,25.09,1009.56,46.97,220.45,61.98,1
312744,30,67,67,754,1,8,0,25.09,1009.55,46.96,220.74,61.98,1
313740,30,67,67,753,1,7,0,25.09,1009.55,46.97,219.42,61.98,1
314736,30,67,67,753,1,8,0,25.09,1009.55,46.96,221.18,62.07,1
315732,30,68,67,753,1,7,0,25.09,1009.54,46.97,220.30,62.07,1
316728,30,68,67,753,1,7,0,25.09,1009.54,46.96,220.30,62.15,1
317724,30,67,67,753,1,8,0,25.09,1009.53,46.96,220.15,62.15,1
318720,30,67,67,753,1,8,0,25.09,1009.53,46.96,220.30,62.15,1
319716,30,68,67,754,1,8,0,25.09,1009.53,46.96,220.30,62.15,1
320712,30,67,67,754,1,8,0,25.09,1009.53,46.96,220.45,62.15,1
321708,30,68,67,754,1,8,0,25.09,1009.53,46.96,219.71,62.15,1
322704,30,68,67,754,1,8,0,25.09,1009.53,46.97,219.86,62.15,1
323700,30,68,67,754,1,8,0,25.09,1009.53,46.96,219.86,62.23,1
324696,30,67,67,754,1,8,0,25.09,1009.52,46.96,219.86,62.23,1
325692,30,67,67,754,1,8,0,25.10,1009.52,46.96,220.30,62.15,1
326688,30,67,67,754,1,7,0,25.10,1009.53,46.96,220.15,62.15,1
327684,30,67,67,754,1,8,0,25.10,1009.53,46.96,219.71,62.07,1
328680,30,68,68,754,1,7,0,25.10,1009.54,46.94,219.86,62.15,1
329676,30,67,67,755,1,8,0,25.10,1009.53,46.96,220.01,62.07,1
330672,30,68,68,755,1,8,0,25.10,1009.54,46.96,220.15,62.07,1
331668,30,67,67,755,1,8,0,25.10,1009.54,46.95,219.57,62.07,1
332664,30,67,68,754,1,8,0,25.10,1009.54,46.94,220.01,62.07,1
333660,31,67,68,755,1,8,0,25.10,1009.54,46.94,220.45,61.98,1
334656,31,68,67,755,1,8,0,25.10,1009.55,46.95,220.15,61.98,1
335652,30,67,67,754,1,8,0,25.10,1009.55,46.94,220.30,61.98,1
336648,30,68,67,755,1,8,0,25.10,1009.55,46.94,220.30,61.90,1
337644,30,68,67,755,1,8,0,25.10,1009.56,46.94,220.30,61.90,1
338640,30,68,67,754,1,8,0,25.10,1009.56,46.95,220.15,61.98,1
339636,31,67,67,755,1,8,0,25.10,1009.55,46.95,219.86,61.90,1
340632,31,67,67,755,1,8,0,25.10,1009.56,46.94,219.86,61.90,1
341628,31,68,68,755,1,8,0,25.10,1009.56,46.96,219.57,61.90,1
342624,30,67,68,755,1,8,0,25.10,1009.56,46.95,219.42,61.90,1
343620,30,68,68,755,1,8,0,25.10,1009.56,46.96,220.45,61.90,1
344616,30,68,68,755,1,8,0,25.10,1009.56,46.95,219.86,61.90,1
345612,31,68,68,755,1,8,0,25.10,1009.56,46.94,220.45,61.90,1
346608,30,68,67,754,1,8,0,25.09,1009.56,46.94,220.01,61.98,1
347604,30,68,68,755,1,8,0,25.10,1009.55,46.94,219.57,61.98,1
348600,30,68,67,755,1,8,0,25.10,1009.55,46.94,219.57,61.98,1
349596,31,68,68,755,1,8,0,25.10,1009.55,46.93,220.01,61.98,1
350592,31,68,67,754,1,8,0,25.10,1009.55,46.94,220.45,62.07,1
351588,31,68,68,755,1,8,0,25.10,1009.54,46.94,219.42,62.15,1
352584,31,68,68,755,1,8,0,25.10,1009.53,46.93,219.57,62.07,1
353580,30,68,67,755,1,8,0,25.10,1009.54,46.94,220.01,62.15,1
354576,30,68,68,755,1,8,0,25.09,1009.53,46.93,220.01,62.23,1
355572,31,68,68,755,1,8,0,25.09,1009.52,46.94,219.86,62.23,1
356568,30,68,67,755,1,8,0,25.09,1009.52,46.94,219.28,62.32,1
357564,30,67,68,755,1,8,0,25.09,1009.51,46.93,219.86,62.32,1
358560,30,67,68,754,1,8,0,25.09,1009.51,46.93,220.15,62.40,1
359556,30,68,68,754,1,8,0,25.09,1009.50,46.94,219.86,62.32,1
360552,31,68,68,755,1,8,0,25.09,1009.51,46.93,219.57,62.32,1
361548,30,68,68,755,1,8,0,25.09,1009.51,46.93,219.86,62.32,1
362544,30,68,68,755,1,8,0,25.09,1009.51,46.94,219.57,62.40,1
363540,30,68,67,754,1,8,0,25.09,1009.50,46.94,219.71,62.40,1
364536,31,68,67,755,1,8,0,25.09,1009.50,46.93,220.45,62.32,1
365532,30,68,67,754,1,8,0,25.09,1009.51,46.94,220.30,62.32,1
366528,30,67,68,755,1,8,0,25.09,1009.51,46.93,219.13,62.32,1
367524,30,68,68,755,1,8,0,25.09,1009.51,46.93,219.86,62.23,1
368520,30,68,68,755,1,8,0,25.09,1009.52,46.94,219.57,62.23,1
369516,31,68,67,755,1,8,0,25.09,1009.52,46.93,220.01,62.23,1
370512,30,68,68,754,1,9,0,25.09,1009.52,46.95,220.01,62.15,1
371508,30,68,68,755,1,8,0,25.09,1009.53,46.94,219.28,62.15,1
372504,30,68,68,755,1,8,0,25.09,1009.53,46.95,219.57,62.23,1
373500,31,68,69,755,1,8,0,25.09,1009.52,46.94,219.86,62.23,1
374496,31,68,68,755,1,8,0,25.09,1009.52,46.93,219.71,62.23,1
375492,31,68,68,755,1,8,0,25.09,1009.52,46.94,219.57,62.32,1
376488,31,68,68,755,1,8,0,25.09,1009.51,46.96,219.71,62.32,1
377484,31,68,69,755,1,8,0,25.09,1009.51,46.93,219.57,62.32,1
378480,30,68,67,755,1,8,0,25.09,1009.51,46.93,219.42,62.32,1
379476,31,68,69,754,1,8,0,25.09,1009.51,46.93,219.57,62.32,1
380472,31,68,69,755,1,8,0,25.09,1009.51,46.94,219.86,62.40,1
381468,31,68,68,755,1,8,0,25.09,1009.50,46.93,219.57,62.32,1
382464,31,68,68,755,1,8,0,25.09,1009.51,46.91,219.57,62.40,1
383460,31,68,69,755,1,8,0,25.09,1009.50,46.91,219.71,62.40,1
384456,31,68,68,755,1,8,0,25.09,1009.50,46.92,219.42,62.48,1
385452,31,68,68,755,1,8,0,25.09,1009.49,46.92,219.28,62.48,1
386448,31,68,68,755,1,8,0,25.09,1009.49,46.92,219.86,62.40,1
387444,30,68,69,755,1,8,0,25.09,1009.50,46.91,219.28,62.40,1
388440,30,68,69,755,1,8,0,25.09,1009.50,46.93,218.84,62.48,1
389436,30,68,68,755,1,8,0,25.09,1009.49,46.91,220.01,62.40,1
390432,31,68,69,755,1,8,0,25.09,1009.50,46.92,219.28,62.40,1
391428,30,68,68,754,1,8,0,25.09,1009.50,46.93,219.28,62.40,1
392424,31,68,68,755,1,8,0,25.09,1009.50,46.92,220.30,62.32,1
393420,30,68,68,755,1,8,0,25.09,1009.51,46.92,220.01,62.40,1
394416,30,68,68,755,1,8,0,25.09,1009.50,46.92,220.15,62.40,1
395412,31,68,68,755,1,8,0,25.09,1009.50,46.92,220.30,62.40,1
396408,30,68,68,755,1,8,0,25.09,1009.50,46.92,220.01,62.40,1
397404,30,68,68,754,1,8,0,25.09,1009.50,46.93,219.28,62.40,1
398400,30,68,68,755,1,8,0,25.09,1009.50,46.93,220.45,62.40,1
399396,30,68,68,754,1,8,0,25.09,1009.50,46.94,219.28,62.32,1
400392,30,68,69,754,1,8,0,25.08,1009.51,46.94,220.15,62.32,1
401388,30,68,69,755,1,9,0,25.08,1009.51,46.95,219.86,62.23,1
402384,30,68,69,755,1,8,0,25.08,1009.52,46.94,219.57,62.23,1
403380,30,68,69,755,1,8,0,25.08,1009.52,46.94,219.57,62.23,1
404376,31,68,68,755,1,8,0,25.08,1009.52,46.95,219.28,62.23,1
405372,30,68,69,755,1,9,0,25.08,1009.52,46.95,219.71,62.23,1
406368,31,68,68,755,1,8,0,25.08,1009.52,46.96,219.57,62.23,1
407364,30,68,69,755,1,8,0,25.08,1009.52,46.95,218.99,62.23,1
408360,30,68,68,755,1,8,0,25.08,1009.52,46.96,218.41,62.15,1
409356,30,68,69,755,1,8,0,25.08,1009.53,46.95,220.15,62.15,1
410352,31,68,69,755,1,8,0,25.08,1009.53,46.95,219.13,62.07,1
411348,31,68,69,755,1,8,0,25.08,1009.54,46.95,218.99,62.07,1
412344,31,68,69,755,1,8,0,25.08,1009.54,46.95,218.84,62.07,1
413340,30,68,69,754,1,7,0,25.08,1009.54,46.95,218.70,62.07,1
414336,31,68,69,755,1,8,0,25.08,1009.54,46.97,220.01,62.15,1
415332,31,68,69,755,1,8,0,25.08,1009.53,46.95,218.70,62.23,1
416328,31,68,69,755,1,8,0,25.08,1009.52,46.94,220.45,62.23,1
417324,31,68,69,755,1,8,0,25.08,1009.52,46.96,219.13,62.23,1
418320,30,68,69,755,1,8,0,25.08,1009.52,46.94,219.28,62.32,1
419316,30,68,68,755,1,9,0,25.08,1009.51,46.95,219.42,62.32,1
420312,30,68,69,755,1,8,0,25.08,1009.51,46.95,220.15,62.32,1
421308,31,68,69,755,1,8,0,25.08,1009.51,46.95,220.30,62.32,1
422304,30,68,69,755,1,8,0,25.08,1009.51,46.94,218.12,62.23,1
423300,31,67,69,755,1,8,0,25.08,1009.52,46.94,219.42,62.23,1
424296,31,68,69,755,1,8,0,25.08,1009.52,46.94,220.01,62.23,1
425292,31,68,69,754,1,8,0,25.08,1009.52,46.95,219.28,62.32,1
426288,30,67,69,754,1,8,0,25.08,1009.51,46.93,220.45,62.32,1
427284,31,68,69,755,1,8,0,25.08,1009.51,46.94,219.71,62.40,1
428280,30,68,69,755,1,8,0,25.08,1009.50,46.93,220.30,62.40,1
429276,31,67,69,754,1,8,0,25.08,1009.50,46.93,219.28,62.40,1
430272,31,68,69,755,1,8,0,25.08,1009.50,46.94,218.84,62.40,1
431268,31,68,69,755,1,8,0,25.08,1009.50,46.94,220.59,62.40,1
432264,31,68,69,755,1,8,0,25.08,1009.50,46.94,219.28,62.40,1
433260,30,68,69,754,1,8,0,25.08,1009.50,46.93,219.28,62.40,1
434256,31,68,69,755,1,8,0,25.08,1009.50,46.93,218.55,62.57,1
435252,30,68,69,755,1,8,0,25.08,1009.48,46.94,218.99,62.57,1
436248,30,68,69,754,1,8,0,25.08,1009.48,46.94,219.13,62.57,1
437244,30,68,69,754,1,8,0,25.08,1009.48,46.93,219.71,62.48,1
438240,31,68,69,754,1,8,0,25.08,1009.49,46.92,219.13,62.57,1
439236,31,68,69,754,1,8,0,25.08,1009.48,46.94,218.70,62.48,1
440232,31,68,69,754,1,8,0,25.08,1009.49,46.94,220.30,62.48,1
441228,30,68,69,755,1,8,0,25.08,1009.49,46.95,220.45,62.40,1
442224,31,68,69,754,1,8,0,25.08,1009.50,46.93,219.71,62.48,1
443220,30,68,69,754,1,8,0,25.08,1009.49,46.94,218.41,62.48,1
444216,30,68,69,755,1,8,0,25.08,1009.49,46.94,219.28,62.48,1
445212,31,68,69,754,1,8,0,25.08,1009.49,46.92,218.70,62.40,1
446208,30,68,69,754,1,8,0,25.08,1009.50,46.92,218.55,62.40,1
447204,31,68,69,754,1,8,0,25.08,1009.50,46.92,218.70,62.40,1
448200,30,68,69,755,1,8,0,25.09,1009.50,46.93,220.01,62.32,1
449196,30,68,69,754,1,8,0,25.09,1009.51,46.92,220.01,62.32,1
450192,31,68,69,754,1,8,0,25.09,1009.51,46.92,218.99,62.40,1
451188,31,68,69,754,1,8,0,25.09,1009.50,46.91,218.70,62.40,1
452184,31,68,70,754,1,8,0,25.09,1009.50,46.91,218.70,62.40,1
453180,30,68,69,754,1,8,0,25.09,1009.50,46.92,218.12,62.32,1
454176,31,68,69,754,1,8,0,25.09,1009.51,46.92,218.70,62.32,1
455172,30,68,69,754,1,8,0,25.09,1009.51,46.92,218.99,62.32,1
456168,31,68,69,754,1,8,0,25.09,1009.51,46.92,217.83,62.32,1
457164,30,68,69,754,1,8,0,25.09,1009.51,46.92,218.26,62.32,1
458160,30,68,69,754,1,8,0,25.08,1009.51,46.92,218.12,62.32,1
459156,30,68,69,754,1,8,0,25.08,1009.51,46.92,218.26,62.32,1
460152,30,67,69,754,1,8,0,25.08,1009.51,46.92,218.55,62.23,1
461148,30,68,69,754,1,8,0,25.08,1009.52,46.92,219.28,62.23,1
462144,30,68,69,754,1,7,0,25.08,1009.52,46.91,219.86,62.23,1
463140,30,68,69,754,1,8,0,25.08,1009.52,46.92,219.28,62.23,1
464136,31,68,70,754,1,8,0,25.08,1009.52,46.92,218.41,62.23,1
465132,30,68,69,754,1,8,0,25.08,1009.52,46.91,218.41,62.23,1
466128,30,68,69,754,1,8,0,25.08,1009.52,46.91,218.99,62.23,1
467124,30,68,69,754,1,7,0,25.08,1009.52,46.91,218.12,62.23,1
468120,30,68,69,754,1,7,0,25.08,1009.52,46.92,219.28,62.32,1
469116,31,68,69,753,1,7,0,25.08,1009.51,46.92,219.28,62.23,1
470112,31,68,70,754,1,8,0,25.08,1009.52,46.92,218.55,62.23,1
471108,30,68,69,753,1,8,0,25.08,1009.52,46.92,218.41,62.15,1
472104,30,68,69,754,1,8,0,25.08,1009.53,46.92,217.40,62.15,1
473100,30,68,69,754,1,8,0,25.08,1009.53,46.92,219.28,62.23,1
474096,30,68,69,753,1,8,0,25.08,1009.52,46.92,217.83,62.15,1
475092,30,68,70,753,1,8,0,25.08,1009.53,46.91,218.26,62.15,1
476088,30,68,69,754,1,7,0,25.08,1009.53,46.91,219.86,62.15,1
477084,31,68,69,754,1,8,0,25.09,1009.53,46.92,218.99,62.15,1
478080,31,68,69,754,1,8,0,25.09,1009.53,46.91,219.42,62.23,1
479076,30,68,69,753,1,8,0,25.09,1009.52,46.91,218.55,62.23,1
480072,30,68,69,753,1,9,0,25.09,1009.52,46.91,218.41,62.15,1
481068,30,68,69,753,1,8,0,25.09,1009.53,46.91,218.55,62.15,1
482064,30,68,69,754,1,9,0,25.09,1009.53,46.91,218.55,62.23,1
483060,30,68,69,753,1,8,0,25.09,1009.52,46.91,218.99,62.23,1
484056,30,68,69,753,1,8,0,25.09,1009.52,46.90,218.84,62.23,1
485052,30,68,70,754,1,8,0,25.09,1009.52,46.91,218.70,62.23,1
486048,30,68,70,754,1,9,0,25.09,1009.52,46.89,218.41,62.23,1
487044,31,68,69,754,1,8,0,25.09,1009.52,46.90,218.84,62.32,1
488040,30,68,70,753,1,9,0,25.09,1009.51,46.89,217.40,62.32,1
489036,31,68,69,754,1,9,0,25.09,1009.51,46.89,218.26,62.32,1
490032,30,68,70,753,1,8,0,25.09,1009.51,46.89,218.41,62.32,1
491028,30,68,69,753,1,8,0,25.09,1009.51,46.89,220.01,62.23,1
492024,31,68,69,753,1,8,0,25.09,1009.52,46.89,219.28,62.23,1
493020,31,68,70,754,1,8,0,25.09,1009.52,46.89,218.84,62.23,1
494016,31,68,69,754,1,8,0,25.09,1009.52,46.88,218.84,62.32,1
495012,30,68,70,754,1,8,0,25.09,1009.51,46.89,218.12,62.32,1
496008,31,68,69,754,1,8,0,25.09,1009.51,46.89,217.98,62.32,1
497004,31,68,70,753,1,7,0,25.09,1009.51,46.89,218.41,62.32,1
498000,30,68,70,754,1,8,0,25.09,1009.51,46.89,217.69,62.40,1
498996,30,68,69,753,1,8,0,25.09,1009.50,46.88,218.12,62.48,1
499992,30,68,69,754,1,8,0,25.09,1009.49,46.89,218.41,62.48,1
500988,30,68,69,754,1,8,0,25.09,1009.49,46.88,217.98,62.48,1
501984,31,68,70,754,1,8,0,25.09,1009.49,46.89,217.55,62.57,1
502980,30,68,69,754,1,8,0,25.09,1009.48,46.89,217.83,62.65,1
503976,31,68,70,753,1,8,0,25.09,1009.47,46.90,218.41,62.65,1
504972,31,68,70,753,1,8,0,25.09,1009.47,46.89,219.57,62.65,1
505968,30,68,70,754,1,8,0,25.09,1009.47,46.89,217.83,62.65,1
506964,30,68,69,754,1,8,0,25.09,1009.47,46.89,217.98,62.65,1
507960,31,68,69,754,1,8,0,25.09,1009.47,46.88,218.41,62.57,1
508956,31,68,70,753,1,8,0,25.09,1009.48,46.89,219.57,62.57,1
509952,30,68,70,754,2,8,0,25.09,1009.48,46.89,217.69,62.57,1
510948,30,69,70,754,1,8,0,25.09,1009.48,46.88,218.12,62.40,1
511944,31,68,69,754,1,8,0,25.09,1009.50,46.87,217.83,62.48,1
512940,30,68,70,754,1,8,0,25.09,1009.49,46.88,218.84,62.48,1
513936,31,69,70,753,1,8,0,25.09,1009.49,46.88,218.26,62.57,1
514932,30,68,70,754,1,8,0,25.09,1009.48,46.88,217.83,62.48,1
515928,31,68,69,754,1,8,0,25.09,1009.49,46.87,218.70,62.57,1
516924,31,68,70,754,1,8,0,25.09,1009.48,46.86,218.26,62.57,1
517920,31,68,70,754,1,8,0,25.09,1009.48,46.88,219.42,62.57,1
518916,31,68,70,755,1,8,0,25.09,1009.48,46.88,218.12,62.57,1
519912,31,68,70,754,1,8,0,25.09,1009.48,46.88,217.55,62.57,1
520908,31,68,70,754,2,8,0,25.09,1009.48,46.87,219.28,62.48,1
521904,30,68,70,755,1,8,0,25.09,1009.49,46.88,218.26,62.48,1
522900,30,68,70,754,1,7,0,25.09,1009.49,46.86,218.70,62.48,1
523896,31,68,70,755,1,8,0,25.09,1009.49,46.88,218.70,62.48,1
524892,31,69,70,755,1,8,0,25.09,1009.49,46.88,218.70,62.40,1
525888,31,68,70,754,1,8,0,25.09,1009.50,46.88,218.70,62.40,1
526884,31,68,70,754,1,8,0,25.09,1009.50,46.86,218.12,62.32,1
527880,31,68,70,754,1,8,0,25.09,1009.51,46.86,218.26,62.32,1
528876,31,68,70,754,1,8,0,25.09,1009.51,46.86,218.70,62.23,1
529872,31,68,70,754,1,8,0,25.09,1009.52,46.87,219.42,62.23,1
530868,31,69,70,754,1,9,0,25.09,1009.52,46.85,218.84,62.23,1
531864,31,68,70,754,1,8,0,25.09,1009.52,46.86,217.69,62.23,1
532860,31,68,70,755,1,8,0,25.09,1009.52,46.86,219.28,62.23,1
533856,31,68,69,754,2,8,0,25.09,1009.52,46.85,218.12,62.23,1
534852,30,68,70,754,1,8,0,25.09,1009.52,46.85,218.55,62.23,1
535848,31,69,70,755,1,8,0,25.09,1009.52,46.83,218.41,62.15,1
536844,31,68,70,754,1,8,0,25.09,1009.53,46.85,218.99,62.15,1
537840,31,68,70,754,1,9,0,25.09,1009.53,46.85,218.99,62.15,1
538836,31,68,70,754,1,8,0,25.09,1009.53,46.83,217.83,62.23,1
539832,30,69,70,754,1,8,0,25.09,1009.52,46.83,218.84,62.23,1
540828,31,68,70,754,1,8,0,25.09,1009.52,46.84,219.86,62.23,1
541824,31,68,70,754,1,8,0,25.09,1009.52,46.85,218.55,62.23,1
542820,31,69,70,754,1,8,0,25.09,1009.52,46.84,218.99,62.23,1
543816,31,68,70,754,1,8,0,25.09,1009.52,46.85,218.55,62.23,1
544812,31,69,70,755,1,8,0,25.09,1009.52,46.83,217.55,62.23,1
545808,31,68,70,755,1,8,0,25.09,1009.52,46.83,219.86,62.23,1
546804,31,68,70,754,1,8,0,25.09,1009.52,46.84,217.83,62.23,1
547800,31,68,70,754,1,8,0,25.09,1009.52,46.83,218.12,62.23,1
548796,31,68,70,754,1,7,0,25.09,1009.52,46.84,218.12,62.23,1
549792,31,68,70,754,1,8,0,25.09,1009.52,46.83,219.71,62.23,1
550788,31,68,70,755,1,8,0,25.09,1009.52,46.83,218.26,62.23,1
551784,31,68,70,754,1,8,0,25.09,1009.52,46.84,218.12,62.32,1
552780,31,68,70,754,1,8,0,25.09,1009.51,46.84,218.99,62.32,1
553776,31,68,70,754,1,8,0,25.09,1009.51,46.84,217.83,62.23,1
554772,31,69,70,754,1,8,0,25.10,1009.52,46.83,219.42,62.23,1
555768,31,68,70,754,1,8,0,25.09,1009.52,46.83,219.13,62.23,1
556764,31,69,70,754,1,8,0,25.10,1009.52,46.83,217.98,62.23,1
557760,31,68,70,753,1,8,0,25.09,1009.52,46.84,218.26,62.23,1
558756,30,69,71,754,1,8,0,25.09,1009.52,46.81,219.57,62.23,1
559752,31,68,70,754,1,8,0,25.09,1009.52,46.83,219.13,62.32,1
560748,31,68,71,754,1,8,0,25.09,1009.51,46.82,219.42,62.32,1
561744,31,68,70,754,1,8,0,25.09,1009.51,46.81,217.83,62.32,1
562740,31,68,70,755,1,8,0,25.10,1009.51,46.81,218.70,62.32,1
563736,31,68,71,754,1,8,0,25.10,1009.51,46.82,218.99,62.23,1
564732,31,69,71,754,1,8,0,25.10,1009.52,46.82,219.28,62.23,1
565728,30,68,70,755,1,8,0,25.10,1009.52,46.81,217.98,62.23,1
566724,31,68,70,755,1,8,0,25.10,1009.52,46.82,217.83,62.15,1
567720,31,68,70,755,1,8,0,25.10,1009.53,46.81,219.13,62.32,1
568716,31,69,70,754,1,8,0,25.10,1009.51,46.82,218.84,62.40,1
569712,31,68,70,754,1,8,0,25.10,1009.50,46.81,217.83,62.32,1
570708,30,68,70,754,1,8,0,25.10,1009.51,46.82,219.86,62.32,1
571704,31,68,71,754,1,8,0,25.10,1009.51,46.82,218.41,62.40,1
572700,31,69,70,754,1,8,0,25.10,1009.50,46.81,218.99,62.40,1
573696,31,68,71,754,1,8,0,25.10,1009.50,46.82,217.69,62.32,1
574692,31,68,71,754,1,8,0,25.10,1009.51,46.82,218.55,62.32,1
575688,31,69,71,754,1,8,0,25.10,1009.51,46.82,219.28,62.23,1
576684,30,69,70,754,1,9,0,25.10,1009.52,46.81,219.13,62.23,1
577680,31,68,70,755,1,8,0,25.10,1009.52,46.82,217.69,62.23,1
578676,31,68,71,754,1,8,0,25.10,1009.52,46.81,218.70,62.23,1
579672,30,68,71,754,1,8,0,25.10,1009.52,46.81,218.99,62.23,1
580668,31,68,70,755,1,8,0,25.09,1009.52,46.82,219.13,62.15,1
581664,31,68,70,754,1,8,0,25.09,1009.53,46.80,217.83,62.15,1
582660,31,68,70,754,1,8,0,25.09,1009.53,46.80,217.98,62.15,1
583656,31,68,70,755,1,8,0,25.09,1009.53,46.81,217.98,62.15,1
584652,31,68,71,754,1,8,0,25.09,1009.53,46.82,219.13,62.07,1
585648,31,69,71,754,1,8,0,25.10,1009.54,46.82,218.41,62.07,1
586644,31,69,70,754,1,8,0,25.09,1009.54,46.82,218.99,62.15,1
587640,31,68,71,754,1,8,0,25.09,1009.53,46.82,219.57,62.15,1
588636,31,69,71,754,1,8,0,25.10,1009.53,46.82,218.70,62.07,1
589632,31,68,70,754,1,8,0,25.10,1009.54,46.82,218.70,62.07,1
590628,31,69,71,754,1,8,0,25.10,1009.54,46.82,218.12,62.07,1
591624,31,69,71,755,1,9,0,25.10,1009.54,46.81,217.69,62.07,1
592620,31,69,70,754,1,8,0,25.10,1009.54,46.83,219.42,62.15,1
593616,31,68,71,754,1,8,0,25.10,1009.53,46.83,217.83,62.15,1
594612,31,69,70,754,1,8,0,25.10,1009.53,46.83,217.83,62.15,1
595608,31,68,71,753,1,8,0,25.10,1009.53,46.83,217.69,62.23,1
596604,31,68,71,754,1,8,0,25.10,1009.52,46.83,219.57,62.23,1
597600,31,68,70,754,1,8,0,25.10,1009.52,46.83,220.01,62.32,1
598596,31,69,70,754,1,8,0,25.10,1009.51,46.82,218.41,62.40,1
599592,31,68,70,754,1,8,0,25.10,1009.50,46.83,217.98,62.32,1
0,29,69,70,754,1,8,0,25.09,1009.51,46.82,219.13,62.23,1
996,31,69,71,754,1,8,0,25.03,1009.52,46.95,212.37,62.32,1
1992,30,69,71,754,1,8,0,25.02,1009.51,47.02,212.51,62.32,1
2988,31,68,71,754,1,8,0,25.03,1009.51,47.05,212.78,62.32,1
3984,31,68,71,754,1,8,0,25.04,1009.51,47.05,212.78,62.32,1
4980,31,68,71,754,1,8,0,25.04,1009.51,47.04,215.14,62.40,1
5976,30,68,71,754,1,8,0,25.05,1009.50,47.02,215.14,62.40,1
6972,30,68,70,755,1,8,0,25.06,1009.50,47.02,214.03,62.40,1
7968,31,68,71,754,1,8,0,25.06,1009.50,47.01,215.84,62.40,1
8964,31,68,71,754,1,8,0,25.07,1009.50,47.00,214.03,62.40,1
9960,30,69,71,754,1,8,0,25.07,1009.50,46.97,215.00,62.40,1
10956,31,68,71,754,1,8,0,25.07,1009.50,46.95,214.58,62.40,1
11952,31,68,71,754,1,8,0,25.08,1009.50,46.95,215.98,62.40,1
12948,31,68,71,754,1,8,0,25.08,1009.50,46.94,215.14,62.40,1
13944,31,68,71,754,1,8,0,25.08,1009.50,46.94,215.42,62.40,1
14940,31,69,70,754,1,8,0,25.08,1009.50,46.92,215.14,62.40,1
15936,31,69,71,754,1,8,0,25.08,1009.50,46.91,216.12,62.40,1
16932,31,69,71,754,1,10,0,25.08,1009.50,46.90,215.98,62.40,1
17928,30,68,71,754,1,8,0,25.08,1009.50,46.90,215.28,62.40,1
18924,31,68,71,754,1,8,0,25.09,1009.50,46.89,216.97,62.32,1
19920,30,68,71,754,1,8,0,25.09,1009.51,46.88,217.40,62.32,1
20916,31,68,71,754,1,8,0,25.09,1009.51,46.88,216.41,62.40,1
21912,31,68,71,754,1,8,0,25.09,1009.50,46.88,216.97,62.40,1
22908,31,69,71,754,1,8,0,25.09,1009.50,46.86,216.55,62.32,1
23904,31,68,71,755,1,8,0,25.09,1009.51,46.87,217.40,62.32,1
24900,31,69,71,754,1,8,0,25.09,1009.51,46.86,215.98,62.32,1
