timestamp,NO2,C2H50H,VOC,CO,Alcohol,LPG,Benzene,Temperature,Pressure,Humidity,Gas_Resistance,Altitude,State103.54,1
257964,152,242,338,791,7,57,4294967295,25.53,1004.58,45.81,25.19,103.45,1
258960,151,241,337,790,7,51,4294967295,25.54,1004.59,45.87,25.00,103.45,1
259956,151,241,336,791,7,52,4294967295,25.54,1004.59,45.92,25.04,103.37,1
260952,149,241,336,791,7,51,4294967295,25.54,1004.60,45.98,24.91,103.37,1
261948,149,241,335,791,7,51,4294967295,25.54,1004.60,46.01,24.88,103.29,1
262944,148,240,333,790,6,49,4294967295,25.54,1004.61,46.05,24.98,103.29,1
263940,148,240,333,790,8,50,4294967295,25.54,1004.61,46.09,24.88,103.29,1
264936,148,239,333,791,7,50,4294967295,25.54,1004.61,46.11,24.91,103.29,1
265932,147,239,332,791,7,50,4294967295,25.54,1004.61,46.10,24.95,103.20,1
266928,146,239,332,791,7,50,4294967295,25.54,1004.62,46.12,24.88,103.20,1
267924,146,238,331,790,7,50,4294967295,25.54,1004.62,46.13,24.94,103.12,1
268920,146,238,330,791,7,50,4294967295,25.54,1004.63,46.15,24.88,103.12,1
269916,145,237,329,791,7,49,4294967295,25.54,1004.63,46.18,24.95,103.20,1
270912,145,237,328,790,7,50,4294967295,25.54,1004.62,46.20,24.82,103.12,1
271908,144,236,328,790,8,52,4294967295,25.54,1004.63,46.21,24.76,103.03,1
272904,143,237,328,790,8,50,4294967295,25.54,1004.64,46.21,24.82,103.03,1
273900,143,236,327,790,7,50,4294967295,25.55,1004.64,46.20,24.97,103.03,1
274896,143,236,327,791,7,49,4294967295,25.55,1004.64,46.20,24.89,103.12,1
275892,142,235,325,790,8,47,4294967295,25.55,1004.63,46.20,24.81,103.12,1
276888,142,235,325,790,8,51,4294967295,25.55,1004.63,46.19,24.97,103.20,1
277884,141,235,325,790,8,51,4294967295,25.55,1004.62,46.17,24.85,103.20,1
278880,141,235,324,790,8,51,4294967295,25.55,1004.62,46.17,24.91,103.12,1
279876,141,234,323,790,8,50,4294967295,25.55,1004.63,46.17,24.79,103.20,1
280872,140,234,323,790,7,50,4294967295,25.55,1004.62,46.17,24.91,103.20,1
281868,140,234,323,790,7,50,4294967295,25.55,1004.62,46.16,24.88,103.20,1
282864,140,234,322,790,8,50,4294967295,25.55,1004.62,46.16,24.88,103.29,1
283860,139,234,322,790,8,50,4294967295,25.55,1004.61,46.15,24.69,103.29,1
284856,139,233,321,790,8,50,4294967295,25.55,1004.61,46.17,24.81,103.37,1
285852,139,233,321,790,8,49,4294967295,25.55,1004.60,46.18,24.81,103.37,1
286848,139,233,320,790,7,48,4294967295,25.55,1004.60,46.19,24.89,103.37,1
287844,138,233,320,790,7,50,4294967295,25.55,1004.60,46.17,24.98,103.45,1
288840,138,232,319,790,8,50,4294967295,25.56,1004.59,46.17,24.98,103.45,1
289836,138,232,319,790,8,50,4294967295,25.56,1004.59,46.18,24.82,103.45,1
290832,138,232,318,789,8,50,4294967295,25.56,1004.59,46.18,24.91,103.54,1
291828,138,232,318,789,8,50,4294967295,25.56,1004.58,46.18,24.92,103.62,1
292824,138,232,318,789,7,50,4294967295,25.56,1004.57,46.20,24.94,103.62,1
293820,138,232,318,790,8,49,4294967295,25.56,1004.57,46.19,24.82,103.62,1
294816,138,231,317,790,7,50,4294967295,25.56,1004.57,46.19,24.95,103.62,1
295812,138,232,318,789,6,49,4294967295,25.56,1004.57,46.19,24.95,103.62,1
296808,137,231,317,790,7,48,4294967295,25.56,1004.57,46.19,24.82,103.70,1
297804,138,231,317,789,7,47,4294967295,25.56,1004.56,46.20,24.91,103.70,1
298800,138,231,316,789,7,48,4294967295,25.56,1004.56,46.19,24.76,103.79,1
299796,138,231,315,789,7,48,4294967295,25.57,1004.55,46.19,24.91,103.70,1
300792,138,230,316,790,7,44,4294967295,25.57,1004.56,46.17,24.89,103.79,1
301788,138,230,316,789,7,53,4294967295,25.57,1004.55,46.17,24.91,103.87,1
302784,138,230,316,789,8,50,4294967295,25.57,1004.54,46.18,24.84,103.87,1
303780,137,230,315,790,8,48,4294967295,25.57,1004.54,46.15,24.85,103.87,1
304776,138,230,315,789,7,49,4294967295,25.57,1004.54,46.17,24.82,103.96,1
305772,137,230,314,789,8,48,4294967295,25.57,1004.53,46.17,24.75,103.96,1
306768,138,230,314,789,8,51,4294967295,25.57,1004.53,46.18,24.69,103.96,1
307764,138,230,313,790,8,50,4294967295,25.57,1004.53,46.17,24.91,104.04,1
308760,138,230,314,789,7,51,4294967295,25.57,1004.52,46.19,24.92,103.96,1
309756,138,229,314,789,7,50,4294967295,25.57,1004.53,46.19,24.95,104.04,1
310752,138,230,313,789,8,50,4294967295,25.57,1004.52,46.20,24.88,104.04,1
311748,137,229,314,790,8,49,4294967295,25.57,1004.52,46.19,24.95,104.12,1
312744,138,229,313,789,8,49,4294967295,25.57,1004.51,46.20,24.94,104.12,1
313740,137,229,313,789,8,50,4294967295,25.57,1004.51,46.19,24.84,104.12,1
314736,138,229,313,789,8,50,4294967295,25.58,1004.51,46.18,24.95,104.12,1
315732,138,229,313,790,7,50,4294967295,25.58,1004.51,46.18,24.82,104.12,1
316728,138,229,313,789,9,50,4294967295,25.58,1004.51,46.18,24.89,104.12,1
317724,139,229,313,789,8,51,4294967295,25.58,1004.51,46.18,24.88,104.21,1
318720,139,229,312,789,7,50,4294967295,25.58,1004.50,46.17,24.81,104.12,1
319716,138,229,312,790,8,50,4294967295,25.58,1004.51,46.18,24.91,104.12,1
320712,139,229,313,789,8,50,4294967295,25.58,1004.51,46.17,24.85,104.21,1
321708,139,229,312,789,8,50,4294967295,25.58,1004.50,46.17,24.84,104.29,1
322704,139,229,312,789,8,50,4294967295,25.58,1004.49,46.18,24.79,104.29,1
323700,139,229,312,789,8,51,4294967295,25.58,1004.49,46.17,24.94,104.29,1
324696,139,228,312,790,8,50,4294967295,25.58,1004.49,46.16,24.92,104.29,1
325692,140,228,312,790,8,48,4294967295,25.58,1004.49,46.15,24.92,104.29,1
326688,139,228,312,789,8,47,4294967295,25.58,1004.49,46.15,24.87,104.29,1
327684,140,228,312,790,8,51,4294967295,25.58,1004.49,46.15,24.88,104.29,1
328680,140,228,312,790,9,50,4294967295,25.58,1004.49,46.13,24.82,104.29,1
329676,140,228,311,789,8,51,4294967295,25.58,1004.49,46.14,24.97,104.29,1
330672,140,228,312,789,8,51,4294967295,25.58,1004.49,46.14,24.95,104.21,1
331668,140,228,312,790,8,51,4294967295,25.58,1004.50,46.12,25.03,104.21,1
332664,139,228,311,790,9,51,4294967295,25.58,1004.50,46.14,24.98,104.21,1
333660,140,228,311,789,9,51,4294967295,25.58,1004.50,46.14,24.98,104.12,1
334656,141,228,311,789,9,51,4294967295,25.58,1004.51,46.16,25.10,104.12,1
335652,141,227,311,789,9,52,4294967295,25.58,1004.51,46.15,25.00,104.21,1
336648,141,228,312,789,9,50,4294967295,25.58,1004.50,46.14,24.81,104.21,1
337644,141,228,312,789,9,49,4294967295,25.58,1004.50,46.15,24.89,104.12,1
338640,141,228,311,789,8,51,4294967295,25.58,1004.51,46.15,24.91,104.12,1
339636,142,228,311,789,8,50,4294967295,25.58,1004.51,46.13,25.15,104.12,1
340632,142,228,311,790,8,50,4294967295,25.58,1004.51,46.13,25.04,104.12,1
341628,142,227,312,790,8,50,4294967295,25.58,1004.51,46.12,25.10,104.12,1
342624,142,228,311,789,8,55,4294967295,25.58,1004.51,46.10,25.09,104.12,1
343620,142,228,311,789,8,50,4294967295,25.58,1004.51,46.11,25.16,104.12,1
344616,142,228,311,789,8,50,4294967295,25.58,1004.51,46.09,25.12,104.12,1
345612,142,228,312,790,8,50,4294967295,25.58,1004.51,46.08,25.24,104.12,1
346608,143,228,311,789,8,50,4294967295,25.58,1004.51,46.08,25.24,104.04,1
347604,143,228,311,790,8,50,4294967295,25.58,1004.52,46.07,25.33,104.04,1
348600,144,227,311,790,8,56,4294967295,25.59,1004.52,46.07,25.24,104.04,1
349596,144,227,311,790,8,50,4294967295,25.59,1004.52,46.07,25.12,103.96,1
350592,143,228,312,790,8,49,4294967295,25.59,1004.53,46.08,25.18,103.87,1
351588,144,228,312,789,9,50,4294967295,25.59,1004.54,46.10,25.19,103.87,1
352584,144,228,311,789,8,49,4294967295,25.59,1004.54,46.10,25.03,103.87,1
353580,145,227,312,790,8,49,4294967295,25.59,1004.54,46.10,25.12,103.87,1
354576,144,228,311,789,8,49,4294967295,25.59,1004.54,46.10,25.15,103.79,1
355572,145,227,312,789,8,48,4294967295,25.59,1004.55,46.08,25.15,103.79,1
356568,144,228,312,789,8,49,4294967295,25.59,1004.55,46.09,25.24,103.79,1
357564,145,228,311,790,8,49,4294967295,25.59,1004.55,46.09,25.24,103.79,1
358560,145,227,312,790,8,48,4294967295,25.59,1004.55,46.09,25.19,103.87,1
359556,145,228,312,789,8,49,4294967295,25.59,1004.54,46.10,25.21,103.87,1
360552,146,227,312,789,8,48,4294967295,25.59,1004.54,46.09,25.28,103.87,1
361548,146,228,312,789,8,47,4294967295,25.59,1004.54,46.08,25.21,103.87,1
362544,146,228,312,789,8,47,4294967295,25.59,1004.54,46.07,25.27,103.79,1
363540,147,228,312,789,8,47,4294967295,25.59,1004.55,46.08,25.30,103.87,1
364536,146,227,312,790,8,48,4294967295,25.59,1004.54,46.09,25.15,103.79,1
365532,147,227,311,789,8,48,4294967295,25.59,1004.55,46.10,25.13,103.70,1
366528,147,228,312,790,8,48,4294967295,25.59,1004.56,46.09,25.31,103.79,1
367524,148,228,312,789,9,48,4294967295,25.59,1004.55,46.09,25.33,103.79,1
368520,148,227,313,789,8,48,4294967295,25.59,1004.55,46.09,25.33,103.96,1
369516,148,228,313,790,8,48,4294967295,25.59,1004.53,46.09,25.33,103.87,1
370512,148,228,312,790,8,48,4294967295,25.59,1004.54,46.08,25.28,103.87,1
371508,149,228,313,789,8,47,4294967295,25.59,1004.54,46.08,25.33,103.87,1
372504,149,228,312,789,8,46,4294967295,25.59,1004.54,46.07,25.41,103.87,1
373500,149,227,312,790,8,47,4294967295,25.59,1004.54,46.06,25.31,103.87,1
374496,149,228,313,790,8,47,4294967295,25.59,1004.54,46.03,25.33,103.87,1
375492,149,227,313,790,8,48,4294967295,25.59,1004.54,46.03,25.41,103.87,1
376488,149,228,314,790,8,48,4294967295,25.59,1004.54,46.02,25.39,103.87,1
377484,150,228,313,789,8,47,4294967295,25.59,1004.54,46.04,25.44,103.79,1
378480,150,229,313,790,8,48,4294967295,25.59,1004.55,46.02,25.48,103.79,1
379476,150,228,313,790,8,48,4294967295,25.59,1004.55,46.01,25.45,103.70,1
380472,151,228,314,790,9,53,4294967295,25.59,1004.56,46.03,25.50,103.70,1
381468,151,228,314,789,8,46,4294967295,25.59,1004.56,46.03,25.33,103.70,1
382464,151,228,314,790,8,48,4294967295,25.59,1004.56,46.04,25.41,103.70,1
383460,152,228,314,789,8,48,4294967295,25.59,1004.56,46.04,25.36,103.79,1
384456,152,228,314,789,8,48,4294967295,25.59,1004.55,46.04,25.44,103.79,1
385452,152,229,314,789,8,48,4294967295,25.59,1004.55,46.04,25.51,103.70,1
386448,152,228,315,790,8,47,4294967295,25.59,1004.56,46.02,25.45,103.79,1
387444,152,228,314,789,9,49,4294967295,25.59,1004.55,46.05,25.37,103.87,1
388440,153,228,315,790,8,49,4294967295,25.59,1004.54,46.06,25.37,103.79,1
389436,153,228,315,790,8,48,4294967295,25.59,1004.55,46.04,25.41,103.79,1
390432,153,228,315,789,8,49,4294967295,25.59,1004.55,46.04,25.42,103.87,1
391428,153,229,315,790,8,48,4294967295,25.59,1004.54,46.04,25.41,103.87,1
392424,153,229,315,790,8,48,4294967295,25.59,1004.54,46.04,25.51,103.87,1
393420,154,229,315,790,8,48,4294967295,25.59,1004.54,46.03,25.30,103.96,1
394416,154,229,315,790,8,49,4294967295,25.59,1004.53,46.02,25.33,103.96,1
395412,154,229,315,790,8,48,4294967295,25.59,1004.53,46.02,25.27,103.96,1
396408,155,229,316,790,9,49,4294967295,25.59,1004.53,46.01,25.34,104.04,1
397404,155,229,315,790,8,48,4294967295,25.59,1004.52,46.02,25.41,104.04,1
398400,155,229,316,790,8,49,4294967295,25.59,1004.52,46.02,25.33,103.96,1
399396,155,228,316,790,8,49,4294967295,25.59,1004.53,46.02,25.45,103.96,1
400392,155,229,316,789,8,49,4294967295,25.59,1004.53,46.01,25.47,103.96,1
401388,155,229,317,790,8,49,4294967295,25.59,1004.53,46.01,25.47,103.96,1
402384,156,229,316,790,8,49,4294967295,25.59,1004.53,46.01,25.44,103.87,1
403380,156,229,316,790,8,48,4294967295,25.59,1004.54,46.01,25.42,103.96,1
404376,157,228,317,790,8,49,4294967295,25.60,1004.53,46.01,25.45,103.96,1
405372,157,229,317,790,8,49,4294967295,25.60,1004.53,46.03,25.36,103.96,1
406368,157,229,317,790,8,48,4294967295,25.59,1004.53,46.01,25.36,103.96,1
407364,157,229,316,790,8,49,4294967295,25.60,1004.53,46.01,25.45,104.04,1
408360,158,229,317,789,8,49,4294967295,25.60,1004.52,46.02,25.50,104.12,1
409356,157,229,318,790,8,48,4294967295,25.60,1004.51,46.01,25.61,104.12,1
410352,158,229,318,790,8,49,4294967295,25.60,1004.51,45.99,25.42,104.12,1
411348,158,229,318,790,9,49,4294967295,25.60,1004.51,45.99,25.51,104.21,1
412344,159,229,318,790,8,49,4294967295,25.60,1004.50,45.98,25.55,104.29,1
413340,159,230,318,790,8,46,4294967295,25.60,1004.49,45.98,25.65,104.37,1
414336,159,229,319,789,8,49,4294967295,25.60,1004.48,45.96,25.61,104.29,1
415332,159,229,319,791,7,48,4294967295,25.60,1004.49,45.94,25.56,104.29,1
416328,160,230,318,790,7,48,4294967295,25.60,1004.49,45.95,25.62,104.29,1
417324,160,229,319,790,8,48,4294967295,25.60,1004.49,45.92,25.64,104.37,1
418320,160,230,319,790,8,53,4294967295,25.60,1004.48,45.94,25.70,104.37,1
419316,160,229,319,790,8,49,4294967295,25.60,1004.48,45.94,25.53,104.29,1
420312,161,230,318,790,7,48,4294967295,25.60,1004.49,45.95,25.47,104.29,1
421308,161,230,319,790,8,48,4294967295,25.60,1004.49,45.97,25.51,104.21,1
422304,160,230,320,790,8,48,4294967295,25.60,1004.50,45.98,25.59,104.29,1
423300,161,230,320,790,7,46,4294967295,25.60,1004.49,45.98,25.48,104.29,1
424296,161,230,320,790,7,48,4294967295,25.60,1004.49,45.98,25.42,104.21,1
425292,162,230,320,790,8,47,4294967295,25.60,1004.50,45.97,25.31,104.21,1
426288,162,230,320,791,8,48,4294967295,25.60,1004.50,45.97,25.48,104.21,1
427284,162,230,320,790,8,48,4294967295,25.60,1004.50,45.98,25.59,104.21,1
428280,162,230,320,790,7,46,4294967295,25.60,1004.50,45.96,25.58,104.21,1
429276,162,230,321,790,8,48,4294967295,25.60,1004.50,45.95,25.44,104.21,1
430272,162,230,321,790,8,47,4294967295,25.60,1004.50,45.95,25.55,104.21,1
431268,162,230,321,791,8,47,4294967295,25.60,1004.50,45.95,25.58,104.21,1
432264,162,230,321,790,8,48,4294967295,25.60,1004.50,45.93,25.61,104.12,1
433260,163,230,321,790,8,47,4294967295,25.60,1004.51,45.92,25.70,104.12,1
434256,163,230,321,790,8,47,4294967295,25.60,1004.51,45.91,25.47,104.12,1
435252,164,230,321,790,8,48,4294967295,25.60,1004.51,45.92,25.70,104.12,1
436248,164,231,321,791,8,47,4294967295,25.60,1004.51,45.91,25.61,104.12,1
437244,164,231,322,791,8,48,4294967295,25.60,1004.51,45.92,25.67,104.12,1
438240,164,231,321,790,8,47,4294967295,25.60,1004.51,45.91,25.67,104.12,1
439236,165,230,322,790,8,47,4294967295,25.60,1004.51,45.92,25.64,104.12,1
440232,164,230,322,791,7,47,4294967295,25.60,1004.51,45.93,25.61,104.12,1
441228,165,230,322,790,8,48,4294967295,25.60,1004.51,45.93,25.55,104.12,1
442224,165,230,322,791,7,48,4294967295,25.60,1004.51,45.93,25.61,104.04,1
443220,165,231,323,791,8,48,4294967295,25.60,1004.52,45.93,25.64,104.04,1
444216,165,230,323,791,8,49,4294967295,25.60,1004.52,45.93,25.58,104.04,1
445212,165,231,323,791,8,47,4294967295,25.60,1004.52,45.92,25.61,104.04,1
446208,165,230,323,790,8,48,4294967295,25.60,1004.52,45.93,25.64,104.04,1
447204,166,230,323,791,8,48,4294967295,25.60,1004.52,45.92,25.61,104.12,1
448200,166,231,323,790,8,48,4294967295,25.60,1004.51,45.92,25.67,104.12,1
449196,166,230,324,791,8,53,4294967295,25.60,1004.51,45.90,25.61,104.21,1
450192,166,231,324,790,8,48,4294967295,25.60,1004.50,45.90,25.62,104.21,1
451188,167,231,323,790,7,48,4294967295,25.60,1004.50,45.90,25.64,104.12,1
452184,167,230,324,790,8,48,4294967295,25.60,1004.51,45.90,25.70,104.12,1
453180,167,230,324,790,8,48,4294967295,25.60,1004.51,45.89,25.62,104.21,1
454176,167,230,324,790,8,45,4294967295,25.60,1004.50,45.89,25.64,104.21,1
455172,167,231,324,791,8,48,4294967295,25.60,1004.50,45.88,25.73,104.21,1
456168,167,231,325,790,8,49,4294967295,25.60,1004.50,45.88,25.58,104.21,1
457164,168,231,325,791,8,48,4294967295,25.60,1004.50,45.89,25.76,104.21,1
458160,168,230,325,791,8,48,4294967295,25.60,1004.50,45.89,25.76,104.21,1
459156,168,231,325,790,8,49,4294967295,25.60,1004.50,45.89,25.65,104.21,1
460152,168,231,325,790,8,49,4294967295,25.60,1004.50,45.89,25.80,104.21,1
461148,169,231,325,790,8,49,4294967295,25.60,1004.50,45.89,25.73,104.21,1
462144,169,231,325,791,8,48,4294967295,25.60,1004.50,45.90,25.76,104.21,1
463140,169,231,326,790,8,45,4294967295,25.60,1004.50,45.90,25.65,104.21,1
464136,169,231,326,790,8,50,4294967295,25.60,1004.50,45.92,25.58,104.12,1
465132,169,231,326,791,8,49,4294967295,25.60,1004.51,45.89,25.68,104.12,1
466128,169,231,326,791,8,49,4294967295,25.60,1004.51,45.92,25.75,104.12,1
467124,169,230,326,791,8,49,4294967295,25.60,1004.51,45.89,25.64,104.04,1
468120,169,231,326,790,8,48,4294967295,25.60,1004.52,45.89,25.75,104.04,1
469116,170,230,327,790,8,46,4294967295,25.60,1004.52,45.89,25.78,103.96,1
470112,170,231,327,790,8,48,4294967295,25.60,1004.53,45.88,25.75,103.96,1
471108,170,231,326,790,7,48,4294967295,25.60,1004.53,45.87,25.78,103.96,1
472104,171,231,326,791,8,48,4294967295,25.60,1004.53,45.89,25.76,103.96,1
473100,170,231,327,791,8,47,4294967295,25.60,1004.53,45.87,25.89,103.87,1
474096,170,231,327,791,8,49,4294967295,25.60,1004.54,45.87,25.70,103.96,1
475092,171,231,327,790,9,48,4294967295,25.60,1004.53,45.87,25.76,103.96,1
476088,171,231,328,791,8,48,4294967295,25.60,1004.53,45.87,25.64,103.96,1
477084,171,232,328,791,8,48,4294967295,25.60,1004.53,45.87,25.94,103.96,1
478080,171,231,328,791,8,47,4294967295,25.60,1004.53,45.87,25.87,103.96,1
479076,172,231,328,791,8,48,4294967295,25.60,1004.53,45.87,25.80,103.96,1
480072,172,231,328,791,8,47,4294967295,25.60,1004.53,45.87,25.76,103.87,1
481068,172,232,328,791,8,48,4294967295,25.60,1004.54,45.85,25.78,103.96,1
482064,173,232,328,790,8,48,4294967295,25.60,1004.53,45.86,25.70,104.04,1
483060,173,231,328,791,8,48,4294967295,25.60,1004.52,45.86,25.76,103.96,1
484056,172,232,329,791,8,48,4294967295,25.60,1004.53,45.84,25.84,103.96,1
485052,172,232,328,791,8,48,4294967295,25.60,1004.53,45.84,25.81,104.04,1
486048,173,231,329,791,9,47,4294967295,25.60,1004.52,45.84,25.70,104.04,1
487044,172,231,328,790,8,50,4294967295,25.60,1004.52,45.85,25.70,104.04,1
488040,172,232,329,790,8,46,4294967295,25.60,1004.52,45.84,25.83,104.04,1
489036,173,231,329,791,8,48,4294967295,25.60,1004.52,45.84,25.83,104.04,1
490032,172,231,329,791,8,48,4294967295,25.60,1004.52,45.84,25.86,104.04,1
491028,173,231,329,791,9,49,4294967295,25.60,1004.52,45.82,25.80,104.12,1
492024,173,231,329,791,8,48,4294967295,25.60,1004.51,45.82,25.83,104.12,1
493020,173,231,329,791,8,50,4294967295,25.60,1004.51,45.81,25.81,104.12,1
494016,173,232,329,791,8,48,4294967295,25.60,1004.51,45.81,25.95,104.04,1
495012,174,232,330,790,8,48,4294967295,25.60,1004.52,45.82,25.84,104.04,1
496008,174,232,330,791,8,49,4294967295,25.60,1004.52,45.81,26.02,104.04,1
497004,173,231,329,790,9,49,4294967295,25.60,1004.52,45.81,25.94,104.04,1
498000,174,232,330,791,8,49,4294967295,25.60,1004.52,45.82,25.91,104.12,1
498996,174,232,330,791,8,49,4294967295,25.60,1004.51,45.83,25.86,104.04,1
499992,174,232,330,791,9,49,4294967295,25.60,1004.52,45.82,25.99,103.96,1
500988,174,232,330,791,8,49,4294967295,25.60,1004.53,45.83,25.89,104.04,1
501984,175,232,331,791,8,49,4294967295,25.60,1004.52,45.82,25.73,104.04,1
502980,175,232,331,791,9,49,4294967295,25.60,1004.52,45.84,25.87,104.12,1
503976,175,232,331,791,8,49,4294967295,25.60,1004.51,45.84,25.80,104.12,1
504972,175,232,331,791,8,50,4294967295,25.60,1004.51,45.84,25.89,104.12,1
505968,175,232,331,791,9,49,4294967295,25.60,1004.51,45.84,25.84,104.04,1
506964,175,232,331,791,9,48,4294967295,25.60,1004.52,45.83,25.80,103.96,1
507960,176,233,332,791,8,47,4294967295,25.60,1004.53,45.83,25.70,103.96,1
508956,177,233,331,791,8,49,4294967295,25.60,1004.53,45.82,25.78,103.87,1
509952,176,233,332,791,9,50,4294967295,25.60,1004.54,45.82,25.92,103.87,1
510948,176,233,332,791,8,49,4294967295,25.60,1004.54,45.81,25.97,103.87,1
511944,177,233,332,791,8,49,4294967295,25.60,1004.54,45.81,25.94,103.87,1
512940,176,232,333,791,8,49,4294967295,25.60,1004.54,45.81,25.76,103.87,1
513936,177,233,332,792,8,49,4294967295,25.60,1004.54,45.81,26.08,103.87,1
514932,177,233,333,791,8,49,4294967295,25.60,1004.54,45.81,25.92,103.79,1
515928,177,233,333,791,8,50,4294967295,25.60,1004.55,45.82,25.91,103.79,1
516924,177,233,333,791,8,49,4294967295,25.60,1004.55,45.81,26.08,103.79,1
517920,177,233,333,791,8,49,4294967295,25.60,1004.55,45.81,25.94,103.79,1
518916,177,233,334,791,8,50,4294967295,25.60,1004.55,45.81,25.94,103.79,1
519912,176,233,334,791,8,49,4294967295,25.60,1004.55,45.81,25.99,103.87,1
520908,176,233,333,792,8,48,4294967295,25.60,1004.54,45.81,26.08,103.87,1
521904,177,233,333,792,8,47,4294967295,25.60,1004.54,45.80,25.97,103.79,1
522900,177,233,334,791,8,49,4294967295,25.61,1004.55,45.79,25.99,103.87,1
523896,177,233,334,791,8,49,4294967295,25.61,1004.54,45.78,26.02,103.87,1
524892,177,233,334,791,9,49,4294967295,25.60,1004.54,45.78,26.05,103.87,1
525888,178,233,334,791,8,49,4294967295,25.60,1004.54,45.77,25.95,103.87,1
526884,178,233,335,792,8,50,4294967295,25.60,1004.54,45.79,26.00,103.87,1
527880,177,234,334,791,9,50,4294967295,25.60,1004.54,45.78,25.92,103.87,1
528876,177,233,334,791,8,50,4294967295,25.60,1004.54,45.78,26.03,103.96,1
529872,177,233,334,791,8,49,4294967295,25.61,1004.53,45.79,26.05,103.96,1
530868,176,233,334,791,8,50,4294967295,25.60,1004.53,45.79,26.02,104.04,1
531864,176,233,334,791,8,49,4294967295,25.61,1004.52,45.78,26.08,104.04,1
532860,176,233,334,791,9,49,4294967295,25.61,1004.52,45.79,25.97,104.12,1
533856,176,233,335,791,9,49,4294967295,25.61,1004.51,45.79,26.00,104.12,1
534852,177,233,334,791,8,50,4294967295,25.61,1004.51,45.78,25.97,104.12,1
535848,177,233,335,791,8,49,4294967295,25.61,1004.51,45.80,25.95,104.12,1
536844,177,233,334,791,9,49,4294967295,25.61,1004.51,45.79,25.89,104.04,1
537840,177,233,334,791,8,49,4294967295,25.61,1004.52,45.79,25.99,104.04,1
538836,177,232,335,791,9,50,4294967295,25.61,1004.52,45.78,26.08,104.04,1
539832,177,233,335,791,9,50,4294967295,25.61,1004.52,45.78,25.92,104.04,1
540828,177,233,335,791,9,50,4294967295,25.61,1004.52,45.78,26.02,104.04,1
541824,177,232,335,791,8,49,4294967295,25.61,1004.52,45.78,25.99,104.04,1
542820,178,233,336,791,8,49,4294967295,25.60,1004.52,45.78,26.05,104.12,1
543816,178,233,335,791,8,49,4294967295,25.60,1004.51,45.78,26.08,104.12,1
544812,178,233,335,791,9,49,4294967295,25.60,1004.51,45.77,26.10,104.12,1
545808,178,233,336,791,9,48,4294967295,25.60,1004.51,45.75,26.10,104.04,1
546804,178,233,336,791,8,47,4294967295,25.60,1004.52,45.76,26.18,104.04,1
547800,178,233,336,791,8,49,4294967295,25.60,1004.52,45.73,26.08,104.04,1
548796,178,233,336,791,8,48,4294967295,25.60,1004.52,45.75,26.07,104.04,1
549792,179,233,336,791,8,49,4294967295,25.60,1004.52,45.74,26.18,104.12,1
550788,179,233,336,791,9,48,4294967295,25.60,1004.51,45.74,26.16,104.04,1
551784,178,233,336,791,8,47,4294967295,25.60,1004.52,45.73,26.08,104.04,1
552780,178,233,336,792,8,48,4294967295,25.60,1004.52,45.75,26.21,104.12,1
553776,178,233,337,791,8,48,4294967295,25.60,1004.51,45.74,26.31,104.12,1
554772,178,233,337,791,8,49,4294967295,25.60,1004.51,45.72,26.08,104.04,1
555768,178,233,337,791,9,48,4294967295,25.60,1004.52,45.74,26.12,104.04,1
556764,178,233,337,791,9,46,4294967295,25.60,1004.52,45.73,26.13,104.04,1
557760,179,233,337,791,8,49,4294967295,25.60,1004.52,45.74,26.15,104.04,1
558756,179,233,337,791,9,49,4294967295,25.60,1004.52,45.74,26.18,104.04,1
559752,179,233,337,791,8,48,4294967295,25.60,1004.52,45.73,26.18,104.04,1
560748,179,233,338,792,8,49,4294967295,25.60,1004.52,45.75,26.16,104.12,1
561744,180,234,337,791,9,46,4294967295,25.60,1004.51,45.76,26.16,104.12,1
562740,179,234,338,791,8,48,4294967295,25.60,1004.51,45.76,26.28,104.21,1
563736,179,234,338,791,8,49,4294967295,25.60,1004.50,45.74,26.25,104.12,1
564732,180,234,338,792,9,48,4294967295,25.60,1004.51,45.76,26.26,104.12,1
565728,180,234,338,790,8,49,4294967295,25.60,1004.51,45.75,26.23,104.21,1
566724,180,234,339,791,8,50,4294967295,25.60,1004.50,45.76,26.21,104.12,1
567720,180,234,338,791,9,48,4294967295,25.60,1004.51,45.76,26.20,104.21,1
568716,180,234,338,791,9,49,4294967295,25.60,1004.50,45.74,26.26,104.21,1
569712,179,234,338,791,9,50,4294967295,25.60,1004.50,45.76,26.21,104.12,1
570708,180,233,338,791,9,49,4294967295,25.60,1004.51,45.72,26.23,104.21,1
571704,179,233,339,791,8,49,4294967295,25.60,1004.50,45.71,26.30,104.21,1
572700,179,233,339,791,8,49,4294967295,25.60,1004.50,45.73,26.25,104.12,1
573696,180,233,339,791,8,49,4294967295,25.60,1004.51,45.73,26.33,104.12,1
574692,179,233,338,791,8,50,4294967295,25.60,1004.51,45.74,26.23,104.21,1
575688,180,233,339,791,8,47,4294967295,25.60,1004.50,45.73,26.25,104.21,1
576684,180,233,339,791,9,50,4294967295,25.60,1004.50,45.74,26.15,104.21,1
577680,180,233,339,791,8,49,4294967295,25.60,1004.50,45.74,26.31,104.21,1
578676,181,233,339,791,9,49,4294967295,25.60,1004.50,45.74,26.33,104.12,1
579672,181,233,339,791,8,49,4294967295,25.60,1004.51,45.74,26.20,104.12,1
580668,181,233,339,791,8,50,4294967295,25.60,1004.51,45.73,26.21,104.21,1
581664,181,234,340,791,8,49,4294967295,25.60,1004.50,45.73,26.26,104.12,1
582660,182,234,340,791,8,52,4294967295,25.60,1004.51,45.71,26.28,104.12,1
583656,182,234,340,791,8,49,4294967295,25.60,1004.51,45.71,26.33,104.12,1
584652,182,234,340,791,9,50,4294967295,25.60,1004.51,45.71,26.33,104.12,1
585648,181,233,340,791,9,50,4294967295,25.60,1004.51,45.73,26.25,104.12,1
586644,181,234,340,791,8,50,4294967295,25.60,1004.51,45.74,26.25,104.21,1
587640,181,234,340,791,8,50,4294967295,25.60,1004.50,45.71,26.31,104.21,1
588636,181,234,341,791,9,50,4294967295,25.60,1004.50,45.72,26.30,104.21,1
589632,181,234,341,791,8,47,4294967295,25.60,1004.50,45.73,26.26,104.21,1
590628,182,234,341,791,8,49,4294967295,25.60,1004.50,45.73,26.26,104.12,1
591624,183,234,341,791,9,49,4294967295,25.60,1004.51,45.72,26.16,104.21,1
592620,183,234,341,791,8,49,4294967295,25.60,1004.50,45.73,26.33,104.21,1
593616,182,234,341,792,8,52,4294967295,25.60,1004.50,45.72,26.23,104.21,1
594612,183,234,342,791,8,50,4294967295,25.60,1004.50,45.73,26.33,104.21,1
595608,182,234,342,792,9,50,4294967295,25.60,1004.50,45.73,26.26,104.21,1
596604,182,234,342,791,9,49,4294967295,25.60,1004.50,45.72,26.28,104.21,1
597600,181,234,342,791,8,50,4294967295,25.60,1004.50,45.73,26.31,104.29,1
598596,181,234,342,792,9,49,4294967295,25.60,1004.49,45.73,26.16,104.29,1
599592,181,234,341,791,9,49,4294967295,25.60,1004.49,45.72,26.15,104.29,1
0,180,234,342,791,10,50,4294967295,25.60,1004.49,45.72,26.28,104.29,1
996,181,234,342,792,9,50,4294967295,25.54,1004.49,45.82,21.60,104.29,1
1992,182,234,341,791,8,50,4294967295,25.54,1004.49,45.88,22.38,104.29,1
2988,181,234,342,792,9,50,4294967295,25.54,1004.49,45.90,23.04,104.37,1
3984,182,234,342,791,9,49,4294967295,25.55,1004.48,45.91,23.43,104.37,1
4980,183,234,342,791,9,51,4294967295,25.55,1004.48,45.90,23.91,104.29,1
5976,183,234,343,791,9,50,4294967295,25.56,1004.49,45.88,24.21,104.37,1
6972,183,234,342,791,9,52,4294967295,25.57,1004.48,45.88,24.53,104.37,1
7968,183,234,343,791,9,52,4294967295,25.57,1004.48,45.86,24.72,104.37,1
8964,182,235,343,791,9,51,4294967295,25.57,1004.48,45.86,24.84,104.37,1
9960,184,235,343,791,9,48,4294967295,25.58,1004.48,45.85,25.15,104.37,1
10956,184,235,343,792,9,48,4294967295,25.58,1004.48,45.85,25.27,104.29,1
11952,184,235,344,792,9,51,4294967295,25.58,1004.49,45.83,25.25,104.29,1
12948,183,236,344,791,10,51,4294967295,25.58,1004.49,45.83,25.27,104.29,1
13944,183,235,344,792,9,50,4294967295,25.58,1004.49,45.82,25.51,104.21,1
14940,184,235,344,791,9,50,4294967295,25.59,1004.50,45.82,25.64,104.29,1
15936,184,235,344,792,9,50,4294967295,25.59,1004.49,45.82,25.78,104.29,1
16932,184,236,344,791,9,51,4294967295,25.59,1004.49,45.81,25.76,104.21,1
17928,185,236,345,791,10,51,4294967295,25.59,1004.50,45.80,25.95,104.21,1
18924,185,236,345,792,10,51,4294967295,25.59,1004.50,45.79,25.94,104.21,1
19920,185,236,345,792,9,51,4294967295,25.59,1004.50,45.79,26.00,104.21,1
20916,185,236,345,792,9,51,4294967295,25.59,1004.50,45.80,25.99,104.21,1
21912,186,236,345,792,9,50,4294967295,25.59,1004.50,45.77,26.03,104.21,1
22908,186,236,345,792,9,50,4294967295,25.59,1004.50,45.77,26.07,104.21,1
23904,186,236,345,792,10,50,4294967295,25.59,1004.50,45.77,26.10,104.21,1
24900,187,236,345,792,9,51,4294967295,25.59,1004.50,45.77,26.12,104.21,1
25896,187,237,346,792,9,48,4294967295,25.59,1004.50,45.76,26.13,104.21,1
26892,187,237,346,792,10,51,4294967295,25.59,1004.50,45.76,26.16,104.21,1
27888,188,237,346,792,9,50,4294967295,25.59,1004.50,45.74,26.21,104.21,1
28884,187,237,346,792,9,51,4294967295,25.59,1004.50,45.75,26.25,104.21,1
29880,188,237,346,792,9,51,4294967295,25.59,1004.50,45.73,26.31,104.29,1
30876,187,237,347,792,9,50,4294967295,25.59,1004.49,45.73,26.44,104.21,1
31872,188,237,347,792,9,50,4294967295,25.59,1004.50,45.72,26.33,104.12,1
32868,188,238,347,792,9,51,4294967295,25.59,1004.51,45.73,26.36,104.12,1
33864,188,238,347,791,9,51,4294967295,25.59,1004.51,45.72,26.43,104.12,1
34860,189,238,347,792,9,51,4294967295,25.59,1004.51,45.73,26.44,104.04,1
35856,188,238,347,792,9,50,4294967295,25.59,1004.52,45.72,26.48,104.04,1
36852,189,238,347,792,10,50,4294967295,25.59,1004.52,45.72,26.36,104.04,1
37848,189,238,348,792,9,50,4294967295,25.59,1004.52,45.70,26.48,104.04,1
38844,189,238,348,792,10,51,4294967295,25.59,1004.52,45.71,26.36,103.96,1
39840,189,238,348,792,10,51,4294967295,25.59,1004.53,45.72,26.48,104.04,1
40836,189,238,348,792,10,51,4294967295,25.59,1004.52,45.71,26.48,103.96,1
41832,189,239,348,792,10,51,4294967295,25.59,1004.53,45.71,26.43,103.96,1
42828,190,239,348,792,10,52,4294967295,25.59,1004.53,45.71,26.54,103.96,1
43824,190,239,349,792,10,53,4294967295,25.59,1004.53,45.71,26.51,104.04,1
44820,190,239,349,792,10,52,4294967295,25.59,1004.52,45.72,26.49,104.04,1
45816,190,239,349,792,9,51,4294967295,25.59,1004.52,45.71,26.38,104.12,1
46812,191,239,349,792,9,51,4294967295,25.59,1004.51,45.73,26.64,104.12,1
47808,190,239,349,792,10,52,4294967295,25.59,1004.51,45.72,26.49,104.12,1
48804,190,239,350,792,10,53,4294967295,25.59,1004.51,45.72,26.54,104.12,1
49800,191,239,350,792,10,50,4294967295,25.59,1004.51,45.72,26.51,104.12,1
50796,191,239,350,792,10,51,4294967295,25.59,1004.51,45.73,26.49,104.12,1
51792,191,239,350,792,10,52,4294967295,25.59,1004.51,45.72,26.36,104.12,1
52788,191,239,350,792,10,52,4294967295,25.59,1004.51,45.72,26.51,104.04,1
53784,191,239,350,792,10,52,4294967295,25.59,1004.52,45.72,26.51,104.12,1
54780,191,239,351,792,10,49,4294967295,25.59,1004.51,45.71,26.51,104.04,1
55776,191,240,351,792,10,52,4294967295,25.59,1004.52,45.73,26.64,104.04,1
56772,191,239,351,792,10,52,4294967295,25.59,1004.52,45.73,26.44,104.04,1
57768,191,240,352,792,10,51,4294967295,25.59,1004.52,45.73,26.41,104.04,1
58764,191,240,351,792,10,52,4294967295,25.59,1004.52,45.72,26.46,104.04,1
59760,190,239,351,792,10,52,4294967295,25.59,1004.52,45.72,26.39,104.04,1
60756,189,239,351,792,10,52,4294967295,25.59,1004.52,45.73,26.49,104.04,1
61752,189,239,351,792,10,52,4294967295,25.59,1004.52,45.71,26.51,104.04,1
62748,189,239,350,792,10,52,4294967295,25.59,1004.52,45.71,26.61,104.04,1
63744,188,239,350,792,10,48,4294967295,25.59,1004.52,45.72,26.48,104.04,1
64740,189,239,350,791,10,52,4294967295,25.59,1004.52,45.71,26.48,104.12,1
65736,189,239,350,792,11,52,4294967295,25.59,1004.51,45.71,26.53,104.04,1
66732,189,238,350,791,10,52,4294967295,25.59,1004.52,45.71,26.58,104.04,1
67728,189,239,350,792,10,52,4294967295,25.59,1004.52,45.70,26.75,104.12,1
68724,189,239,351,791,9,51,4294967295,25.59,1004.51,45.71,26.63,104.04,1
69720,189,239,350,792,10,52,4294967295,25.59,1004.52,45.71,26.68,104.04,1
70716,190,240,350,792,10,52,4294967295,25.59,1004.52,45.71,26.53,104.04,1
71712,190,239,351,792,10,51,4294967295,25.59,1004.52,45.71,26.53,104.04,1
72708,190,239,350,792,10,51,4294967295,25.59,1004.52,45.73,26.64,104.04,1
73704,189,239,351,792,10,52,4294967295,25.59,1004.52,45.73,26.61,104.04,1
74700,189,239,351,792,10,52,4294967295,25.59,1004.52,45.72,26.53,104.04,1
75696,189,239,351,791,10,52,4294967295,25.59,1004.52,45.72,26.64,104.12,1
76692,189,239,351,792,10,53,4294967295,25.59,1004.51,45.72,26.63,104.12,1
77688,190,239,352,792,11,60,4294967295,25.59,1004.51,45.71,26.61,104.12,1
78684,190,239,351,792,10,52,4294967295,25.59,1004.51,45.72,26.56,104.21,1
79680,190,239,352,792,10,53,4294967295,25.59,1004.50,45.71,26.71,104.12,1
80676,190,240,352,792,11,52,4294967295,25.59,1004.51,45.72,26.63,104.12,1
81672,190,239,352,792,10,52,4294967295,25.59,1004.51,45.73,26.70,104.12,1
82668,191,240,352,792,10,51,4294967295,25.59,1004.51,45.73,26.73,104.12,1
83664,191,239,352,792,10,51,4294967295,25.59,1004.51,45.70,26.63,104.21,1
84660,192,240,353,792,10,53,4294967295,25.59,1004.50,45.71,26.71,104.12,1
85656,191,240,352,792,10,52,4294967295,25.59,1004.51,45.71,26.61,104.12,1
86652,192,240,353,792,10,51,4294967295,25.59,1004.51,45.71,26.68,104.04,1
87648,191,240,353,792,10,51,4294967295,25.59,1004.52,45.71,26.66,104.04,1
88644,191,240,353,792,10,52,4294967295,25.59,1004.52,45.71,26.80,104.04,1
89640,191,240,353,792,10,52,4294967295,25.59,1004.52,45.71,26.76,104.04,1
90636,191,239,353,792,10,53,4294967295,25.59,1004.52,45.70,26.54,104.04,1
91632,190,240,353,792,10,52,4294967295,25.59,1004.52,45.71,26.80,104.04,1
92628,191,240,353,792,10,52,4294967295,25.59,1004.52,45.71,26.78,104.04,1
93624,190,240,353,792,10,52,4294967295,25.59,1004.52,45.71,26.83,104.04,1
94620,191,240,353,792,10,52,4294967295,25.59,1004.52,45.71,26.68,104.04,1
95616,190,240,353,791,9,49,4294967295,25.59,1004.52,45.71,26.78,104.04,1
96612,191,239,353,792,10,52,4294967295,25.59,1004.52,45.70,26.78,104.04,1
97608,191,240,353,792,10,52,4294967295,25.59,1004.52,45.72,26.88,104.04,1
98604,190,240,353,793,10,52,4294967295,25.59,1004.52,45.71,26.82,104.04,1
99600,189,239,353,792,10,51,4294967295,25.59,1004.52,45.70,26.90,104.04,1
100596,188,239,353,792,10,51,4294967295,25.59,1004.52,45.70,26.88,104.12,1
101592,187,239,352,792,9,51,4294967295,25.59,1004.51,45.70,26.93,104.12,1
102588,185,239,351,792,10,52,4294967295,25.59,1004.51,45.69,26.75,104.12,1
103584,184,239,351,792,10,51,4294967295,25.59,1004.51,45.70,26.92,104.12,1
104580,184,239,350,792,9,50,4294967295,25.59,1004.51,45.69,26.82,104.04,1
105576,184,239,350,792,9,50,4294967295,25.59,1004.52,45.70,26.93,104.04,1
106572,184,239,350,792,9,51,4294967295,25.59,1004.52,45.69,26.99,104.04,1
107568,184,238,350,791,9,50,4294967295,25.59,1004.52,45.69,26.97,103.96,1
108564,185,238,350,791,9,50,4294967295,25.59,1004.53,45.70,27.02,104.04,1
109560,185,238,350,792,9,47,4294967295,25.59,1004.52,45.70,27.07,103.96,1
110556,186,239,350,792,9,50,4294967295,25.59,1004.53,45.70,26.95,103.96,1
111552,186,238,350,792,9,50,4294967295,25.59,1004.53,45.69,27.09,103.87,1
112548,187,238,350,792,9,51,4294967295,25.59,1004.54,45.69,27.06,103.87,1
113544,187,238,351,792,10,51,4294967295,25.59,1004.54,45.69,27.09,103.96,1
114540,187,238,351,791,10,51,4294967295,25.59,1004.53,45.70,27.11,104.04,1
115536,187,239,351,791,10,51,4294967295,25.59,1004.52,45.69,27.00,103.96,1
116532,187,238,351,791,11,51,4294967295,25.59,1004.53,45.69,26.92,103.96,1
117528,188,239,351,791,9,51,4294967295,25.59,1004.53,45.70,26.88,103.96,1
118524,189,239,351,792,10,51,4294967295,25.59,1004.53,45.69,27.02,104.04,1
119520,188,239,352,792,9,51,4294967295,25.59,1004.52,45.71,26.88,104.04,1
120516,188,239,352,792,10,51,4294967295,25.59,1004.52,45.70,26.85,104.12,1
121512,189,239,352,792,10,52,4294967295,25.59,1004.51,45.71,26.85,104.04,1
122508,189,238,351,792,10,58,4294967295,25.59,1004.52,45.70,26.83,104.04,1
123504,189,239,352,792,10,51,4294967295,25.59,1004.52,45.71,26.93,104.04,1
124500,188,239,352,792,10,52,4294967295,25.59,1004.52,45.71,27.06,104.04,1
125496,188,239,353,792,10,52,4294967295,25.59,1004.52,45.70,27.06,104.04,1
126492,189,239,353,792,11,53,4294967295,25.59,1004.52,45.70,27.09,104.04,1
127488,189,239,353,792,11,52,4294967295,25.58,1004.52,45.70,27.14,104.04,1
128484,189,239,353,792,11,53,4294967295,25.59,1004.52,45.71,27.06,104.12,1
129480,189,239,353,792,10,52,4294967295,25.59,1004.51,45.70,27.00,104.04,1
130476,189,239,353,792,10,53,4294967295,25.59,1004.52,45.71,27.06,103.96,1
131472,189,239,353,792,9,50,4294967295,25.59,1004.53,45.69,26.99,104.04,1
132468,189,239,353,792,10,54,4294967295,25.58,1004.52,45.69,26.99,104.04,1
133464,188,239,353,791,10,52,4294967295,25.59,1004.52,45.69,27.09,104.04,1
134460,189,239,353,792,10,52,4294967295,25.59,1004.52,45.71,26.83,104.04,1
135456,190,240,353,792,10,50,4294967295,25.59,1004.52,45.69,27.11,104.04,1
136452,190,239,353,792,10,51,4294967295,25.59,1004.52,45.70,26.99,104.04,1
137448,190,240,354,791,10,53,4294967295,25.59,1004.52,45.70,26.92,104.04,1
138444,189,240,354,792,10,53,4294967295,25.59,1004.52,45.71,26.97,103.96,1
139440,189,239,354,792,11,52,4294967295,25.59,1004.53,45.71,27.07,103.96,1
140436,188,240,354,792,10,52,4294967295,25.59,1004.53,45.71,27.00,104.04,1
141432,189,239,354,792,11,58,4294967295,25.59,1004.52,45.70,27.02,103.96,1
142428,189,240,354,792,10,53,4294967295,25.58,1004.53,45.69,27.16,104.12,1
143424,189,239,354,792,11,52,4294967295,25.58,1004.51,45.71,26.95,104.04,1
144420,189,240,354,792,10,51,4294967295,25.58,1004.52,45.71,27.13,104.04,1
145416,190,240,354,793,10,52,4294967295,25.58,1004.52,45.69,27.11,103.96,1
146412,189,240,354,792,9,51,4294967295,25.58,1004.53,45.71,27.02,103.96,1
147408,190,239,354,792,10,52,4294967295,25.58,1004.53,45.71,26.99,103.96,1
148404,190,240,354,791,10,52,4294967295,25.58,1004.53,45.70,27.06,104.04,1
149400,190,240,354,792,11,53,4294967295,25.58,1004.52,45.72,26.99,104.04,1
150396,190,240,355,792,10,51,4294967295,25.58,1004.52,45.71,27.09,104.12,1
151392,191,240,354,792,10,52,4294967295,25.58,1004.51,45.72,27.16,104.12,1
152388,190,240,355,792,10,51,4294967295,25.58,1004.51,45.71,27.23,104.21,1
153384,190,240,355,792,11,53,4294967295,25.58,1004.50,45.72,27.11,104.29,1
154380,189,240,355,791,11,49,4294967295,25.58,1004.49,45.72,27.18,104.29,1
155376,190,240,355,792,11,51,4294967295,25.58,1004.49,45.71,27.25,104.37,1
156372,190,240,354,792,11,52,4294967295,25.58,1004.48,45.71,27.16,104.37,1
157368,190,240,355,792,11,53,4294967295,25.58,1004.48,45.71,27.11,104.37,1
158364,191,240,355,792,10,52,4294967295,25.58,1004.48,45.71,27.20,104.37,1
159360,190,241,355,792,11,53,4294967295,25.58,1004.48,45.72,27.13,104.46,1
160356,191,241,355,792,11,52,4294967295,25.58,1004.47,45.72,27.23,104.46,1
161352,191,241,356,792,11,53,4294967295,25.58,1004.47,45.72,27.20,104.54,1
162348,191,241,356,791,9,50,4294967295,25.58,1004.46,45.73,27.09,104.54,1
163344,191,241,355,792,10,51,4294967295,25.58,1004.46,45.72,27.11,104.54,1
164340,192,241,356,792,9,46,4294967295,25.58,1004.46,45.71,27.09,104.46,1
165336,191,241,356,792,9,50,4294967295,25.58,1004.47,45.71,27.07,104.54,1
166332,191,241,356,792,9,50,4294967295,25.58,1004.46,45.71,27.18,104.54,1
167328,192,241,356,792,11,51,4294967295,25.58,1004.46,45.71,27.20,104.54,1
168324,193,241,357,793,10,50,4294967295,25.58,1004.46,45.70,27.25,104.54,1
169320,193,241,356,792,10,53,4294967295,25.58,1004.46,45.71,27.11,104.54,1
170316,193,242,357,792,11,53,4294967295,25.58,1004.46,45.70,27.20,104.46,1
171312,193,242,356,793,11,53,4294967295,25.58,1004.47,45.70,27.23,104.46,1
172308,193,242,357,793,11,53,4294967295,25.58,1004.47,45.70,27.06,104.46,1
173304,192,242,357,793,10,51,4294967295,25.58,1004.47,45.71,27.34,104.54,1
174300,193,242,357,792,10,52,4294967295,25.58,1004.46,45.72,27.13,104.46,1
175296,192,241,357,792,10,51,4294967295,25.58,1004.47,45.72,27.28,104.46,1
176292,192,242,357,792,9,50,4294967295,25.58,1004.47,45.71,27.16,104.46,1
177288,192,241,357,792,9,55,4294967295,25.58,1004.47,45.72,27.16,104.37,1
178284,192,241,356,793,10,51,4294967295,25.58,1004.48,45.71,27.14,104.37,1
179280,192,242,357,792,9,51,4294967295,25.58,1004.48,45.72,27.27,104.37,1
180276,192,241,357,792,9,49,4294967295,25.58,1004.48,45.70,27.27,104.37,1
181272,193,241,357,792,10,49,4294967295,25.58,1004.48,45.71,27.23,104.37,1
182268,193,241,357,792,10,52,4294967295,25.58,1004.48,45.71,27.30,104.37,1
183264,192,241,357,792,9,50,4294967295,25.59,1004.48,45.71,27.35,104.37,1
184260,193,241,357,793,10,51,4294967295,25.59,1004.48,45.71,27.21,104.37,1
185256,193,241,357,792,9,51,4294967295,25.58,1004.48,45.71,27.32,104.29,1
186252,193,241,357,792,9,51,4294967295,25.58,1004.49,45.70,27.43,104.29,1
187248,193,241,357,793,9,51,4294967295,25.58,1004.49,45.71,27.39,104.21,1
188244,194,241,358,792,10,50,4294967295,25.58,1004.50,45.72,27.34,104.21,1
189240,194,242,358,792,9,48,4294967295,25.58,1004.50,45.71,27.52,104.21,1
190236,194,242,358,792,8,46,4294967295,25.58,1004.50,45.71,27.44,104.21,1
191232,194,242,358,792,8,48,4294967295,25.58,1004.50,45.71,27.52,104.29,1
192228,193,242,358,792,9,49,4294967295,25.58,1004.49,45.71,27.52,104.29,1
193224,193,242,357,793,10,49,4294967295,25.59,1004.49,45.70,27.25,104.29,1
194220,193,242,357,793,9,49,4294967295,25.59,1004.49,45.69,27.37,104.29,1
195216,192,242,357,792,8,46,4294967295,25.59,1004.49,45.71,27.30,104.29,1
196212,191,241,357,792,8,48,4294967295,25.59,1004.49,45.70,27.28,104.29,1
197208,191,241,357,792,8,49,4294967295,25.59,1004.49,45.71,27.16,104.37,1
198204,191,241,357,792,8,49,4294967295,25.59,1004.48,45.71,27.06,104.29,1
199200,191,241,357,792,7,46,4294967295,25.59,1004.49,45.69,27.04,104.29,1
200196,191,241,357,792,6,45,4294967295,25.59,1004.49,45.70,27.02,104.29,1
201192,191,240,357,792,7,48,4294967295,25.59,1004.49,45.71,27.02,104.21,1
202188,192,241,357,793,6,47,4294967295,25.59,1004.50,45.69,26.97,104.29,1
203184,192,241,357,792,7,46,4294967295,25.59,1004.49,45.70,26.88,104.29,1
204180,192,241,357,792,7,47,4294967295,25.59,1004.49,45.69,26.83,104.29,1
205176,193,241,358,792,6,46,4294967295,25.59,1004.49,45.68,26.92,104.29,1
206172,193,241,357,792,6,46,4294967295,25.59,1004.49,45.68,27.02,104.29,1
207168,193,241,357,792,6,46,4294967295,25.59,1004.49,45.69,27.04,104.21,1
208164,192,241,357,792,6,47,4294967295,25.59,1004.50,45.68,27.02,104.29,1
209160,191,241,357,792,6,43,4294967295,25.59,1004.49,45.67,27.09,104.29,1
210156,190,240,357,792,6,46,4294967295,25.59,1004.49,45.68,27.02,104.29,1
211152,190,240,356,792,6,46,4294967295,25.59,1004.49,45.68,26.99,104.21,1
212148,190,240,356,792,6,46,4294967295,25.59,1004.50,45.68,27.02,104.29,1
213144,191,240,356,792,7,47,4294967295,25.59,1004.49,45.67,27.07,104.29,1
214140,191,240,357,792,7,46,4294967295,25.59,1004.49,45.66,27.06,104.21,1
215136,191,240,357,792,7,47,4294967295,25.59,1004.50,45.66,27.02,104.21,1
216132,191,240,357,792,7,50,4294967295,25.59,1004.50,45.68,26.92,104.29,1
217128,192,240,357,792,7,48,4294967295,25.59,1004.49,45.66,27.02,104.29,1
218124,190,240,357,791,7,45,4294967295,25.59,1004.49,45.65,26.92,104.21,1
219120,190,240,356,792,8,45,4294967295,25.59,1004.50,45.66,26.90,104.29,1
220116,190,240,356,791,8,49,4294967295,25.59,1004.49,45.67,27.09,104.29,1
221112,188,239,356,792,7,48,4294967295,25.59,1004.49,45.68,27.11,104.29,1
222108,187,240,355,792,8,49,4294967295,25.59,1004.49,45.67,27.00,104.29,1
223104,186,239,355,792,7,50,4294967295,25.59,1004.49,45.66,27.13,104.29,1
224100,187,239,353,792,8,48,4294967295,25.59,1004.49,45.68,27.06,104.37,1
225096,187,239,354,792,8,47,4294967295,25.59,1004.48,45.67,27.02,104.37,1
226092,187,239,354,792,8,50,4294967295,25.59,1004.48,45.66,27.04,104.37,1
227088,187,239,353,791,8,50,4294967295,25.59,1004.48,45.68,27.23,104.37,1
228084,188,238,354,792,8,50,4294967295,25.59,1004.48,45.67,27.30,104.29,1
229080,188,239,354,792,8,48,4294967295,25.59,1004.49,45.67,27.28,104.37,1
230076,189,239,354,791,8,48,4294967295,25.59,1004.48,45.68,27.16,104.37,1
231072,189,239,354,792,8,50,4294967295,25.59,1004.48,45.67,27.37,104.37,1
232068,190,240,354,792,8,50,4294967295,25.59,1004.48,45.67,27.37,104.37,1
233064,190,239,354,792,7,48,4294967295,25.59,1004.48,45.68,27.37,104.37,1
234060,190,240,355,792,9,49,4294967295,25.59,1004.48,45.67,27.34,104.37,1
235056,189,239,354,792,8,49,4294967295,25.59,1004.48,45.69,27.41,104.29,1
236052,188,239,354,792,8,54,4294967295,25.59,1004.49,45.68,27.53,104.29,1
237048,186,239,353,791,9,50,4294967295,25.59,1004.49,45.68,27.57,104.37,1
238044,186,239,353,792,8,50,4294967295,25.59,1004.48,45.69,27.30,104.37,1
239040,186,239,352,791,9,50,4294967295,25.59,1004.48,45.69,27.41,104.29,1
240036,185,238,352,791,9,51,4294967295,25.59,1004.49,45.69,27.41,104.29,1
241032,184,238,351,792,9,56,4294967295,25.59,1004.49,45.69,27.37,104.37,1
242028,184,238,351,791,8,49,4294967295,25.59,1004.48,45.69,27.35,104.37,1
243024,184,238,351,791,9,50,4294967295,25.59,1004.48,45.68,27.44,104.37,1
244020,184,238,350,792,9,50,4294967295,25.59,1004.48,45.69,27.37,104.37,1
245016,184,238,351,791,9,56,4294967295,25.59,1004.48,45.69,27.41,104.37,1
246012,184,237,351,791,9,51,4294967295,25.59,1004.48,45.69,27.50,104.37,1
247008,184,237,351,791,9,49,4294967295,25.59,1004.48,45.70,27.48,104.37,1
248004,185,238,351,791,9,51,4294967295,25.59,1004.48,45.69,27.30,104.29,1
249000,186,238,351,791,8,49,4294967295,25.59,1004.49,45.69,27.44,104.29,1
249996,186,238,352,791,8,46,4294967295,25.59,1004.49,45.69,27.48,104.29,1
250992,186,238,352,791,8,49,4294967295,25.59,1004.49,45.69,27.48,104.29,1
251988,187,237,352,791,9,47,4294967295,25.59,1004.49,45.69,27.62,104.29,1
252984,187,237,352,791,9,49,4294967295,25.59,1004.49,45.69,27.72,104.29,1
253980,188,238,352,791,9,49,4294967295,25.59,1004.49,45.69,27.57,104.29,1
254976,188,238,352,791,9,49,4294967295,25.59,1004.49,45.69,27.73,104.29,1
255972,189,238,352,791,9,50,4294967295,25.59,1004.49,45.69,27.62,104.29,1
256968,189,238,353,792,9,51,4294967295,25.59,1004.49,45.71,27.73,104.37,1
257964,190,238,353,791,9,50,4294967295,25.59,1004.48,45.69,27.64,104.46,1
