timestamp,NO2,C2H50H,VOC,CO,Alcohol,LPG,Benzene,Temperature,Pressure,Humidity,Gas_Resistance,Altitude,State12,0,33.59,688.60,100.00,0.00,3170.54,1
384456,48,79,98,757,0,12,0,33.59,688.60,100.00,0.00,3170.54,1
385452,48,80,97,757,0,12,0,33.59,688.60,100.00,0.00,3170.54,1
386448,48,80,98,757,0,12,0,33.59,688.60,100.00,0.00,3170.54,1
387444,48,79,97,758,0,12,0,33.59,688.60,100.00,0.00,3170.54,1
388440,47,80,97,759,0,13,0,33.59,688.60,100.00,0.00,3170.54,1
389436,47,80,97,760,0,12,0,33.59,688.60,100.00,0.00,3170.54,1
390432,48,80,97,761,0,12,0,33.59,688.60,100.00,0.00,3170.54,1
391428,48,80,96,762,0,13,0,33.59,688.60,100.00,0.00,3170.54,1
392424,48,80,97,763,0,12,0,33.59,688.60,100.00,0.00,3170.54,1
393420,48,81,97,764,0,12,0,33.59,688.60,100.00,0.00,3170.54,1
394416,47,81,97,765,0,12,0,33.59,688.60,100.00,0.00,3170.54,1
395412,48,81,97,767,0,13,0,33.59,688.60,100.00,0.00,3170.54,1
396408,48,81,97,768,0,13,0,33.59,688.60,100.00,0.00,3170.54,1
397404,48,81,98,768,0,13,0,33.59,688.60,100.00,0.00,3170.54,1
398400,47,82,98,770,0,12,0,33.59,688.60,100.00,0.00,3170.54,1
399396,47,83,98,772,0,13,0,33.59,688.60,100.00,0.00,3170.54,1
400392,48,83,99,774,0,12,0,33.59,688.60,100.00,0.00,3170.54,1
401388,47,83,99,775,0,13,0,33.59,688.60,100.00,0.00,3170.54,1
402384,47,83,99,776,0,13,0,33.59,688.60,100.00,0.00,3170.54,1
403380,47,83,99,776,0,13,0,33.59,688.60,100.00,0.00,3170.54,1
404376,47,83,99,777,0,13,0,33.59,688.60,100.00,0.00,3170.54,1
405372,47,84,100,778,0,13,0,33.59,688.60,100.00,0.00,3170.54,1
406368,46,84,100,779,0,13,0,33.59,688.60,100.00,0.00,3170.54,1
407364,47,84,100,780,0,13,0,33.59,688.60,100.00,0.00,3170.54,1
408360,47,84,100,781,0,13,0,33.59,688.60,100.00,0.00,3170.54,1
409356,47,84,100,782,0,13,0,33.59,688.60,100.00,0.00,3170.54,1
410352,47,84,100,781,0,13,0,33.59,688.60,100.00,0.00,3170.54,1
411348,46,85,100,782,0,13,0,33.59,688.60,100.00,0.00,3170.54,1
412344,46,84,100,783,0,13,0,33.59,688.60,100.00,0.00,3170.54,1
413340,46,84,99,783,0,13,0,33.59,688.60,100.00,0.00,3170.54,1
414336,46,84,100,784,0,13,0,33.59,688.60,100.00,0.00,3170.54,1
415332,46,84,100,783,0,12,0,33.59,688.60,100.00,0.00,3170.54,1
416328,46,85,100,784,0,13,0,33.59,688.60,100.00,0.00,3170.54,1
417324,45,84,99,785,0,13,0,33.59,688.60,100.00,0.00,3170.54,1
418320,46,85,99,786,0,13,0,33.59,688.60,100.00,0.00,3170.54,1
419316,45,84,100,786,0,12,0,33.59,688.60,100.00,0.00,3170.54,1
420312,45,85,100,785,0,13,0,33.59,688.60,100.00,0.00,3170.54,1
421308,45,85,99,785,0,13,0,33.59,688.60,100.00,0.00,3170.54,1
422304,45,84,99,785,0,13,0,33.59,688.60,100.00,0.00,3170.54,1
423300,45,84,99,786,0,13,0,33.59,688.60,100.00,0.00,3170.54,1
424296,46,84,99,786,0,13,0,33.59,688.60,100.00,0.00,3170.54,1
425292,46,84,99,786,0,13,0,33.59,688.60,100.00,0.00,3170.54,1
426288,45,84,99,786,0,13,0,33.59,688.60,100.00,0.00,3170.54,1
427284,45,85,99,786,0,13,0,33.59,688.60,100.00,0.00,3170.54,1
428280,46,84,99,786,0,13,0,33.59,688.60,100.00,0.00,3170.54,1
429276,46,85,99,787,0,13,0,33.59,688.60,100.00,0.00,3170.54,1
430272,45,84,99,786,0,13,0,33.59,688.60,100.00,0.00,3170.54,1
431268,45,85,98,787,0,13,0,33.59,688.60,100.00,0.00,3170.54,1
432264,45,84,99,787,0,13,0,33.59,688.60,100.00,0.00,3170.54,1
433260,45,85,98,787,0,13,0,33.59,688.60,100.00,0.00,3170.54,1
434256,45,84,99,788,0,13,0,33.59,688.60,100.00,0.00,3170.54,1
435252,44,84,99,788,0,13,0,33.59,688.60,100.00,0.00,3170.54,1
436248,45,84,98,787,0,13,0,33.59,688.60,100.00,0.00,3170.54,1
437244,45,84,99,788,0,15,0,33.59,688.60,100.00,0.00,3170.54,1
438240,45,85,99,788,0,13,0,33.59,688.60,100.00,0.00,3170.54,1
439236,45,84,98,788,0,13,0,33.59,688.60,100.00,0.00,3170.54,1
440232,45,85,99,788,0,15,0,33.59,688.60,100.00,0.00,3170.54,1
441228,44,84,98,789,0,13,0,33.59,688.60,100.00,0.00,3170.54,1
442224,45,85,98,788,0,13,0,33.59,688.60,100.00,0.00,3170.54,1
443220,44,85,97,788,0,13,0,33.59,688.60,100.00,0.00,3170.54,1
444216,44,85,97,788,0,13,0,33.59,688.60,100.00,0.00,3170.54,1
445212,45,85,97,789,0,13,0,33.59,688.60,100.00,0.00,3170.54,1
446208,45,85,98,788,0,14,0,33.59,688.60,100.00,0.00,3170.54,1
447204,45,84,98,789,0,12,0,33.59,688.60,100.00,0.00,3170.54,1
448200,44,85,98,789,0,13,0,33.59,688.60,100.00,0.00,3170.54,1
449196,44,85,97,788,0,13,0,33.59,688.60,100.00,0.00,3170.54,1
450192,45,85,97,789,0,13,0,33.59,688.60,100.00,0.00,3170.54,1
451188,44,84,97,789,0,13,0,33.59,688.60,100.00,0.00,3170.54,1
452184,44,84,98,788,0,13,0,33.59,688.60,100.00,0.00,3170.54,1
453180,44,84,96,788,0,13,0,33.59,688.60,100.00,0.00,3170.54,1
454176,45,84,96,788,0,13,0,33.59,688.60,100.00,0.00,3170.54,1
455172,45,84,97,788,0,13,0,33.59,688.60,100.00,0.00,3170.54,1
456168,44,84,97,788,0,13,0,33.59,688.60,100.00,0.00,3170.54,1
457164,44,85,97,790,0,13,0,33.59,688.60,100.00,0.00,3170.54,1
458160,44,84,97,789,0,12,0,33.59,688.60,100.00,0.00,3170.54,1
459156,44,83,96,789,0,13,0,33.59,688.60,100.00,0.00,3170.54,1
460152,44,83,95,787,0,13,0,33.59,688.60,100.00,0.00,3170.54,1
461148,45,84,95,787,0,13,0,33.59,688.60,100.00,0.00,3170.54,1
462144,44,84,96,788,0,13,0,33.59,688.60,100.00,0.00,3170.54,1
463140,44,84,96,789,0,13,0,33.59,688.60,100.00,0.00,3170.54,1
464136,44,84,97,789,0,15,0,33.59,688.60,100.00,0.00,3170.54,1
465132,44,84,96,789,0,13,0,33.59,688.60,100.00,0.00,3170.54,1
466128,44,84,96,790,0,13,0,33.59,688.60,100.00,0.00,3170.54,1
467124,44,85,97,791,0,12,0,33.59,688.60,100.00,0.00,3170.54,1
468120,44,84,97,791,0,13,0,33.59,688.60,100.00,0.00,3170.54,1
469116,43,85,97,791,0,13,0,33.59,688.60,100.00,0.00,3170.54,1
470112,44,84,97,791,0,13,0,33.59,688.60,100.00,0.00,3170.54,1
471108,44,83,96,790,0,13,0,33.59,688.60,100.00,0.00,3170.54,1
472104,44,83,94,788,0,13,0,33.59,688.60,100.00,0.00,3170.54,1
473100,44,84,94,788,0,13,0,33.59,688.60,100.00,0.00,3170.54,1
474096,43,84,95,789,0,13,0,33.59,688.60,100.00,0.00,3170.54,1
475092,44,84,95,789,0,13,0,33.59,688.60,100.00,0.00,3170.54,1
476088,43,84,95,789,0,13,0,33.59,688.60,100.00,0.00,3170.54,1
477084,44,84,95,790,0,13,0,33.59,688.60,100.00,0.00,3170.54,1
478080,43,84,95,790,0,14,0,33.59,688.60,100.00,0.00,3170.54,1
479076,43,84,96,791,0,13,0,33.59,688.60,100.00,0.00,3170.54,1
480072,44,84,96,791,0,13,0,33.59,688.60,100.00,0.00,3170.54,1
481068,43,84,95,791,0,13,0,33.59,688.60,100.00,0.00,3170.54,1
482064,43,84,95,791,0,13,0,33.59,688.60,100.00,0.00,3170.54,1
483060,43,84,95,792,0,13,0,33.59,688.60,100.00,0.00,3170.54,1
484056,43,84,95,792,0,13,0,33.59,688.60,100.00,0.00,3170.54,1
485052,43,84,95,793,0,13,0,33.59,688.60,100.00,0.00,3170.54,1
486048,43,85,95,792,0,13,0,33.59,688.60,100.00,0.00,3170.54,1
487044,43,84,94,793,0,13,0,33.59,688.60,100.00,0.00,3170.54,1
488040,43,84,95,793,0,13,0,33.59,688.60,100.00,0.00,3170.54,1
489036,43,84,95,793,0,13,0,33.59,688.60,100.00,0.00,3170.54,1
490032,43,84,95,792,0,13,0,33.59,688.60,100.00,0.00,3170.54,1
491028,43,83,94,792,0,13,0,33.59,688.60,100.00,0.00,3170.54,1
492024,42,84,94,792,0,13,0,33.59,688.60,100.00,0.00,3170.54,1
493020,43,84,94,792,0,13,0,33.59,688.60,100.00,0.00,3170.54,1
494016,43,84,94,793,0,13,0,33.59,688.60,100.00,0.00,3170.54,1
495012,43,84,94,793,0,13,0,33.59,688.60,100.00,0.00,3170.54,1
496008,43,84,96,793,0,13,0,33.59,688.60,100.00,0.00,3170.54,1
497004,42,85,95,794,0,13,0,33.59,688.60,100.00,0.00,3170.54,1
498000,43,84,96,794,0,13,0,33.59,688.60,100.00,0.00,3170.54,1
498996,43,84,94,794,0,13,0,33.59,688.60,100.00,0.00,3170.54,1
499992,42,84,94,794,0,13,0,33.59,688.60,100.00,0.00,3170.54,1
500988,43,84,94,794,0,13,0,33.59,688.60,100.00,0.00,3170.54,1
501984,43,84,95,794,0,13,0,33.59,688.60,100.00,0.00,3170.54,1
502980,43,84,95,794,0,13,0,33.59,688.60,100.00,0.00,3170.54,1
503976,42,84,95,794,0,13,0,33.59,688.60,100.00,0.00,3170.54,1
504972,42,84,94,794,0,12,0,33.59,688.60,100.00,0.00,3170.54,1
505968,43,83,94,794,0,13,0,33.59,688.60,100.00,0.00,3170.54,1
506964,43,84,94,793,0,13,0,33.59,688.60,100.00,0.00,3170.54,1
507960,42,84,94,794,0,13,0,33.59,688.60,100.00,0.00,3170.54,1
508956,43,84,93,793,0,13,0,33.59,688.60,100.00,0.00,3170.54,1
509952,43,84,94,794,0,13,0,33.59,688.60,100.00,0.00,3170.54,1
510948,42,84,94,794,0,12,0,33.59,688.60,100.00,0.00,3170.54,1
511944,42,83,94,794,0,13,0,33.59,688.60,100.00,0.00,3170.54,1
512940,43,83,93,793,0,13,0,33.59,688.60,100.00,0.00,3170.54,1
513936,43,84,93,794,0,13,0,33.59,688.60,100.00,0.00,3170.54,1
514932,42,83,93,793,0,13,0,33.59,688.60,100.00,0.00,3170.54,1
515928,42,84,93,795,0,13,0,33.59,688.60,100.00,0.00,3170.54,1
516924,42,84,94,794,0,13,0,33.59,688.60,100.00,0.00,3170.54,1
517920,42,84,94,794,0,13,0,33.59,688.60,100.00,0.00,3170.54,1
518916,42,84,94,795,0,13,0,33.59,688.60,100.00,0.00,3170.54,1
519912,43,84,94,794,0,12,0,33.59,688.60,100.00,0.00,3170.54,1
520908,42,84,93,795,0,13,0,33.59,688.60,100.00,0.00,3170.54,1
521904,42,84,94,794,0,13,0,33.59,688.60,100.00,0.00,3170.54,1
522900,42,83,94,795,0,12,0,33.59,688.60,100.00,0.00,3170.54,1
523896,42,84,93,795,0,13,0,33.59,688.60,100.00,0.00,3170.54,1
524892,43,84,93,795,0,13,0,33.59,688.60,100.00,0.00,3170.54,1
525888,42,84,93,795,0,13,0,33.59,688.60,100.00,0.00,3170.54,1
526884,42,84,93,794,0,13,0,33.59,688.60,100.00,0.00,3170.54,1
527880,43,83,93,794,0,13,0,33.59,688.60,100.00,0.00,3170.54,1
528876,42,83,92,794,0,13,0,33.59,688.60,100.00,0.00,3170.54,1
529872,42,83,92,794,0,13,0,33.59,688.60,100.00,0.00,3170.54,1
530868,42,83,92,793,0,12,0,33.59,688.60,100.00,0.00,3170.54,1
531864,42,83,92,794,0,13,0,33.59,688.60,100.00,0.00,3170.54,1
532860,42,83,92,794,0,13,0,33.59,688.60,100.00,0.00,3170.54,1
533856,42,83,92,793,0,13,0,33.59,688.60,100.00,0.00,3170.54,1
534852,42,84,92,795,0,13,0,33.59,688.60,100.00,0.00,3170.54,1
535848,42,84,93,795,0,15,0,33.59,688.60,100.00,0.00,3170.54,1
536844,42,84,93,795,0,13,0,33.59,688.60,100.00,0.00,3170.54,1
537840,43,84,93,795,0,13,0,33.59,688.60,100.00,0.00,3170.54,1
538836,42,83,93,795,0,13,0,33.59,688.60,100.00,0.00,3170.54,1
539832,42,84,93,795,0,13,0,33.59,688.60,100.00,0.00,3170.54,1
540828,42,83,92,796,0,13,0,33.59,688.60,100.00,0.00,3170.54,1
541824,42,83,92,796,0,13,0,33.59,688.60,100.00,0.00,3170.54,1
542820,42,84,93,795,0,12,0,33.59,688.60,100.00,0.00,3170.54,1
543816,42,83,93,795,0,13,0,33.59,688.60,100.00,0.00,3170.54,1
544812,42,83,93,796,0,13,0,33.59,688.60,100.00,0.00,3170.54,1
545808,42,83,93,796,0,13,0,33.59,688.60,100.00,0.00,3170.54,1
546804,42,84,93,796,0,15,0,33.59,688.60,100.00,0.00,3170.54,1
547800,42,83,92,796,0,13,0,33.59,688.60,100.00,0.00,3170.54,1
548796,42,84,92,797,0,13,0,33.59,688.60,100.00,0.00,3170.54,1
549792,42,84,93,796,0,13,0,33.59,688.60,100.00,0.00,3170.54,1
550788,42,84,93,797,0,14,0,33.59,688.60,100.00,0.00,3170.54,1
551784,42,84,93,796,0,13,0,33.59,688.60,100.00,0.00,3170.54,1
552780,41,84,92,796,0,13,0,33.59,688.60,100.00,0.00,3170.54,1
553776,42,83,92,796,0,13,0,33.59,688.60,100.00,0.00,3170.54,1
554772,41,82,91,795,0,13,0,33.59,688.60,100.00,0.00,3170.54,1
555768,42,83,92,795,0,12,0,33.59,688.60,100.00,0.00,3170.54,1
556764,42,83,91,796,0,12,0,33.59,688.60,100.00,0.00,3170.54,1
557760,42,83,92,796,0,13,0,33.59,688.60,100.00,0.00,3170.54,1
558756,41,84,92,796,0,14,0,33.59,688.60,100.00,0.00,3170.54,1
559752,41,83,92,796,0,13,0,33.59,688.60,100.00,0.00,3170.54,1
560748,41,83,91,795,0,13,0,33.59,688.60,100.00,0.00,3170.54,1
561744,42,83,92,796,0,13,0,33.59,688.60,100.00,0.00,3170.54,1
562740,41,83,91,796,0,13,0,33.59,688.60,100.00,0.00,3170.54,1
563736,42,83,92,796,0,13,0,33.59,688.60,100.00,0.00,3170.54,1
564732,42,83,92,796,0,15,0,33.59,688.60,100.00,0.00,3170.54,1
565728,41,83,91,796,0,13,0,33.59,688.60,100.00,0.00,3170.54,1
566724,41,83,90,796,0,13,0,33.59,688.60,100.00,0.00,3170.54,1
567720,42,82,90,795,0,13,0,33.59,688.60,100.00,0.00,3170.54,1
568716,42,82,91,795,0,13,0,33.59,688.60,100.00,0.00,3170.54,1
569712,42,82,91,795,0,12,0,33.59,688.60,100.00,0.00,3170.54,1
570708,41,83,91,795,0,13,0,33.59,688.60,100.00,0.00,3170.54,1
571704,41,82,91,795,0,13,0,33.59,688.60,100.00,0.00,3170.54,1
572700,41,82,91,795,0,13,0,33.59,688.60,100.00,0.00,3170.54,1
573696,41,83,91,795,0,13,0,33.59,688.60,100.00,0.00,3170.54,1
574692,42,82,91,796,0,13,0,33.59,688.60,100.00,0.00,3170.54,1
575688,42,83,91,796,0,12,0,33.59,688.60,100.00,0.00,3170.54,1
576684,41,83,91,796,0,13,0,33.59,688.60,100.00,0.00,3170.54,1
577680,42,83,91,796,0,13,0,33.59,688.60,100.00,0.00,3170.54,1
578676,41,82,90,795,0,13,0,33.59,688.60,100.00,0.00,3170.54,1
579672,41,82,90,796,0,13,0,33.59,688.60,100.00,0.00,3170.54,1
580668,41,82,91,796,0,13,0,33.59,688.60,100.00,0.00,3170.54,1
581664,41,83,90,795,0,13,0,33.59,688.60,100.00,0.00,3170.54,1
582660,42,83,91,795,0,14,0,33.59,688.60,100.00,0.00,3170.54,1
583656,42,83,91,797,0,13,0,33.59,688.60,100.00,0.00,3170.54,1
584652,42,83,91,797,0,13,0,33.59,688.60,100.00,0.00,3170.54,1
585648,41,83,91,798,0,13,0,33.59,688.60,100.00,0.00,3170.54,1
586644,41,83,91,797,0,12,0,33.59,688.60,100.00,0.00,3170.54,1
587640,41,83,90,796,0,13,0,33.59,688.60,100.00,0.00,3170.54,1
588636,41,83,90,796,0,13,0,33.59,688.60,100.00,0.00,3170.54,1
589632,41,83,90,797,0,13,0,33.59,688.60,100.00,0.00,3170.54,1
590628,41,82,90,796,0,13,0,33.59,688.60,100.00,0.00,3170.54,1
591624,40,83,91,797,0,13,0,33.59,688.60,100.00,0.00,3170.54,1
592620,41,83,91,798,0,13,0,33.59,688.60,100.00,0.00,3170.54,1
593616,41,83,91,798,0,13,0,33.59,688.60,100.00,0.00,3170.54,1
594612,41,83,91,798,0,13,0,33.59,688.60,100.00,0.00,3170.54,1
595608,41,83,90,798,0,13,0,33.59,688.60,100.00,0.00,3170.54,1
596604,40,82,91,798,0,13,0,33.59,688.60,100.00,0.00,3170.54,1
597600,41,83,91,798,0,13,0,33.59,688.60,100.00,0.00,3170.54,1
598596,40,83,91,798,0,12,0,33.59,688.60,100.00,0.00,3170.54,1
599592,41,83,90,798,0,13,0,33.59,688.60,100.00,0.00,3170.54,1
0,39,82,90,798,0,13,0,33.59,688.60,100.00,0.00,3170.54,1
996,41,83,90,798,0,13,0,33.59,688.60,100.00,0.00,3170.54,1
1992,41,83,90,798,0,13,0,33.59,688.60,100.00,0.00,3170.54,1
2988,40,82,90,798,0,13,0,33.59,688.60,100.00,0.00,3170.54,1
3984,41,82,89,798,0,13,0,33.59,688.60,100.00,0.00,3170.54,1
4980,40,83,90,798,0,13,0,33.59,688.60,100.00,0.00,3170.54,1
5976,40,83,90,798,0,12,0,33.59,688.60,100.00,0.00,3170.54,1
6972,41,82,91,799,0,12,0,33.59,688.60,100.00,0.00,3170.54,1
7968,40,83,90,799,0,12,0,33.59,688.60,100.00,0.00,3170.54,1
8964,41,83,90,799,0,13,0,33.59,688.60,100.00,0.00,3170.54,1
9960,40,82,90,799,0,13,0,33.59,688.60,100.00,0.00,3170.54,1
10956,40,83,90,799,0,13,0,33.59,688.60,100.00,0.00,3170.54,1
11952,40,83,90,798,0,13,0,33.59,688.60,100.00,0.00,3170.54,1
12948,40,82,89,798,0,13,0,33.59,688.60,100.00,0.00,3170.54,1
13944,40,82,90,799,0,12,0,33.59,688.60,100.00,0.00,3170.54,1
14940,40,83,90,798,0,13,0,33.59,688.60,100.00,0.00,3170.54,1
15936,40,83,90,799,0,12,0,33.59,688.60,100.00,0.00,3170.54,1
16932,40,83,90,798,0,13,0,33.59,688.60,100.00,0.00,3170.54,1
17928,41,82,89,798,0,14,0,33.59,688.60,100.00,0.00,3170.54,1
18924,40,82,88,797,0,13,0,33.59,688.60,100.00,0.00,3170.54,1
19920,40,81,88,796,0,12,0,33.59,688.60,100.00,0.00,3170.54,1
20916,40,81,88,795,0,12,0,33.59,688.60,100.00,0.00,3170.54,1
21912,40,81,88,796,0,13,0,33.59,688.60,100.00,0.00,3170.54,1
22908,40,82,89,796,0,13,0,33.59,688.60,100.00,0.00,3170.54,1
23904,41,82,88,796,0,13,0,33.59,688.60,100.00,0.00,3170.54,1
24900,41,82,88,797,0,12,0,33.59,688.60,100.00,0.00,3170.54,1
25896,40,82,89,797,0,13,0,33.59,688.60,100.00,0.00,3170.54,1
26892,41,82,89,797,0,12,0,33.59,688.60,100.00,0.00,3170.54,1
27888,40,82,89,797,0,13,0,33.59,688.60,100.00,0.00,3170.54,1
28884,40,82,89,798,0,13,0,33.59,688.60,100.00,0.00,3170.54,1
29880,40,83,89,799,0,13,0,33.59,688.60,100.00,0.00,3170.54,1
30876,40,82,90,799,0,12,0,33.59,688.60,100.00,0.00,3170.54,1
31872,40,82,90,799,0,12,0,33.59,688.60,100.00,0.00,3170.54,1
32868,40,83,89,799,0,13,0,33.59,688.60,100.00,0.00,3170.54,1
33864,40,82,89,800,0,13,0,33.59,688.60,100.00,0.00,3170.54,1
34860,40,82,89,799,0,13,0,33.59,688.60,100.00,0.00,3170.54,1
35856,40,83,89,799,0,12,0,33.59,688.60,100.00,0.00,3170.54,1
36852,40,82,90,799,0,13,0,33.59,688.60,100.00,0.00,3170.54,1
37848,40,83,89,799,0,13,0,33.59,688.60,100.00,0.00,3170.54,1
38844,40,82,89,800,0,13,0,33.59,688.60,100.00,0.00,3170.54,1
39840,40,82,89,799,0,13,0,33.59,688.60,100.00,0.00,3170.54,1
40836,40,81,88,798,0,13,0,33.59,688.60,100.00,0.00,3170.54,1
41832,40,82,89,798,0,12,0,33.59,688.60,100.00,0.00,3170.54,1
42828,40,82,88,798,0,13,0,33.59,688.60,100.00,0.00,3170.54,1
43824,41,82,88,797,0,13,0,33.59,688.60,100.00,0.00,3170.54,1
44820,41,81,88,797,0,12,0,33.59,688.60,100.00,0.00,3170.54,1
45816,40,81,88,797,0,13,0,33.59,688.60,100.00,0.00,3170.54,1
46812,40,82,88,798,0,13,0,33.59,688.60,100.00,0.00,3170.54,1
47808,40,82,89,798,0,12,0,33.59,688.60,100.00,0.00,3170.54,1
48804,40,82,88,798,0,13,0,33.59,688.60,100.00,0.00,3170.54,1
49800,40,81,88,798,0,12,0,33.59,688.60,100.00,0.00,3170.54,1
50796,40,82,88,798,0,13,0,33.59,688.60,100.00,0.00,3170.54,1
51792,40,82,89,798,0,12,0,33.59,688.60,100.00,0.00,3170.54,1
52788,40,82,89,798,0,13,0,33.59,688.60,100.00,0.00,3170.54,1
53784,40,82,88,799,0,12,0,33.59,688.60,100.00,0.00,3170.54,1
54780,40,83,89,799,0,12,0,33.59,688.60,100.00,0.00,3170.54,1
55776,40,82,89,799,0,12,0,33.59,688.60,100.00,0.00,3170.54,1
56772,40,82,89,799,0,12,0,33.59,688.60,100.00,0.00,3170.54,1
57768,40,83,89,800,0,13,0,33.59,688.60,100.00,0.00,3170.54,1
58764,40,82,89,800,0,12,0,33.59,688.60,100.00,0.00,3170.54,1
59760,39,83,89,801,0,13,0,33.59,688.60,100.00,0.00,3170.54,1
60756,40,83,89,800,0,12,0,33.59,688.60,100.00,0.00,3170.54,1
61752,39,82,88,800,0,12,0,33.59,688.60,100.00,0.00,3170.54,1
62748,40,82,88,800,0,13,0,33.59,688.60,100.00,0.00,3170.54,1
63744,40,82,88,800,0,12,0,33.59,688.60,100.00,0.00,3170.54,1
64740,39,82,88,800,0,13,0,33.59,688.60,100.00,0.00,3170.54,1
65736,40,82,88,799,0,13,0,33.59,688.60,100.00,0.00,3170.54,1
66732,40,82,88,800,0,12,0,33.59,688.60,100.00,0.00,3170.54,1
67728,40,82,88,800,0,13,0,33.59,688.60,100.00,0.00,3170.54,1
68724,40,82,89,800,0,12,0,33.59,688.60,100.00,0.00,3170.54,1
69720,40,82,88,800,0,12,0,33.59,688.60,100.00,0.00,3170.54,1
70716,40,82,88,800,0,13,0,33.59,688.60,100.00,0.00,3170.54,1
71712,40,82,88,800,0,13,0,33.59,688.60,100.00,0.00,3170.54,1
72708,40,82,88,800,0,12,0,33.59,688.60,100.00,0.00,3170.54,1
73704,40,82,89,800,0,12,0,33.59,688.60,100.00,0.00,3170.54,1
74700,40,82,88,800,0,12,0,33.59,688.60,100.00,0.00,3170.54,1
75696,40,82,88,799,0,12,0,33.59,688.60,100.00,0.00,3170.54,1
76692,40,82,88,800,0,13,0,33.59,688.60,100.00,0.00,3170.54,1
77688,39,82,88,800,0,12,0,33.59,688.60,100.00,0.00,3170.54,1
78684,40,81,88,800,0,13,0,33.59,688.60,100.00,0.00,3170.54,1
79680,40,82,88,800,0,13,0,33.59,688.60,100.00,0.00,3170.54,1
80676,39,82,88,801,0,12,0,33.59,688.60,100.00,0.00,3170.54,1
81672,39,81,88,800,0,12,0,33.59,688.60,100.00,0.00,3170.54,1
82668,39,81,88,801,0,13,0,33.59,688.60,100.00,0.00,3170.54,1
83664,39,82,87,801,0,12,0,33.59,688.60,100.00,0.00,3170.54,1
84660,39,81,88,800,0,13,0,33.59,688.60,100.00,0.00,3170.54,1
85656,40,82,88,800,0,12,0,33.59,688.60,100.00,0.00,3170.54,1
86652,39,82,88,800,0,12,0,33.59,688.60,100.00,0.00,3170.54,1
87648,39,82,88,801,0,13,0,33.59,688.60,100.00,0.00,3170.54,1
88644,39,82,88,801,0,13,0,33.59,688.60,100.00,0.00,3170.54,1
89640,39,82,88,802,0,12,0,33.59,688.60,100.00,0.00,3170.54,1
90636,40,82,88,801,0,11,0,33.59,688.60,100.00,0.00,3170.54,1
91632,39,81,87,800,0,13,0,33.59,688.60,100.00,0.00,3170.54,1
92628,39,82,87,801,0,13,0,33.59,688.60,100.00,0.00,3170.54,1
93624,39,81,88,801,0,12,0,33.59,688.60,100.00,0.00,3170.54,1
94620,40,81,87,799,0,13,0,33.59,688.60,100.00,0.00,3170.54,1
95616,39,81,86,800,0,13,0,33.59,688.60,100.00,0.00,3170.54,1
96612,39,81,86,799,0,13,0,33.59,688.60,100.00,0.00,3170.54,1
97608,39,82,87,799,0,12,0,33.59,688.60,100.00,0.00,3170.54,1
98604,40,81,86,800,0,12,0,33.59,688.60,100.00,0.00,3170.54,1
99600,40,81,88,801,0,14,0,33.59,688.60,100.00,0.00,3170.54,1
100596,39,81,88,801,0,12,0,33.59,688.60,100.00,0.00,3170.54,1
101592,39,82,88,802,0,13,0,33.59,688.60,100.00,0.00,3170.54,1
102588,40,82,88,802,0,13,0,33.59,688.60,100.00,0.00,3170.54,1
103584,39,82,88,803,0,13,0,33.59,688.60,100.00,0.00,3170.54,1
104580,39,82,89,802,0,13,0,33.59,688.60,100.00,0.00,3170.54,1
105576,39,82,88,802,0,13,0,33.59,688.60,100.00,0.00,3170.54,1
106572,39,82,88,803,0,12,0,33.59,688.60,100.00,0.00,3170.54,1
107568,39,82,88,803,0,14,0,33.59,688.60,100.00,0.00,3170.54,1
108564,40,83,89,803,0,12,0,33.59,688.60,100.00,0.00,3170.54,1
109560,39,82,88,803,0,13,0,33.59,688.60,100.00,0.00,3170.54,1
110556,39,82,89,803,0,13,0,33.59,688.60,100.00,0.00,3170.54,1
111552,39,82,89,803,0,13,0,33.59,688.60,100.00,0.00,3170.54,1
112548,39,82,89,803,0,13,0,33.59,688.60,100.00,0.00,3170.54,1
113544,39,83,89,804,0,13,0,33.59,688.60,100.00,0.00,3170.54,1
114540,39,83,89,804,0,12,0,33.59,688.60,100.00,0.00,3170.54,1
115536,39,82,89,803,0,13,0,33.59,688.60,100.00,0.00,3170.54,1
116532,39,82,88,803,0,12,0,33.59,688.60,100.00,0.00,3170.54,1
117528,39,82,88,803,0,13,0,33.59,688.60,100.00,0.00,3170.54,1
118524,39,82,88,803,0,12,0,33.59,688.60,100.00,0.00,3170.54,1
119520,39,82,88,803,0,12,0,33.59,688.60,100.00,0.00,3170.54,1
120516,38,82,88,802,0,12,0,33.59,688.60,100.00,0.00,3170.54,1
121512,38,82,88,802,0,12,0,33.59,688.60,100.00,0.00,3170.54,1
122508,39,82,88,803,0,12,0,33.59,688.60,100.00,0.00,3170.54,1
123504,39,82,88,803,0,13,0,33.59,688.60,100.00,0.00,3170.54,1
124500,39,82,88,803,0,12,0,33.59,688.60,100.00,0.00,3170.54,1
125496,39,82,88,804,0,13,0,33.59,688.60,100.00,0.00,3170.54,1
126492,39,82,89,804,0,13,0,33.59,688.60,100.00,0.00,3170.54,1
127488,39,82,88,804,0,12,0,33.59,688.60,100.00,0.00,3170.54,1
128484,39,83,89,804,0,13,0,33.59,688.60,100.00,0.00,3170.54,1
129480,38,82,89,803,0,13,0,33.59,688.60,100.00,0.00,3170.54,1
130476,38,82,89,803,0,12,0,33.59,688.60,100.00,0.00,3170.54,1
131472,38,82,88,803,0,13,0,33.59,688.60,100.00,0.00,3170.54,1
132468,39,82,88,804,0,12,0,33.59,688.60,100.00,0.00,3170.54,1
133464,38,82,88,803,0,13,0,33.59,688.60,100.00,0.00,3170.54,1
134460,38,82,87,803,0,13,0,33.59,688.60,100.00,0.00,3170.54,1
135456,38,82,88,803,0,12,0,33.59,688.60,100.00,0.00,3170.54,1
136452,38,82,88,804,0,12,0,33.59,688.60,100.00,0.00,3170.54,1
137448,39,82,88,804,0,12,0,33.59,688.60,100.00,0.00,3170.54,1
138444,38,82,89,805,0,13,0,33.59,688.60,100.00,0.00,3170.54,1
139440,38,82,89,805,0,12,0,33.59,688.60,100.00,0.00,3170.54,1
140436,38,83,88,805,0,13,0,33.59,688.60,100.00,0.00,3170.54,1
141432,38,82,88,804,0,12,0,33.59,688.60,100.00,0.00,3170.54,1
142428,38,83,89,804,0,11,0,33.59,688.60,100.00,0.00,3170.54,1
143424,38,82,88,804,0,13,0,33.59,688.60,100.00,0.00,3170.54,1
144420,38,82,88,805,0,12,0,33.59,688.60,100.00,0.00,3170.54,1
145416,38,82,88,804,0,13,0,33.59,688.60,100.00,0.00,3170.54,1
146412,38,82,88,804,0,13,0,33.59,688.60,100.00,0.00,3170.54,1
147408,37,82,88,804,0,12,0,33.59,688.60,100.00,0.00,3170.54,1
148404,38,82,87,805,0,12,0,33.59,688.60,100.00,0.00,3170.54,1
149400,38,82,88,804,0,12,0,33.59,688.60,100.00,0.00,3170.54,1
150396,38,82,89,804,0,12,0,33.59,688.60,100.00,0.00,3170.54,1
151392,38,82,88,805,0,12,0,33.59,688.60,100.00,0.00,3170.54,1
152388,38,82,88,804,0,12,0,33.59,688.60,100.00,0.00,3170.54,1
153384,38,82,88,804,0,12,0,33.59,688.60,100.00,0.00,3170.54,1
154380,38,82,88,805,0,12,0,33.59,688.60,100.00,0.00,3170.54,1
155376,38,82,88,804,0,12,0,33.59,688.60,100.00,0.00,3170.54,1
156372,38,82,88,805,0,14,0,33.59,688.60,100.00,0.00,3170.54,1
157368,38,81,88,804,0,12,0,33.59,688.60,100.00,0.00,3170.54,1
158364,38,81,87,803,0,12,0,33.59,688.60,100.00,0.00,3170.54,1
159360,38,81,87,803,0,12,0,33.59,688.60,100.00,0.00,3170.54,1
160356,38,81,87,803,0,12,0,33.59,688.60,100.00,0.00,3170.54,1
161352,38,82,88,803,0,12,0,33.59,688.60,100.00,0.00,3170.54,1
162348,38,81,87,803,0,12,0,33.59,688.60,100.00,0.00,3170.54,1
163344,38,81,87,802,0,13,0,33.59,688.60,100.00,0.00,3170.54,1
164340,37,80,86,801,0,13,0,33.59,688.60,100.00,0.00,3170.54,1
165336,38,80,85,802,0,12,0,33.59,688.60,100.00,0.00,3170.54,1
166332,38,81,86,802,0,12,0,33.59,688.60,100.00,0.00,3170.54,1
167328,38,81,87,801,0,13,0,33.59,688.60,100.00,0.00,3170.54,1
168324,38,81,87,802,0,12,0,33.59,688.60,100.00,0.00,3170.54,1
169320,38,81,87,803,0,13,0,33.59,688.60,100.00,0.00,3170.54,1
170316,38,82,87,803,0,12,0,33.59,688.60,100.00,0.00,3170.54,1
171312,38,81,87,803,0,12,0,33.59,688.60,100.00,0.00,3170.54,1
172308,38,81,86,802,0,12,0,33.59,688.60,100.00,0.00,3170.54,1
173304,37,81,87,802,0,13,0,33.59,688.60,100.00,0.00,3170.54,1
174300,37,81,86,802,0,12,0,33.59,688.60,100.00,0.00,3170.54,1
175296,38,81,87,803,0,12,0,33.59,688.60,100.00,0.00,3170.54,1
176292,38,81,87,803,0,13,0,33.59,688.60,100.00,0.00,3170.54,1
177288,38,81,87,803,0,12,0,33.59,688.60,100.00,0.00,3170.54,1
178284,38,81,87,803,0,13,0,33.59,688.60,100.00,0.00,3170.54,1
179280,37,81,88,803,0,12,0,33.59,688.60,100.00,0.00,3170.54,1
180276,38,81,87,803,0,13,0,33.59,688.60,100.00,0.00,3170.54,1
181272,38,81,87,803,0,13,0,33.59,688.60,100.00,0.00,3170.54,1
182268,37,81,87,803,0,12,0,33.59,688.60,100.00,0.00,3170.54,1
183264,38,80,87,803,0,12,0,33.59,688.60,100.00,0.00,3170.54,1
184260,38,80,86,803,0,12,0,33.59,688.60,100.00,0.00,3170.54,1
185256,38,80,86,802,0,12,0,33.59,688.60,100.00,0.00,3170.54,1
186252,37,80,86,803,0,12,0,33.59,688.60,100.00,0.00,3170.54,1
187248,38,80,87,803,0,12,0,33.59,688.60,100.00,0.00,3170.54,1
188244,38,81,87,803,0,13,0,33.59,688.60,100.00,0.00,3170.54,1
189240,38,81,87,802,0,12,0,33.59,688.60,100.00,0.00,3170.54,1
190236,38,81,87,803,0,12,0,33.59,688.60,100.00,0.00,3170.54,1
191232,37,81,87,803,0,12,0,33.59,688.60,100.00,0.00,3170.54,1
192228,37,81,87,803,0,12,0,33.59,688.60,100.00,0.00,3170.54,1
193224,37,81,87,804,0,12,0,33.59,688.60,100.00,0.00,3170.54,1
194220,37,81,87,804,0,12,0,33.59,688.60,100.00,0.00,3170.54,1
195216,37,81,87,803,0,13,0,33.59,688.60,100.00,0.00,3170.54,1
196212,37,81,86,804,0,12,0,33.59,688.60,100.00,0.00,3170.54,1
197208,38,80,86,803,0,12,0,33.59,688.60,100.00,0.00,3170.54,1
198204,37,80,86,802,0,12,0,33.59,688.60,100.00,0.00,3170.54,1
199200,37,80,86,802,0,12,0,33.59,688.60,100.00,0.00,3170.54,1
200196,37,81,86,802,0,12,0,33.59,688.60,100.00,0.00,3170.54,1
201192,38,80,86,802,0,12,0,33.59,688.60,100.00,0.00,3170.54,1
202188,38,80,85,801,0,13,0,33.59,688.60,100.00,0.00,3170.54,1
203184,37,80,86,801,0,12,0,33.59,688.60,100.00,0.00,3170.54,1
204180,37,80,86,802,0,12,0,33.59,688.60,100.00,0.00,3170.54,1
205176,37,80,86,803,0,12,0,33.59,688.60,100.00,0.00,3170.54,1
206172,37,80,86,802,0,12,0,33.59,688.60,100.00,0.00,3170.54,1
207168,37,80,86,802,0,15,0,33.59,688.60,100.00,0.00,3170.54,1
208164,38,80,86,803,0,12,0,33.59,688.60,100.00,0.00,3170.54,1
209160,37,80,86,803,0,12,0,33.59,688.60,100.00,0.00,3170.54,1
210156,37,81,87,803,0,13,0,33.59,688.60,100.00,0.00,3170.54,1
211152,38,81,85,803,0,12,0,33.59,688.60,100.00,0.00,3170.54,1
212148,38,81,87,803,0,12,0,33.59,688.60,100.00,0.00,3170.54,1
213144,37,81,86,804,0,12,0,33.59,688.60,100.00,0.00,3170.54,1
214140,37,81,86,803,0,12,0,33.59,688.60,100.00,0.00,3170.54,1
215136,37,81,86,803,0,12,0,33.59,688.60,100.00,0.00,3170.54,1
216132,37,81,86,804,0,12,0,33.59,688.60,100.00,0.00,3170.54,1
217128,37,80,86,804,0,12,0,33.59,688.60,100.00,0.00,3170.54,1
218124,37,81,86,804,0,12,0,33.59,688.60,100.00,0.00,3170.54,1
219120,38,80,86,803,0,13,0,33.59,688.60,100.00,0.00,3170.54,1
220116,37,80,86,804,0,12,0,33.59,688.60,100.00,0.00,3170.54,1
221112,38,81,86,804,0,13,0,33.59,688.60,100.00,0.00,3170.54,1
222108,37,81,86,804,0,12,0,33.59,688.60,100.00,0.00,3170.54,1
223104,37,81,86,804,0,12,0,33.59,688.60,100.00,0.00,3170.54,1
224100,37,81,86,804,0,12,0,33.59,688.60,100.00,0.00,3170.54,1
225096,37,81,86,804,0,13,0,33.59,688.60,100.00,0.00,3170.54,1
226092,38,81,85,803,0,12,0,33.59,688.60,100.00,0.00,3170.54,1
227088,37,80,86,803,0,13,0,33.59,688.60,100.00,0.00,3170.54,1
228084,37,81,85,804,0,14,0,33.59,688.60,100.00,0.00,3170.54,1
229080,38,81,86,803,0,12,0,33.59,688.60,100.00,0.00,3170.54,1
230076,37,81,86,804,0,12,0,33.59,688.60,100.00,0.00,3170.54,1
231072,37,81,86,803,0,12,0,33.59,688.60,100.00,0.00,3170.54,1
232068,38,80,85,804,0,13,0,33.59,688.60,100.00,0.00,3170.54,1
233064,38,80,85,804,0,12,0,33.59,688.60,100.00,0.00,3170.54,1
234060,37,81,86,803,0,14,0,33.59,688.60,100.00,0.00,3170.54,1
235056,38,81,86,804,0,12,0,33.59,688.60,100.00,0.00,3170.54,1
236052,37,81,85,804,0,12,0,33.59,688.60,100.00,0.00,3170.54,1
237048,37,81,86,804,0,12,0,33.59,688.60,100.00,0.00,3170.54,1
238044,37,81,86,804,0,12,0,33.59,688.60,100.00,0.00,3170.54,1
239040,37,80,85,804,0,13,0,33.59,688.60,100.00,0.00,3170.54,1
240036,38,81,85,803,0,12,0,33.59,688.60,100.00,0.00,3170.54,1
241032,37,81,86,803,0,12,0,33.59,688.60,100.00,0.00,3170.54,1
242028,37,80,85,803,0,12,0,33.59,688.60,100.00,0.00,3170.54,1
243024,37,80,85,803,0,12,0,33.59,688.60,100.00,0.00,3170.54,1
244020,37,81,86,804,0,12,0,33.59,688.60,100.00,0.00,3170.54,1
245016,37,80,86,804,0,13,0,33.59,688.60,100.00,0.00,3170.54,1
246012,37,81,85,803,0,12,0,33.59,688.60,100.00,0.00,3170.54,1
247008,37,80,85,803,0,12,0,33.59,688.60,100.00,0.00,3170.54,1
248004,37,80,85,803,0,12,0,33.59,688.60,100.00,0.00,3170.54,1
249000,38,80,86,804,0,13,0,33.59,688.60,100.00,0.00,3170.54,1
249996,37,81,86,805,0,12,0,33.59,688.60,100.00,0.00,3170.54,1
250992,37,81,86,804,0,12,0,33.59,688.60,100.00,0.00,3170.54,1
251988,37,80,85,803,0,12,0,33.59,688.60,100.00,0.00,3170.54,1
252984,37,80,84,803,0,12,0,33.59,688.60,100.00,0.00,3170.54,1
253980,37,80,85,802,0,12,0,33.59,688.60,100.00,0.00,3170.54,1
254976,36,80,85,804,0,12,0,33.59,688.60,100.00,0.00,3170.54,1
255972,37,80,86,803,0,12,0,33.59,688.60,100.00,0.00,3170.54,1
256968,37,81,86,804,0,12,0,33.59,688.60,100.00,0.00,3170.54,1
257964,37,81,85,804,0,12,0,33.59,688.60,100.00,0.00,3170.54,1
258960,36,80,86,804,0,12,0,33.59,688.60,100.00,0.00,3170.54,1
259956,37,80,85,804,0,12,0,33.59,688.60,100.00,0.00,3170.54,1
260952,37,80,85,804,0,12,0,33.59,688.60,100.00,0.00,3170.54,1
261948,37,80,85,804,0,12,0,33.59,688.60,100.00,0.00,3170.54,1
262944,36,80,85,805,0,12,0,33.59,688.60,100.00,0.00,3170.54,1
263940,37,81,85,805,0,12,0,33.59,688.60,100.00,0.00,3170.54,1
264936,37,81,86,805,0,12,0,33.59,688.60,100.00,0.00,3170.54,1
265932,37,81,86,805,0,13,0,33.59,688.60,100.00,0.00,3170.54,1
266928,36,81,86,805,0,12,0,33.59,688.60,100.00,0.00,3170.54,1
267924,36,81,86,805,0,12,0,33.59,688.60,100.00,0.00,3170.54,1
268920,36,80,85,806,0,12,0,33.59,688.60,100.00,0.00,3170.54,1
269916,36,80,85,806,0,12,0,33.59,688.60,100.00,0.00,3170.54,1
270912,36,80,85,804,0,12,0,33.59,688.60,100.00,0.00,3170.54,1
271908,35,81,85,805,0,13,0,33.59,688.60,100.00,0.00,3170.54,1
272904,36,80,84,805,0,12,0,33.59,688.60,100.00,0.00,3170.54,1
273900,36,81,84,805,0,13,0,33.59,688.60,100.00,0.00,3170.54,1
274896,36,80,85,804,0,13,0,33.59,688.60,100.00,0.00,3170.54,1
275892,36,80,85,806,0,13,0,33.59,688.60,100.00,0.00,3170.54,1
276888,36,80,85,804,0,13,0,33.59,688.60,100.00,0.00,3170.54,1
277884,36,81,86,805,0,13,0,33.59,688.60,100.00,0.00,3170.54,1
278880,36,81,85,805,0,12,0,33.59,688.60,100.00,0.00,3170.54,1
279876,36,81,85,805,0,12,0,33.59,688.60,100.00,0.00,3170.54,1
280872,36,80,85,806,0,12,0,33.59,688.60,100.00,0.00,3170.54,1
281868,36,80,85,805,0,12,0,33.59,688.60,100.00,0.00,3170.54,1
282864,36,81,86,806,0,13,0,33.59,688.60,100.00,0.00,3170.54,1
283860,36,81,86,805,0,12,0,33.59,688.60,100.00,0.00,3170.54,1
284856,35,80,85,806,0,12,0,33.59,688.60,100.00,0.00,3170.54,1
285852,36,80,85,805,0,13,0,33.59,688.60,100.00,0.00,3170.54,1
286848,36,80,85,806,0,12,0,33.59,688.60,100.00,0.00,3170.54,1
287844,35,80,84,806,0,12,0,33.59,688.60,100.00,0.00,3170.54,1
288840,35,81,85,806,0,12,0,33.59,688.60,100.00,0.00,3170.54,1
289836,35,81,84,805,0,13,0,33.59,688.60,100.00,0.00,3170.54,1
290832,35,81,85,805,0,12,0,33.59,688.60,100.00,0.00,3170.54,1
291828,36,79,84,804,0,12,0,33.59,688.60,100.00,0.00,3170.54,1
292824,36,80,84,805,0,12,0,33.59,688.60,100.00,0.00,3170.54,1
293820,35,80,84,804,0,12,0,33.59,688.60,100.00,0.00,3170.54,1
294816,36,80,85,806,0,12,0,33.59,688.60,100.00,0.00,3170.54,1
295812,36,80,85,805,0,12,0,33.59,688.60,100.00,0.00,3170.54,1
296808,36,81,85,805,0,12,0,33.59,688.60,100.00,0.00,3170.54,1
297804,36,80,85,805,0,12,0,33.59,688.60,100.00,0.00,3170.54,1
298800,35,80,85,805,0,12,0,33.59,688.60,100.00,0.00,3170.54,1
299796,36,80,84,805,0,13,0,33.59,688.60,100.00,0.00,3170.54,1
300792,35,81,84,805,0,12,0,33.59,688.60,100.00,0.00,3170.54,1
301788,36,79,85,805,0,13,0,33.59,688.60,100.00,0.00,3170.54,1
302784,36,80,85,805,0,14,0,33.59,688.60,100.00,0.00,3170.54,1
303780,36,80,85,806,0,12,0,33.59,688.60,100.00,0.00,3170.54,1
304776,36,80,85,806,0,12,0,33.59,688.60,100.00,0.00,3170.54,1
305772,36,80,85,806,0,12,0,33.59,688.60,100.00,0.00,3170.54,1
306768,36,80,85,806,0,12,0,33.59,688.60,100.00,0.00,3170.54,1
307764,36,81,85,806,0,12,0,33.59,688.60,100.00,0.00,3170.54,1
308760,35,81,85,806,0,12,0,33.59,688.60,100.00,0.00,3170.54,1
309756,36,80,85,805,0,12,0,33.59,688.60,100.00,0.00,3170.54,1
310752,36,80,84,805,0,13,0,33.59,688.60,100.00,0.00,3170.54,1
311748,36,80,85,806,0,12,0,33.59,688.60,100.00,0.00,3170.54,1
312744,36,80,85,805,0,12,0,33.59,688.60,100.00,0.00,3170.54,1
313740,36,81,85,806,0,12,0,33.59,688.60,100.00,0.00,3170.54,1
314736,36,80,85,806,0,12,0,33.59,688.60,100.00,0.00,3170.54,1
315732,36,80,85,807,0,12,0,33.59,688.60,100.00,0.00,3170.54,1
316728,35,81,85,806,0,12,0,33.59,688.60,100.00,0.00,3170.54,1
317724,36,81,85,807,0,12,0,33.59,688.60,100.00,0.00,3170.54,1
318720,35,80,85,807,0,12,0,33.59,688.60,100.00,0.00,3170.54,1
319716,36,80,85,806,0,11,0,33.59,688.60,100.00,0.00,3170.54,1
320712,36,80,84,806,0,11,0,33.59,688.60,100.00,0.00,3170.54,1
321708,36,80,85,805,0,13,0,33.59,688.60,100.00,0.00,3170.54,1
322704,36,80,84,805,0,12,0,33.59,688.60,100.00,0.00,3170.54,1
323700,36,80,84,804,0,12,0,33.59,688.60,100.00,0.00,3170.54,1
324696,36,80,84,806,0,13,0,33.59,688.60,100.00,0.00,3170.54,1
325692,36,80,85,806,0,12,0,33.59,688.60,100.00,0.00,3170.54,1
326688,36,80,85,806,0,12,0,33.59,688.60,100.00,0.00,3170.54,1
327684,35,80,84,805,0,12,0,33.59,688.60,100.00,0.00,3170.54,1
328680,36,80,85,806,0,12,0,33.59,688.60,100.00,0.00,3170.54,1
329676,36,80,84,806,0,12,0,33.59,688.60,100.00,0.00,3170.54,1
330672,36,80,84,806,0,11,0,33.59,688.60,100.00,0.00,3170.54,1
331668,36,79,84,805,0,12,0,33.59,688.60,100.00,0.00,3170.54,1
332664,35,79,83,804,0,11,0,33.59,688.60,100.00,0.00,3170.54,1
333660,36,80,83,804,0,12,0,33.59,688.60,100.00,0.00,3170.54,1
334656,36,80,84,804,0,12,0,33.59,688.60,100.00,0.00,3170.54,1
335652,36,80,84,804,0,12,0,33.59,688.60,100.00,0.00,3170.54,1
336648,36,80,84,805,0,12,0,33.59,688.60,100.00,0.00,3170.54,1
337644,36,80,84,804,0,12,0,33.59,688.60,100.00,0.00,3170.54,1
338640,36,80,85,804,0,12,0,33.59,688.60,100.00,0.00,3170.54,1
339636,36,80,84,805,0,12,0,33.59,688.60,100.00,0.00,3170.54,1
340632,36,80,83,805,0,12,0,33.59,688.60,100.00,0.00,3170.54,1
341628,36,80,84,804,0,12,0,33.59,688.60,100.00,0.00,3170.54,1
342624,36,80,84,805,0,12,0,33.59,688.60,100.00,0.00,3170.54,1
343620,36,80,84,805,0,13,0,33.59,688.60,100.00,0.00,3170.54,1
344616,36,80,83,805,0,12,0,33.59,688.60,100.00,0.00,3170.54,1
345612,36,80,84,805,0,12,0,33.59,688.60,100.00,0.00,3170.54,1
346608,36,79,84,805,0,12,0,33.59,688.60,100.00,0.00,3170.54,1
347604,36,80,84,805,0,12,0,33.59,688.60,100.00,0.00,3170.54,1
348600,36,80,83,806,0,12,0,33.59,688.60,100.00,0.00,3170.54,1
349596,36,80,84,805,0,12,0,33.59,688.60,100.00,0.00,3170.54,1
350592,36,79,84,805,0,12,0,33.59,688.60,100.00,0.00,3170.54,1
351588,36,80,85,806,0,12,0,33.59,688.60,100.00,0.00,3170.54,1
352584,36,80,84,806,0,12,0,33.59,688.60,100.00,0.00,3170.54,1
353580,35,80,85,806,0,12,0,33.59,688.60,100.00,0.00,3170.54,1
354576,36,80,84,806,0,12,0,33.59,688.60,100.00,0.00,3170.54,1
355572,35,80,84,806,0,11,0,33.59,688.60,100.00,0.00,3170.54,1
356568,35,81,85,807,0,12,0,33.59,688.60,100.00,0.00,3170.54,1
357564,35,80,85,806,0,14,0,33.59,688.60,100.00,0.00,3170.54,1
358560,35,80,84,807,0,12,0,33.59,688.60,100.00,0.00,3170.54,1
359556,35,80,84,807,0,12,0,33.59,688.60,100.00,0.00,3170.54,1
360552,35,80,84,806,0,12,0,33.59,688.60,100.00,0.00,3170.54,1
361548,35,80,84,806,0,12,0,33.59,688.60,100.00,0.00,3170.54,1
362544,35,80,84,806,0,13,0,33.59,688.60,100.00,0.00,3170.54,1
363540,35,79,83,805,0,12,0,33.59,688.60,100.00,0.00,3170.54,1
364536,35,80,84,805,0,12,0,33.59,688.60,100.00,0.00,3170.54,1
365532,35,79,83,805,0,12,0,33.59,688.60,100.00,0.00,3170.54,1
366528,35,79,83,805,0,12,0,33.59,688.60,100.00,0.00,3170.54,1
367524,35,79,83,804,0,12,0,33.59,688.60,100.00,0.00,3170.54,1
368520,35,79,83,805,0,12,0,33.59,688.60,100.00,0.00,3170.54,1
369516,35,79,83,805,0,12,0,33.59,688.60,100.00,0.00,3170.54,1
370512,35,79,83,804,0,12,0,33.59,688.60,100.00,0.00,3170.54,1
371508,36,79,83,805,0,12,0,33.59,688.60,100.00,0.00,3170.54,1
372504,35,80,84,805,0,12,0,33.59,688.60,100.00,0.00,3170.54,1
373500,35,79,83,805,0,12,0,33.59,688.60,100.00,0.00,3170.54,1
374496,35,79,83,805,0,12,0,33.59,688.60,100.00,0.00,3170.54,1
375492,35,79,83,805,0,12,0,33.59,688.60,100.00,0.00,3170.54,1
376488,36,80,83,805,0,12,0,33.59,688.60,100.00,0.00,3170.54,1
377484,36,79,83,806,0,12,0,33.59,688.60,100.00,0.00,3170.54,1
378480,35,79,84,805,0,12,0,33.59,688.60,100.00,0.00,3170.54,1
379476,35,80,83,805,0,13,0,33.59,688.60,100.00,0.00,3170.54,1
380472,35,80,84,806,0,12,0,33.59,688.60,100.00,0.00,3170.54,1
381468,35,80,83,805,0,12,0,33.59,688.60,100.00,0.00,3170.54,1
382464,35,79,83,806,0,12,0,33.59,688.60,100.00,0.00,3170.54,1
383460,35,80,84,805,0,12,0,33.59,688.60,100.00,0.00,3170.54,1
384456,35,79,84,806,0,12,0,33.59,688.60,100.00,0.00,3170.54,1
385452,35,79,83,805,0,12,0,33.59,688.60,100.00,0.00,3170.54,1
386448,34,79,83,806,0,12,0,33.59,688.60,100.00,0.00,3170.54,1
387444,35,80,83,805,0,12,0,33.59,688.60,100.00,0.00,3170.54,1
388440,35,79,83,806,0,12,0,33.59,688.60,100.00,0.00,3170.54,1
389436,35,79,83,805,0,12,0,33.59,688.60,100.00,0.00,3170.54,1
390432,35,79,83,805,0,12,0,33.59,688.60,100.00,0.00,3170.54,1
391428,34,79,83,806,0,12,0,33.59,688.60,100.00,0.00,3170.54,1
392424,35,79,82,806,0,13,0,33.59,688.60,100.00,0.00,3170.54,1
393420,35,79,83,805,0,12,0,33.59,688.60,100.00,0.00,3170.54,1
394416,35,79,82,806,0,12,0,33.59,688.60,100.00,0.00,3170.54,1
395412,34,79,82,806,0,12,0,33.59,688.60,100.00,0.00,3170.54,1
396408,35,79,83,805,0,12,0,33.59,688.60,100.00,0.00,3170.54,1
397404,34,79,83,806,0,12,0,33.59,688.60,100.00,0.00,3170.54,1
398400,35,79,83,807,0,12,0,33.59,688.60,100.00,0.00,3170.54,1
399396,35,80,83,805,0,12,0,33.59,688.60,100.00,0.00,3170.54,1
400392,34,79,82,806,0,12,0,33.59,688.60,100.00,0.00,3170.54,1
401388,34,78,83,806,0,12,0,33.59,688.60,100.00,0.00,3170.54,1
402384,35,79,83,806,0,11,0,33.59,688.60,100.00,0.00,3170.54,1
403380,35,79,83,806,0,12,0,33.59,688.60,100.00,0.00,3170.54,1
404376,34,79,83,807,0,13,0,33.59,688.60,100.00,0.00,3170.54,1
405372,34,79,82,807,0,12,0,33.59,688.60,100.00,0.00,3170.54,1
406368,34,79,82,807,0,12,0,33.59,688.60,100.00,0.00,3170.54,1
407364,34,79,82,806,0,12,0,33.59,688.60,100.00,0.00,3170.54,1
408360,34,79,83,807,0,12,0,33.59,688.60,100.00,0.00,3170.54,1
409356,34,79,82,806,0,11,0,33.59,688.60,100.00,0.00,3170.54,1
410352,34,79,82,805,0,12,0,33.59,688.60,100.00,0.00,3170.54,1
411348,34,79,82,805,0,12,0,33.59,688.60,100.00,0.00,3170.54,1
412344,34,79,82,806,0,12,0,33.59,688.60,100.00,0.00,3170.54,1
413340,34,79,83,806,0,12,0,33.59,688.60,100.00,0.00,3170.54,1
414336,34,79,82,805,0,12,0,33.59,688.60,100.00,0.00,3170.54,1
415332,34,78,83,806,0,12,0,33.59,688.60,100.00,0.00,3170.54,1
416328,34,79,83,807,0,12,0,33.59,688.60,100.00,0.00,3170.54,1
417324,34,79,82,807,0,12,0,33.59,688.60,100.00,0.00,3170.54,1
418320,34,80,83,807,0,12,0,33.59,688.60,100.00,0.00,3170.54,1
419316,34,79,83,807,0,12,0,33.59,688.60,100.00,0.00,3170.54,1
420312,34,79,83,808,0,12,0,33.59,688.60,100.00,0.00,3170.54,1
421308,34,79,84,808,0,13,0,33.59,688.60,100.00,0.00,3170.54,1
422304,34,79,82,808,0,12,0,33.59,688.60,100.00,0.00,3170.54,1
423300,34,79,82,807,0,12,0,33.59,688.60,100.00,0.00,3170.54,1
424296,33,79,83,807,0,12,0,33.59,688.60,100.00,0.00,3170.54,1
425292,33,79,83,807,0,12,0,33.59,688.60,100.00,0.00,3170.54,1
426288,33,79,83,807,0,12,0,33.59,688.60,100.00,0.00,3170.54,1
427284,33,79,82,807,0,12,0,33.59,688.60,100.00,0.00,3170.54,1
428280,33,79,83,807,0,12,0,33.59,688.60,100.00,0.00,3170.54,1
429276,33,79,83,808,0,12,0,33.59,688.60,100.00,0.00,3170.54,1
430272,33,79,83,807,0,12,0,33.59,688.60,100.00,0.00,3170.54,1
431268,32,79,84,808,0,11,0,33.59,688.60,100.00,0.00,3170.54,1
432264,33,79,83,808,0,12,0,33.59,688.60,100.00,0.00,3170.54,1
433260,33,79,83,808,0,12,0,33.59,688.60,100.00,0.00,3170.54,1
434256,33,79,83,808,0,12,0,33.59,688.60,100.00,0.00,3170.54,1
435252,32,79,83,808,0,12,0,33.59,688.60,100.00,0.00,3170.54,1
436248,33,79,83,808,0,12,0,33.59,688.60,100.00,0.00,3170.54,1
437244,33,79,83,808,0,12,0,33.59,688.60,100.00,0.00,3170.54,1
438240,33,80,83,808,0,11,0,33.59,688.60,100.00,0.00,3170.54,1
439236,32,79,83,808,0,12,0,33.59,688.60,100.00,0.00,3170.54,1
440232,32,79,83,808,0,12,0,33.59,688.60,100.00,0.00,3170.54,1
441228,33,79,83,808,0,12,0,33.59,688.60,100.00,0.00,3170.54,1
442224,32,80,83,809,0,12,0,33.59,688.60,100.00,0.00,3170.54,1
443220,33,79,83,808,0,12,0,33.59,688.60,100.00,0.00,3170.54,1
444216,33,79,83,809,0,11,0,33.59,688.60,100.00,0.00,3170.54,1
445212,32,79,84,808,0,12,0,33.59,688.60,100.00,0.00,3170.54,1
446208,33,79,83,809,0,12,0,33.59,688.60,100.00,0.00,3170.54,1
447204,32,79,83,809,0,12,0,33.59,688.60,100.00,0.00,3170.54,1
448200,33,79,82,809,0,12,0,33.59,688.60,100.00,0.00,3170.54,1
449196,32,79,83,809,0,12,0,33.59,688.60,100.00,0.00,3170.54,1
450192,31,79,83,809,0,11,0,33.59,688.60,100.00,0.00,3170.54,1
451188,32,80,84,809,0,12,0,33.59,688.60,100.00,0.00,3170.54,1
452184,31,79,83,809,0,12,0,33.59,688.60,100.00,0.00,3170.54,1
453180,32,80,84,809,0,12,0,33.59,688.60,100.00,0.00,3170.54,1
454176,32,79,83,809,0,12,0,33.59,688.60,100.00,0.00,3170.54,1
455172,31,80,84,808,0,12,0,33.59,688.60,100.00,0.00,3170.54,1
456168,31,79,84,809,0,12,0,33.59,688.60,100.00,0.00,3170.54,1
457164,32,80,84,809,0,12,0,33.59,688.60,100.00,0.00,3170.54,1
458160,32,79,84,809,0,12,0,33.59,688.60,100.00,0.00,3170.54,1
459156,31,80,84,809,0,12,0,33.59,688.60,100.00,0.00,3170.54,1
460152,32,79,84,809,0,12,0,33.59,688.60,100.00,0.00,3170.54,1
461148,31,80,84,808,0,12,0,33.59,688.60,100.00,0.00,3170.54,1
462144,31,80,84,809,0,12,0,33.59,688.60,100.00,0.00,3170.54,1
463140,32,80,84,809,0,12,0,33.59,688.60,100.00,0.00,3170.54,1
464136,31,80,84,809,0,12,0,33.59,688.60,100.00,0.00,3170.54,1
465132,30,79,84,809,0,12,0,33.59,688.60,100.00,0.00,3170.54,1
466128,31,79,84,808,0,14,0,33.59,688.60,100.00,0.00,3170.54,1
467124,31,79,84,808,0,12,0,33.59,688.60,100.00,0.00,3170.54,1
468120,31,79,84,808,0,12,0,33.59,688.60,100.00,0.00,3170.54,1
469116,31,79,83,809,0,12,0,33.59,688.60,100.00,0.00,3170.54,1
470112,31,79,83,808,0,12,0,33.59,688.60,100.00,0.00,3170.54,1
471108,31,79,83,808,0,12,0,33.59,688.60,100.00,0.00,3170.54,1
472104,31,79,82,808,0,12,0,33.59,688.60,100.00,0.00,3170.54,1
473100,30,78,82,808,0,12,0,33.59,688.60,100.00,0.00,3170.54,1
474096,31,79,83,807,0,12,0,33.59,688.60,100.00,0.00,3170.54,1
475092,30,78,82,807,0,12,0,33.59,688.60,100.00,0.00,3170.54,1
476088,31,79,82,807,0,12,0,33.59,688.60,100.00,0.00,3170.54,1
477084,31,78,82,807,0,12,0,33.59,688.60,100.00,0.00,3170.54,1
478080,31,78,81,806,0,12,0,33.59,688.60,100.00,0.00,3170.54,1
479076,31,78,81,805,0,12,0,33.59,688.60,100.00,0.00,3170.54,1
480072,31,78,81,806,0,12,0,33.59,688.60,100.00,0.00,3170.54,1
481068,31,78,82,806,0,13,0,33.59,688.60,100.00,0.00,3170.54,1
482064,31,78,82,806,0,12,0,33.59,688.60,100.00,0.00,3170.54,1
483060,31,78,81,806,0,12,0,33.59,688.60,100.00,0.00,3170.54,1
484056,31,78,82,807,0,12,0,33.59,688.60,100.00,0.00,3170.54,1
485052,31,79,82,807,0,12,0,33.59,688.60,100.00,0.00,3170.54,1
486048,31,78,82,807,0,12,0,33.59,688.60,100.00,0.00,3170.54,1
487044,31,79,82,807,0,12,0,33.59,688.60,100.00,0.00,3170.54,1
488040,31,78,82,807,0,12,0,33.59,688.60,100.00,0.00,3170.54,1
489036,31,78,82,807,0,12,0,33.59,688.60,100.00,0.00,3170.54,1
490032,31,78,82,807,0,12,0,33.59,688.60,100.00,0.00,3170.54,1
491028,31,79,81,807,0,12,0,33.59,688.60,100.00,0.00,3170.54,1
492024,31,78,82,807,0,12,0,33.59,688.60,100.00,0.00,3170.54,1
493020,31,78,82,807,0,12,0,33.59,688.60,100.00,0.00,3170.54,1
494016,31,79,82,807,0,12,0,33.59,688.60,100.00,0.00,3170.54,1
495012,31,78,82,807,0,11,0,33.59,688.60,100.00,0.00,3170.54,1
496008,31,78,82,807,0,12,0,33.59,688.60,100.00,0.00,3170.54,1
497004,31,78,82,807,0,12,0,33.59,688.60,100.00,0.00,3170.54,1
498000,31,78,81,807,0,12,0,33.59,688.60,100.00,0.00,3170.54,1
498996,31,78,82,807,0,12,0,33.59,688.60,100.00,0.00,3170.54,1
499992,31,78,82,807,0,12,0,33.59,688.60,100.00,0.00,3170.54,1
500988,32,79,82,807,0,12,0,33.59,688.60,100.00,0.00,3170.54,1
501984,31,79,82,808,0,12,0,33.59,688.60,100.00,0.00,3170.54,1
502980,31,78,82,808,0,12,0,33.59,688.60,100.00,0.00,3170.54,1
503976,31,78,82,807,0,12,0,33.59,688.60,100.00,0.00,3170.54,1
504972,31,78,82,807,0,12,0,33.59,688.60,100.00,0.00,3170.54,1
505968,31,78,81,807,0,12,0,33.59,688.60,100.00,0.00,3170.54,1
506964,31,78,81,807,0,13,0,33.59,688.60,100.00,0.00,3170.54,1
507960,31,77,81,807,0,12,0,33.59,688.60,100.00,0.00,3170.54,1
508956,31,77,81,806,0,12,0,33.59,688.60,100.00,0.00,3170.54,1
509952,31,77,81,805,0,14,0,33.59,688.60,100.00,0.00,3170.54,1
510948,31,77,81,805,0,12,0,33.59,688.60,100.00,0.00,3170.54,1
511944,31,77,81,806,0,12,0,33.59,688.60,100.00,0.00,3170.54,1
512940,31,78,81,805,0,12,0,33.59,688.60,100.00,0.00,3170.54,1
