timestamp,NO2,C2H50H,VOC,CO,Alcohol,LPG,Benzene,Temperature,Pressure,Humidity,Gas_Resistance,Altitude,State65736,41,67,83,735,0,45,0,33.59,688.60,100.00,0.00,3170.54,1
66732,42,67,83,736,0,44,0,33.59,688.60,100.00,0.00,3170.54,1
67728,41,68,83,738,0,45,0,33.59,688.60,100.00,0.00,3170.54,1
68724,42,68,83,739,0,45,0,33.59,688.60,100.00,0.00,3170.54,1
69720,41,68,82,739,0,45,0,33.59,688.60,100.00,0.00,3170.54,1
70716,41,68,83,738,0,45,0,33.59,688.60,100.00,0.00,3170.54,1
71712,41,68,82,738,0,45,0,33.59,688.60,100.00,0.00,3170.54,1
72708,41,68,83,738,0,44,0,33.59,688.60,100.00,0.00,3170.54,1
73704,41,68,82,739,0,46,0,33.59,688.60,100.00,0.00,3170.54,1
74700,41,68,82,740,0,45,0,33.59,688.60,100.00,0.00,3170.54,1
75696,40,68,83,741,0,45,0,33.59,688.60,100.00,0.00,3170.54,1
76692,41,68,83,742,0,46,0,33.59,688.60,100.00,0.00,3170.54,1
77688,41,68,83,742,0,46,0,33.59,688.60,100.00,0.00,3170.54,1
78684,41,68,83,743,0,51,0,33.59,688.60,100.00,0.00,3170.54,1
79680,41,68,83,743,0,49,0,33.59,688.60,100.00,0.00,3170.54,1
80676,41,68,82,743,0,46,0,33.59,688.60,100.00,0.00,3170.54,1
81672,41,68,83,745,0,48,0,33.59,688.60,100.00,0.00,3170.54,1
82668,40,68,83,746,0,46,0,33.59,688.60,100.00,0.00,3170.54,1
83664,41,68,83,746,0,46,0,33.59,688.60,100.00,0.00,3170.54,1
84660,41,68,83,747,0,46,0,33.59,688.60,100.00,0.00,3170.54,1
85656,41,69,84,749,0,46,0,33.59,688.60,100.00,0.00,3170.54,1
86652,41,69,83,749,0,47,0,33.59,688.60,100.00,0.00,3170.54,1
87648,41,70,84,751,0,43,0,33.59,688.60,100.00,0.00,3170.54,1
88644,41,70,84,751,0,46,0,33.59,688.60,100.00,0.00,3170.54,1
89640,40,70,84,752,0,47,0,33.59,688.60,100.00,0.00,3170.54,1
90636,41,71,85,753,0,44,0,33.59,688.60,100.00,0.00,3170.54,1
91632,41,70,85,754,0,47,0,33.59,688.60,100.00,0.00,3170.54,1
92628,41,71,85,754,0,47,0,33.59,688.60,100.00,0.00,3170.54,1
93624,41,71,86,757,0,47,0,33.59,688.60,100.00,0.00,3170.54,1
94620,41,72,86,757,0,47,0,33.59,688.60,100.00,0.00,3170.54,1
95616,41,71,87,758,0,46,0,33.59,688.60,100.00,0.00,3170.54,1
96612,41,72,87,759,0,48,0,33.59,688.60,100.00,0.00,3170.54,1
97608,41,72,86,759,0,48,0,33.59,688.60,100.00,0.00,3170.54,1
98604,41,72,87,759,0,47,0,33.59,688.60,100.00,0.00,3170.54,1
99600,41,72,87,760,0,48,0,33.59,688.60,100.00,0.00,3170.54,1
100596,41,72,88,761,0,44,0,33.59,688.60,100.00,0.00,3170.54,1
101592,41,72,88,762,0,46,0,33.59,688.60,100.00,0.00,3170.54,1
102588,41,73,87,762,0,49,0,33.59,688.60,100.00,0.00,3170.54,1
103584,41,72,88,762,0,47,0,33.59,688.60,100.00,0.00,3170.54,1
104580,41,72,88,763,0,46,0,33.59,688.60,100.00,0.00,3170.54,1
105576,40,72,87,763,0,47,0,33.59,688.60,100.00,0.00,3170.54,1
106572,41,73,87,763,0,46,0,33.59,688.60,100.00,0.00,3170.54,1
107568,41,73,88,764,0,47,0,33.59,688.60,100.00,0.00,3170.54,1
108564,41,73,88,765,0,47,0,33.59,688.60,100.00,0.00,3170.54,1
109560,41,73,89,767,0,46,0,33.59,688.60,100.00,0.00,3170.54,1
110556,41,73,90,767,0,47,0,33.59,688.60,100.00,0.00,3170.54,1
111552,41,73,89,767,0,46,0,33.59,688.60,100.00,0.00,3170.54,1
112548,42,73,89,768,0,47,0,33.59,688.60,100.00,0.00,3170.54,1
113544,42,73,90,769,0,47,0,33.59,688.60,100.00,0.00,3170.54,1
114540,42,74,89,769,0,47,0,33.59,688.60,100.00,0.00,3170.54,1
115536,42,74,90,770,0,47,0,33.59,688.60,100.00,0.00,3170.54,1
116532,41,73,90,769,0,47,0,33.59,688.60,100.00,0.00,3170.54,1
117528,42,74,91,771,0,47,0,33.59,688.60,100.00,0.00,3170.54,1
118524,41,74,91,771,0,48,0,33.59,688.60,100.00,0.00,3170.54,1
119520,42,74,91,772,0,47,0,33.59,688.60,100.00,0.00,3170.54,1
120516,42,75,91,773,0,44,0,33.59,688.60,100.00,0.00,3170.54,1
121512,42,75,91,773,0,46,0,33.59,688.60,100.00,0.00,3170.54,1
122508,42,75,91,772,0,47,0,33.59,688.60,100.00,0.00,3170.54,1
123504,42,74,91,772,0,48,0,33.59,688.60,100.00,0.00,3170.54,1
124500,42,75,91,772,0,48,0,33.59,688.60,100.00,0.00,3170.54,1
125496,42,74,91,772,0,47,0,33.59,688.60,100.00,0.00,3170.54,1
126492,42,75,91,772,0,46,0,33.59,688.60,100.00,0.00,3170.54,1
127488,42,74,91,773,0,47,0,33.59,688.60,100.00,0.00,3170.54,1
128484,43,75,92,774,0,47,0,33.59,688.60,100.00,0.00,3170.54,1
129480,42,75,92,774,0,47,0,33.59,688.60,100.00,0.00,3170.54,1
130476,42,75,92,774,0,47,0,33.59,688.60,100.00,0.00,3170.54,1
131472,42,75,92,774,0,47,0,33.59,688.60,100.00,0.00,3170.54,1
132468,43,75,93,775,0,47,0,33.59,688.60,100.00,0.00,3170.54,1
133464,43,75,93,775,0,47,0,33.59,688.60,100.00,0.00,3170.54,1
134460,43,75,92,774,0,47,0,33.59,688.60,100.00,0.00,3170.54,1
135456,42,76,92,775,0,47,0,33.59,688.60,100.00,0.00,3170.54,1
136452,43,75,92,775,0,47,0,33.59,688.60,100.00,0.00,3170.54,1
137448,43,75,92,775,0,52,0,33.59,688.60,100.00,0.00,3170.54,1
138444,42,76,93,775,0,48,0,33.59,688.60,100.00,0.00,3170.54,1
139440,43,76,93,775,0,48,0,33.59,688.60,100.00,0.00,3170.54,1
140436,43,76,93,775,0,47,0,33.59,688.60,100.00,0.00,3170.54,1
141432,43,76,92,775,0,47,0,33.59,688.60,100.00,0.00,3170.54,1
142428,42,76,92,775,0,47,0,33.59,688.60,100.00,0.00,3170.54,1
143424,43,76,93,774,0,47,0,33.59,688.60,100.00,0.00,3170.54,1
144420,43,76,92,775,0,48,0,33.59,688.60,100.00,0.00,3170.54,1
145416,42,76,93,775,0,47,0,33.59,688.60,100.00,0.00,3170.54,1
146412,43,76,93,775,0,47,0,33.59,688.60,100.00,0.00,3170.54,1
147408,43,76,93,776,0,47,0,33.59,688.60,100.00,0.00,3170.54,1
148404,44,76,93,776,0,47,0,33.59,688.60,100.00,0.00,3170.54,1
149400,43,76,93,777,0,48,0,33.59,688.60,100.00,0.00,3170.54,1
150396,43,76,93,776,0,45,0,33.59,688.60,100.00,0.00,3170.54,1
151392,43,76,94,776,0,47,0,33.59,688.60,100.00,0.00,3170.54,1
152388,43,77,94,777,0,53,0,33.59,688.60,100.00,0.00,3170.54,1
153384,43,76,94,777,0,48,0,33.59,688.60,100.00,0.00,3170.54,1
154380,43,77,94,778,0,47,0,33.59,688.60,100.00,0.00,3170.54,1
155376,44,76,94,778,0,47,0,33.59,688.60,100.00,0.00,3170.54,1
156372,43,76,94,778,0,48,0,33.59,688.60,100.00,0.00,3170.54,1
157368,44,76,94,778,0,47,0,33.59,688.60,100.00,0.00,3170.54,1
158364,44,77,95,777,0,48,0,33.59,688.60,100.00,0.00,3170.54,1
159360,44,77,95,778,0,48,0,33.59,688.60,100.00,0.00,3170.54,1
160356,43,77,95,778,0,47,0,33.59,688.60,100.00,0.00,3170.54,1
161352,43,77,95,778,0,47,0,33.59,688.60,100.00,0.00,3170.54,1
162348,44,76,95,778,0,50,0,33.59,688.60,100.00,0.00,3170.54,1
163344,44,77,95,779,0,46,0,33.59,688.60,100.00,0.00,3170.54,1
164340,44,77,95,779,0,47,0,33.59,688.60,100.00,0.00,3170.54,1
165336,44,76,95,779,0,47,0,33.59,688.60,100.00,0.00,3170.54,1
166332,44,77,96,779,0,47,0,33.59,688.60,100.00,0.00,3170.54,1
167328,44,76,97,779,0,46,0,33.59,688.60,100.00,0.00,3170.54,1
168324,44,77,96,780,0,47,0,33.59,688.60,100.00,0.00,3170.54,1
169320,44,77,96,780,0,47,0,33.59,688.60,100.00,0.00,3170.54,1
170316,44,77,96,781,0,45,0,33.59,688.60,100.00,0.00,3170.54,1
171312,44,78,98,782,0,46,0,33.59,688.60,100.00,0.00,3170.54,1
172308,45,77,98,782,0,48,0,33.59,688.60,100.00,0.00,3170.54,1
173304,45,78,97,783,0,49,0,33.59,688.60,100.00,0.00,3170.54,1
174300,45,78,98,783,0,47,0,33.59,688.60,100.00,0.00,3170.54,1
175296,45,78,98,783,0,46,0,33.59,688.60,100.00,0.00,3170.54,1
176292,45,78,98,783,0,48,0,33.59,688.60,100.00,0.00,3170.54,1
177288,45,78,98,782,0,47,0,33.59,688.60,100.00,0.00,3170.54,1
178284,45,77,97,782,0,46,0,33.59,688.60,100.00,0.00,3170.54,1
179280,45,77,98,782,0,46,0,33.59,688.60,100.00,0.00,3170.54,1
180276,45,78,98,783,0,47,0,33.59,688.60,100.00,0.00,3170.54,1
181272,45,78,98,783,0,43,0,33.59,688.60,100.00,0.00,3170.54,1
182268,45,78,98,783,0,47,0,33.59,688.60,100.00,0.00,3170.54,1
183264,45,78,98,784,0,50,0,33.59,688.60,100.00,0.00,3170.54,1
184260,45,78,99,784,0,48,0,33.59,688.60,100.00,0.00,3170.54,1
185256,46,78,99,783,0,47,0,33.59,688.60,100.00,0.00,3170.54,1
186252,45,79,98,784,0,48,0,33.59,688.60,100.00,0.00,3170.54,1
187248,46,79,99,784,0,47,0,33.59,688.60,100.00,0.00,3170.54,1
188244,46,79,99,784,0,46,0,33.59,688.60,100.00,0.00,3170.54,1
189240,46,79,99,784,0,46,0,33.59,688.60,100.00,0.00,3170.54,1
190236,46,78,99,784,0,47,0,33.59,688.60,100.00,0.00,3170.54,1
191232,46,78,99,784,0,46,0,33.59,688.60,100.00,0.00,3170.54,1
192228,46,78,100,785,0,48,0,33.59,688.60,100.00,0.00,3170.54,1
193224,46,79,99,784,0,45,0,33.59,688.60,100.00,0.00,3170.54,1
194220,46,79,100,785,0,46,0,33.59,688.60,100.00,0.00,3170.54,1
195216,46,79,99,784,0,46,0,33.59,688.60,100.00,0.00,3170.54,1
196212,46,79,100,785,0,46,0,33.59,688.60,100.00,0.00,3170.54,1
197208,46,79,100,785,0,46,0,33.59,688.60,100.00,0.00,3170.54,1
198204,46,79,99,785,0,46,0,33.59,688.60,100.00,0.00,3170.54,1
199200,47,79,100,785,0,45,0,33.59,688.60,100.00,0.00,3170.54,1
200196,47,79,100,785,0,46,0,33.59,688.60,100.00,0.00,3170.54,1
201192,47,79,100,784,0,46,0,33.59,688.60,100.00,0.00,3170.54,1
202188,46,79,100,784,0,45,0,33.59,688.60,100.00,0.00,3170.54,1
203184,47,79,100,784,0,46,0,33.59,688.60,100.00,0.00,3170.54,1
204180,47,79,100,784,0,46,0,33.59,688.60,100.00,0.00,3170.54,1
205176,46,79,100,785,0,46,0,33.59,688.60,100.00,0.00,3170.54,1
206172,47,80,101,784,0,46,0,33.59,688.60,100.00,0.00,3170.54,1
207168,47,80,100,784,0,46,0,33.59,688.60,100.00,0.00,3170.54,1
208164,47,79,101,784,0,46,0,33.59,688.60,100.00,0.00,3170.54,1
209160,46,79,101,784,0,46,0,33.59,688.60,100.00,0.00,3170.54,1
210156,47,80,101,784,0,46,0,33.59,688.60,100.00,0.00,3170.54,1
211152,47,80,101,784,0,46,0,33.59,688.60,100.00,0.00,3170.54,1
212148,47,80,101,785,0,46,0,33.59,688.60,100.00,0.00,3170.54,1
213144,47,80,100,785,0,46,0,33.59,688.60,100.00,0.00,3170.54,1
214140,47,80,101,785,0,47,0,33.59,688.60,100.00,0.00,3170.54,1
215136,47,80,101,785,0,47,0,33.59,688.60,100.00,0.00,3170.54,1
216132,47,80,102,785,0,45,0,33.59,688.60,100.00,0.00,3170.54,1
217128,47,80,102,786,0,46,0,33.59,688.60,100.00,0.00,3170.54,1
218124,48,80,102,786,0,45,0,33.59,688.60,100.00,0.00,3170.54,1
219120,48,80,102,787,0,46,0,33.59,688.60,100.00,0.00,3170.54,1
220116,47,80,103,787,0,47,0,33.59,688.60,100.00,0.00,3170.54,1
221112,48,80,103,787,0,46,0,33.59,688.60,100.00,0.00,3170.54,1
222108,48,81,103,788,0,45,0,33.59,688.60,100.00,0.00,3170.54,1
223104,48,80,103,789,0,47,0,33.59,688.60,100.00,0.00,3170.54,1
224100,48,81,104,788,0,45,0,33.59,688.60,100.00,0.00,3170.54,1
225096,48,81,103,788,0,46,0,33.59,688.60,100.00,0.00,3170.54,1
226092,48,81,103,787,0,44,0,33.59,688.60,100.00,0.00,3170.54,1
227088,48,81,103,787,0,46,0,33.59,688.60,100.00,0.00,3170.54,1
228084,48,81,103,787,0,46,0,33.59,688.60,100.00,0.00,3170.54,1
229080,48,80,103,787,0,46,0,33.59,688.60,100.00,0.00,3170.54,1
230076,48,81,103,787,0,45,0,33.59,688.60,100.00,0.00,3170.54,1
231072,49,81,104,788,0,46,0,33.59,688.60,100.00,0.00,3170.54,1
232068,48,81,103,787,0,45,0,33.59,688.60,100.00,0.00,3170.54,1
233064,49,81,103,787,0,45,0,33.59,688.60,100.00,0.00,3170.54,1
234060,48,81,103,787,0,46,0,33.59,688.60,100.00,0.00,3170.54,1
235056,49,81,104,787,0,47,0,33.59,688.60,100.00,0.00,3170.54,1
236052,48,81,104,787,0,46,0,33.59,688.60,100.00,0.00,3170.54,1
237048,49,81,104,788,0,47,0,33.59,688.60,100.00,0.00,3170.54,1
238044,49,81,104,787,0,45,0,33.59,688.60,100.00,0.00,3170.54,1
239040,48,82,105,788,0,46,0,33.59,688.60,100.00,0.00,3170.54,1
240036,49,81,104,788,0,44,0,33.59,688.60,100.00,0.00,3170.54,1
241032,49,81,104,788,0,48,0,33.59,688.60,100.00,0.00,3170.54,1
242028,48,81,105,789,0,45,0,33.59,688.60,100.00,0.00,3170.54,1
243024,49,82,105,790,0,46,0,33.59,688.60,100.00,0.00,3170.54,1
244020,48,81,106,790,0,46,0,33.59,688.60,100.00,0.00,3170.54,1
245016,49,81,106,789,0,47,0,33.59,688.60,100.00,0.00,3170.54,1
246012,49,82,105,789,0,45,0,33.59,688.60,100.00,0.00,3170.54,1
247008,49,81,105,789,0,44,0,33.59,688.60,100.00,0.00,3170.54,1
248004,49,81,105,788,0,45,0,33.59,688.60,100.00,0.00,3170.54,1
249000,49,81,105,789,0,45,0,33.59,688.60,100.00,0.00,3170.54,1
249996,49,82,105,789,0,45,0,33.59,688.60,100.00,0.00,3170.54,1
250992,49,81,105,788,0,51,0,33.59,688.60,100.00,0.00,3170.54,1
251988,49,81,105,789,0,51,0,33.59,688.60,100.00,0.00,3170.54,1
252984,50,81,105,788,0,45,0,33.59,688.60,100.00,0.00,3170.54,1
253980,49,82,105,789,0,42,0,33.59,688.60,100.00,0.00,3170.54,1
254976,50,82,106,788,0,45,0,33.59,688.60,100.00,0.00,3170.54,1
255972,49,82,106,789,0,45,0,33.59,688.60,100.00,0.00,3170.54,1
256968,50,82,106,789,0,45,0,33.59,688.60,100.00,0.00,3170.54,1
257964,49,82,106,789,0,45,0,33.59,688.60,100.00,0.00,3170.54,1
258960,50,82,107,790,0,45,0,33.59,688.60,100.00,0.00,3170.54,1
259956,49,82,107,790,0,44,0,33.59,688.60,100.00,0.00,3170.54,1
260952,49,82,107,791,0,45,0,33.59,688.60,100.00,0.00,3170.54,1
261948,50,82,107,791,0,45,0,33.59,688.60,100.00,0.00,3170.54,1
262944,50,82,108,791,0,45,0,33.59,688.60,100.00,0.00,3170.54,1
263940,50,83,107,791,0,45,0,33.59,688.60,100.00,0.00,3170.54,1
264936,50,82,107,792,0,45,0,33.59,688.60,100.00,0.00,3170.54,1
265932,50,82,108,791,0,44,0,33.59,688.60,100.00,0.00,3170.54,1
266928,50,83,108,791,0,45,0,33.59,688.60,100.00,0.00,3170.54,1
267924,50,82,107,790,0,44,0,33.59,688.60,100.00,0.00,3170.54,1
268920,50,82,107,791,0,45,0,33.59,688.60,100.00,0.00,3170.54,1
269916,50,83,107,790,0,44,0,33.59,688.60,100.00,0.00,3170.54,1
270912,50,82,107,790,0,45,0,33.59,688.60,100.00,0.00,3170.54,1
271908,50,82,107,789,0,41,0,33.59,688.60,100.00,0.00,3170.54,1
272904,50,83,107,790,0,44,0,33.59,688.60,100.00,0.00,3170.54,1
273900,50,82,108,790,0,44,0,33.59,688.60,100.00,0.00,3170.54,1
274896,50,82,108,790,0,44,0,33.59,688.60,100.00,0.00,3170.54,1
275892,50,83,108,791,0,44,0,33.59,688.60,100.00,0.00,3170.54,1
276888,51,83,108,791,0,44,0,33.59,688.60,100.00,0.00,3170.54,1
277884,50,83,108,791,0,45,0,33.59,688.60,100.00,0.00,3170.54,1
278880,50,82,107,790,0,44,0,33.59,688.60,100.00,0.00,3170.54,1
279876,50,82,108,790,0,44,0,33.59,688.60,100.00,0.00,3170.54,1
280872,50,82,109,790,0,44,0,33.59,688.60,100.00,0.00,3170.54,1
281868,50,82,109,791,0,44,0,33.59,688.60,100.00,0.00,3170.54,1
282864,51,83,108,791,0,44,0,33.59,688.60,100.00,0.00,3170.54,1
283860,51,83,109,791,0,45,0,33.59,688.60,100.00,0.00,3170.54,1
284856,51,83,108,791,0,46,0,33.59,688.60,100.00,0.00,3170.54,1
285852,51,83,109,791,0,44,0,33.59,688.60,100.00,0.00,3170.54,1
286848,51,83,109,791,0,44,0,33.59,688.60,100.00,0.00,3170.54,1
287844,51,83,109,791,0,44,0,33.59,688.60,100.00,0.00,3170.54,1
288840,50,83,109,790,0,44,0,33.59,688.60,100.00,0.00,3170.54,1
289836,51,83,109,791,0,44,0,33.59,688.60,100.00,0.00,3170.54,1
290832,51,83,108,791,0,44,0,33.59,688.60,100.00,0.00,3170.54,1
291828,51,83,108,791,0,44,0,33.59,688.60,100.00,0.00,3170.54,1
292824,51,83,109,791,0,44,0,33.59,688.60,100.00,0.00,3170.54,1
293820,51,83,109,791,0,44,0,33.59,688.60,100.00,0.00,3170.54,1
294816,51,83,110,791,0,49,0,33.59,688.60,100.00,0.00,3170.54,1
295812,51,83,110,791,0,44,0,33.59,688.60,100.00,0.00,3170.54,1
296808,51,83,109,791,0,43,0,33.59,688.60,100.00,0.00,3170.54,1
297804,51,82,110,790,0,41,0,33.59,688.60,100.00,0.00,3170.54,1
298800,51,82,109,791,0,44,0,33.59,688.60,100.00,0.00,3170.54,1
299796,51,82,109,790,0,44,0,33.59,688.60,100.00,0.00,3170.54,1
300792,51,83,109,790,0,44,0,33.59,688.60,100.00,0.00,3170.54,1
301788,51,82,110,790,0,44,0,33.59,688.60,100.00,0.00,3170.54,1
302784,51,83,110,790,0,43,0,33.59,688.60,100.00,0.00,3170.54,1
303780,51,83,110,791,0,43,0,33.59,688.60,100.00,0.00,3170.54,1
304776,52,83,110,791,0,43,0,33.59,688.60,100.00,0.00,3170.54,1
305772,52,84,110,791,0,43,0,33.59,688.60,100.00,0.00,3170.54,1
306768,51,83,111,792,0,44,0,33.59,688.60,100.00,0.00,3170.54,1
307764,52,84,111,792,0,44,0,33.59,688.60,100.00,0.00,3170.54,1
308760,52,83,111,792,0,45,0,33.59,688.60,100.00,0.00,3170.54,1
309756,51,84,111,791,0,44,0,33.59,688.60,100.00,0.00,3170.54,1
310752,52,84,110,792,0,44,0,33.59,688.60,100.00,0.00,3170.54,1
311748,52,84,111,792,0,43,0,33.59,688.60,100.00,0.00,3170.54,1
312744,52,84,111,792,0,44,0,33.59,688.60,100.00,0.00,3170.54,1
313740,52,84,111,792,0,43,0,33.59,688.60,100.00,0.00,3170.54,1
314736,52,84,111,793,0,44,0,33.59,688.60,100.00,0.00,3170.54,1
315732,51,84,111,793,0,43,0,33.59,688.60,100.00,0.00,3170.54,1
316728,52,84,111,793,0,44,0,33.59,688.60,100.00,0.00,3170.54,1
317724,51,84,111,793,0,44,0,33.59,688.60,100.00,0.00,3170.54,1
318720,52,83,112,792,0,44,0,33.59,688.60,100.00,0.00,3170.54,1
319716,51,84,112,793,0,43,0,33.59,688.60,100.00,0.00,3170.54,1
320712,52,84,111,792,0,44,0,33.59,688.60,100.00,0.00,3170.54,1
321708,52,85,112,793,0,43,0,33.59,688.60,100.00,0.00,3170.54,1
322704,52,84,111,794,0,40,0,33.59,688.60,100.00,0.00,3170.54,1
323700,52,84,112,794,0,43,0,33.59,688.60,100.00,0.00,3170.54,1
324696,52,84,113,794,0,44,0,33.59,688.60,100.00,0.00,3170.54,1
325692,52,84,112,793,0,43,0,33.59,688.60,100.00,0.00,3170.54,1
326688,52,85,113,793,0,43,0,33.59,688.60,100.00,0.00,3170.54,1
327684,52,85,112,793,0,43,0,33.59,688.60,100.00,0.00,3170.54,1
328680,52,84,112,794,0,44,0,33.59,688.60,100.00,0.00,3170.54,1
329676,53,85,112,793,0,43,0,33.59,688.60,100.00,0.00,3170.54,1
330672,53,85,113,794,0,42,0,33.59,688.60,100.00,0.00,3170.54,1
331668,52,85,113,793,0,43,0,33.59,688.60,100.00,0.00,3170.54,1
332664,52,84,112,794,0,43,0,33.59,688.60,100.00,0.00,3170.54,1
333660,52,83,112,792,0,44,0,33.59,688.60,100.00,0.00,3170.54,1
334656,52,84,112,792,0,43,0,33.59,688.60,100.00,0.00,3170.54,1
335652,52,84,112,793,0,42,0,33.59,688.60,100.00,0.00,3170.54,1
336648,52,85,112,792,0,43,0,33.59,688.60,100.00,0.00,3170.54,1
337644,53,85,113,793,0,43,0,33.59,688.60,100.00,0.00,3170.54,1
338640,53,84,113,793,0,43,0,33.59,688.60,100.00,0.00,3170.54,1
339636,53,84,112,793,0,43,0,33.59,688.60,100.00,0.00,3170.54,1
340632,53,84,113,793,0,43,0,33.59,688.60,100.00,0.00,3170.54,1
341628,53,84,112,792,0,43,0,33.59,688.60,100.00,0.00,3170.54,1
342624,53,84,113,793,0,43,0,33.59,688.60,100.00,0.00,3170.54,1
343620,53,85,112,793,0,40,0,33.59,688.60,100.00,0.00,3170.54,1
344616,53,85,113,793,0,43,0,33.59,688.60,100.00,0.00,3170.54,1
345612,53,85,112,792,0,42,0,33.59,688.60,100.00,0.00,3170.54,1
346608,53,84,112,793,0,43,0,33.59,688.60,100.00,0.00,3170.54,1
347604,53,85,113,793,0,43,0,33.59,688.60,100.00,0.00,3170.54,1
348600,53,85,113,793,0,42,0,33.59,688.60,100.00,0.00,3170.54,1
349596,53,84,113,793,0,43,0,33.59,688.60,100.00,0.00,3170.54,1
350592,53,85,113,794,0,43,0,33.59,688.60,100.00,0.00,3170.54,1
351588,53,84,113,794,0,43,0,33.59,688.60,100.00,0.00,3170.54,1
352584,53,85,114,794,0,43,0,33.59,688.60,100.00,0.00,3170.54,1
353580,53,85,114,794,0,43,0,33.59,688.60,100.00,0.00,3170.54,1
354576,53,85,114,794,0,43,0,33.59,688.60,100.00,0.00,3170.54,1
355572,53,84,113,794,0,42,0,33.59,688.60,100.00,0.00,3170.54,1
356568,53,85,114,793,0,42,0,33.59,688.60,100.00,0.00,3170.54,1
357564,53,85,113,793,0,43,0,33.59,688.60,100.00,0.00,3170.54,1
358560,53,85,114,794,0,43,0,33.59,688.60,100.00,0.00,3170.54,1
359556,53,85,114,793,0,43,0,33.59,688.60,100.00,0.00,3170.54,1
360552,53,85,113,793,0,43,0,33.59,688.60,100.00,0.00,3170.54,1
361548,53,85,113,793,0,43,0,33.59,688.60,100.00,0.00,3170.54,1
362544,53,85,114,793,0,44,0,33.59,688.60,100.00,0.00,3170.54,1
363540,54,85,114,794,0,42,0,33.59,688.60,100.00,0.00,3170.54,1
364536,53,85,114,794,0,43,0,33.59,688.60,100.00,0.00,3170.54,1
365532,53,85,114,794,0,43,0,33.59,688.60,100.00,0.00,3170.54,1
366528,53,86,115,794,0,43,0,33.59,688.60,100.00,0.00,3170.54,1
367524,53,85,114,794,0,42,0,33.59,688.60,100.00,0.00,3170.54,1
368520,54,85,114,794,0,43,0,33.59,688.60,100.00,0.00,3170.54,1
369516,53,85,114,793,0,43,0,33.59,688.60,100.00,0.00,3170.54,1
370512,54,85,113,793,0,47,0,33.59,688.60,100.00,0.00,3170.54,1
371508,53,84,114,793,0,42,0,33.59,688.60,100.00,0.00,3170.54,1
372504,53,84,113,792,0,42,0,33.59,688.60,100.00,0.00,3170.54,1
373500,53,85,115,793,0,42,0,33.59,688.60,100.00,0.00,3170.54,1
374496,54,85,114,793,0,43,0,33.59,688.60,100.00,0.00,3170.54,1
375492,54,85,115,794,0,43,0,33.59,688.60,100.00,0.00,3170.54,1
376488,54,85,115,793,0,42,0,33.59,688.60,100.00,0.00,3170.54,1
377484,53,85,115,794,0,43,0,33.59,688.60,100.00,0.00,3170.54,1
378480,54,85,115,794,0,42,0,33.59,688.60,100.00,0.00,3170.54,1
379476,53,85,115,794,0,42,0,33.59,688.60,100.00,0.00,3170.54,1
380472,54,86,115,795,0,42,0,33.59,688.60,100.00,0.00,3170.54,1
381468,53,86,116,795,0,42,0,33.59,688.60,100.00,0.00,3170.54,1
382464,54,86,116,795,0,41,0,33.59,688.60,100.00,0.00,3170.54,1
383460,54,86,116,795,0,42,0,33.59,688.60,100.00,0.00,3170.54,1
384456,54,85,115,794,0,42,0,33.59,688.60,100.00,0.00,3170.54,1
385452,54,84,115,794,0,39,0,33.59,688.60,100.00,0.00,3170.54,1
386448,54,84,114,793,0,42,0,33.59,688.60,100.00,0.00,3170.54,1
387444,54,85,114,792,0,43,0,33.59,688.60,100.00,0.00,3170.54,1
388440,54,84,114,792,0,42,0,33.59,688.60,100.00,0.00,3170.54,1
389436,54,85,114,792,0,42,0,33.59,688.60,100.00,0.00,3170.54,1
390432,53,85,114,792,0,42,0,33.59,688.60,100.00,0.00,3170.54,1
391428,54,85,115,793,0,43,0,33.59,688.60,100.00,0.00,3170.54,1
392424,54,85,116,794,0,44,0,33.59,688.60,100.00,0.00,3170.54,1
393420,54,86,115,795,0,42,0,33.59,688.60,100.00,0.00,3170.54,1
394416,54,86,116,796,0,41,0,33.59,688.60,100.00,0.00,3170.54,1
395412,54,86,116,795,0,45,0,33.59,688.60,100.00,0.00,3170.54,1
396408,54,85,116,795,0,41,0,33.59,688.60,100.00,0.00,3170.54,1
397404,54,86,116,795,0,41,0,33.59,688.60,100.00,0.00,3170.54,1
398400,54,86,116,795,0,48,0,33.59,688.60,100.00,0.00,3170.54,1
399396,54,86,117,796,0,42,0,33.59,688.60,100.00,0.00,3170.54,1
400392,54,86,116,795,0,42,0,33.59,688.60,100.00,0.00,3170.54,1
401388,54,85,116,796,0,42,0,33.59,688.60,100.00,0.00,3170.54,1
402384,54,86,116,795,0,41,0,33.59,688.60,100.00,0.00,3170.54,1
403380,54,86,116,795,0,42,0,33.59,688.60,100.00,0.00,3170.54,1
404376,54,86,117,796,0,41,0,33.59,688.60,100.00,0.00,3170.54,1
405372,55,86,117,795,0,42,0,33.59,688.60,100.00,0.00,3170.54,1
406368,54,86,116,796,0,42,0,33.59,688.60,100.00,0.00,3170.54,1
407364,54,86,115,795,0,41,0,33.59,688.60,100.00,0.00,3170.54,1
408360,54,85,116,795,0,43,0,33.59,688.60,100.00,0.00,3170.54,1
409356,54,85,116,794,0,41,0,33.59,688.60,100.00,0.00,3170.54,1
410352,54,86,115,793,0,42,0,33.59,688.60,100.00,0.00,3170.54,1
411348,55,85,116,794,0,42,0,33.59,688.60,100.00,0.00,3170.54,1
412344,54,85,116,794,0,42,0,33.59,688.60,100.00,0.00,3170.54,1
413340,54,85,116,794,0,41,0,33.59,688.60,100.00,0.00,3170.54,1
414336,54,86,116,794,0,43,0,33.59,688.60,100.00,0.00,3170.54,1
415332,54,86,116,794,0,42,0,33.59,688.60,100.00,0.00,3170.54,1
416328,54,86,116,795,0,42,0,33.59,688.60,100.00,0.00,3170.54,1
417324,54,86,117,795,0,41,0,33.59,688.60,100.00,0.00,3170.54,1
418320,55,86,117,794,0,44,0,33.59,688.60,100.00,0.00,3170.54,1
419316,54,86,116,795,0,42,0,33.59,688.60,100.00,0.00,3170.54,1
420312,54,86,117,795,0,42,0,33.59,688.60,100.00,0.00,3170.54,1
421308,54,86,117,795,0,41,0,33.59,688.60,100.00,0.00,3170.54,1
422304,55,86,117,795,0,42,0,33.59,688.60,100.00,0.00,3170.54,1
423300,54,86,117,795,0,39,0,33.59,688.60,100.00,0.00,3170.54,1
424296,55,87,117,795,0,42,0,33.59,688.60,100.00,0.00,3170.54,1
425292,54,87,118,796,0,42,0,33.59,688.60,100.00,0.00,3170.54,1
426288,55,86,118,796,0,42,0,33.59,688.60,100.00,0.00,3170.54,1
427284,55,87,117,795,0,42,0,33.59,688.60,100.00,0.00,3170.54,1
428280,54,87,118,796,0,42,0,33.59,688.60,100.00,0.00,3170.54,1
429276,54,86,117,796,0,42,0,33.59,688.60,100.00,0.00,3170.54,1
430272,55,86,117,795,0,42,0,33.59,688.60,100.00,0.00,3170.54,1
431268,55,85,116,794,0,41,0,33.59,688.60,100.00,0.00,3170.54,1
432264,54,86,116,794,0,42,0,33.59,688.60,100.00,0.00,3170.54,1
433260,54,86,118,795,0,46,0,33.59,688.60,100.00,0.00,3170.54,1
434256,55,86,118,795,0,42,0,33.59,688.60,100.00,0.00,3170.54,1
435252,54,87,118,796,0,42,0,33.59,688.60,100.00,0.00,3170.54,1
436248,55,86,118,796,0,42,0,33.59,688.60,100.00,0.00,3170.54,1
437244,54,86,117,796,0,42,0,33.59,688.60,100.00,0.00,3170.54,1
438240,54,87,118,796,0,41,0,33.59,688.60,100.00,0.00,3170.54,1
439236,55,87,118,795,0,41,0,33.59,688.60,100.00,0.00,3170.54,1
440232,55,87,118,796,0,41,0,33.59,688.60,100.00,0.00,3170.54,1
441228,54,87,118,796,0,40,0,33.59,688.60,100.00,0.00,3170.54,1
442224,55,87,118,796,0,41,0,33.59,688.60,100.00,0.00,3170.54,1
443220,54,87,118,796,0,39,0,33.59,688.60,100.00,0.00,3170.54,1
444216,54,87,119,797,0,41,0,33.59,688.60,100.00,0.00,3170.54,1
445212,54,87,119,796,0,41,0,33.59,688.60,100.00,0.00,3170.54,1
446208,55,87,119,796,0,41,0,33.59,688.60,100.00,0.00,3170.54,1
447204,55,87,118,797,0,39,0,33.59,688.60,100.00,0.00,3170.54,1
448200,55,88,119,798,0,41,0,33.59,688.60,100.00,0.00,3170.54,1
449196,55,87,119,798,0,41,0,33.59,688.60,100.00,0.00,3170.54,1
450192,54,87,119,797,0,41,0,33.59,688.60,100.00,0.00,3170.54,1
451188,54,87,117,797,0,41,0,33.59,688.60,100.00,0.00,3170.54,1
452184,55,87,118,796,0,41,0,33.59,688.60,100.00,0.00,3170.54,1
453180,55,86,117,794,0,41,0,33.59,688.60,100.00,0.00,3170.54,1
454176,55,86,118,794,0,41,0,33.59,688.60,100.00,0.00,3170.54,1
455172,55,86,118,794,0,41,0,33.59,688.60,100.00,0.00,3170.54,1
456168,55,86,118,796,0,41,0,33.59,688.60,100.00,0.00,3170.54,1
457164,55,86,119,796,0,40,0,33.59,688.60,100.00,0.00,3170.54,1
458160,55,87,119,796,0,41,0,33.59,688.60,100.00,0.00,3170.54,1
459156,55,87,120,797,0,41,0,33.59,688.60,100.00,0.00,3170.54,1
460152,55,87,120,798,0,38,0,33.59,688.60,100.00,0.00,3170.54,1
461148,55,87,119,797,0,40,0,33.59,688.60,100.00,0.00,3170.54,1
462144,55,87,119,796,0,40,0,33.59,688.60,100.00,0.00,3170.54,1
463140,55,87,119,796,0,40,0,33.59,688.60,100.00,0.00,3170.54,1
464136,55,86,119,795,0,40,0,33.59,688.60,100.00,0.00,3170.54,1
465132,55,86,118,795,0,40,0,33.59,688.60,100.00,0.00,3170.54,1
466128,55,86,118,795,0,41,0,33.59,688.60,100.00,0.00,3170.54,1
467124,55,86,117,795,0,40,0,33.59,688.60,100.00,0.00,3170.54,1
468120,55,86,119,795,0,37,0,33.59,688.60,100.00,0.00,3170.54,1
469116,55,87,119,795,0,40,0,33.59,688.60,100.00,0.00,3170.54,1
470112,55,86,118,795,0,41,0,33.59,688.60,100.00,0.00,3170.54,1
471108,55,86,118,795,0,41,0,33.59,688.60,100.00,0.00,3170.54,1
472104,55,87,119,795,0,40,0,33.59,688.60,100.00,0.00,3170.54,1
473100,55,86,119,795,0,40,0,33.59,688.60,100.00,0.00,3170.54,1
474096,55,87,120,796,0,40,0,33.59,688.60,100.00,0.00,3170.54,1
475092,55,87,119,796,0,40,0,33.59,688.60,100.00,0.00,3170.54,1
476088,55,87,120,796,0,40,0,33.59,688.60,100.00,0.00,3170.54,1
477084,55,87,119,796,0,40,0,33.59,688.60,100.00,0.00,3170.54,1
478080,55,87,119,796,0,39,0,33.59,688.60,100.00,0.00,3170.54,1
479076,55,87,119,796,0,40,0,33.59,688.60,100.00,0.00,3170.54,1
480072,55,87,119,795,0,43,0,33.59,688.60,100.00,0.00,3170.54,1
481068,55,87,120,796,0,40,0,33.59,688.60,100.00,0.00,3170.54,1
482064,55,87,120,797,0,40,0,33.59,688.60,100.00,0.00,3170.54,1
483060,55,87,119,797,0,40,0,33.59,688.60,100.00,0.00,3170.54,1
484056,55,88,120,797,0,40,0,33.59,688.60,100.00,0.00,3170.54,1
485052,55,87,120,798,0,37,0,33.59,688.60,100.00,0.00,3170.54,1
486048,55,88,121,799,0,40,0,33.59,688.60,100.00,0.00,3170.54,1
487044,55,88,120,799,0,41,0,33.59,688.60,100.00,0.00,3170.54,1
488040,55,88,121,799,0,41,0,33.59,688.60,100.00,0.00,3170.54,1
489036,55,88,121,800,0,41,0,33.59,688.60,100.00,0.00,3170.54,1
490032,56,88,120,798,0,40,0,33.59,688.60,100.00,0.00,3170.54,1
491028,55,87,120,798,0,40,0,33.59,688.60,100.00,0.00,3170.54,1
492024,56,87,120,797,0,40,0,33.59,688.60,100.00,0.00,3170.54,1
493020,55,87,120,798,0,41,0,33.59,688.60,100.00,0.00,3170.54,1
494016,55,87,120,796,0,40,0,33.59,688.60,100.00,0.00,3170.54,1
495012,55,87,120,796,0,40,0,33.59,688.60,100.00,0.00,3170.54,1
496008,56,86,119,796,0,40,0,33.59,688.60,100.00,0.00,3170.54,1
497004,55,86,120,796,0,40,0,33.59,688.60,100.00,0.00,3170.54,1
498000,55,87,120,797,0,41,0,33.59,688.60,100.00,0.00,3170.54,1
498996,55,87,120,798,0,40,0,33.59,688.60,100.00,0.00,3170.54,1
499992,55,88,120,797,0,40,0,33.59,688.60,100.00,0.00,3170.54,1
500988,55,87,120,798,0,41,0,33.59,688.60,100.00,0.00,3170.54,1
501984,55,87,121,798,0,40,0,33.59,688.60,100.00,0.00,3170.54,1
502980,55,87,120,797,0,40,0,33.59,688.60,100.00,0.00,3170.54,1
503976,55,87,120,797,0,41,0,33.59,688.60,100.00,0.00,3170.54,1
504972,55,88,121,798,0,40,0,33.59,688.60,100.00,0.00,3170.54,1
505968,56,87,121,798,0,40,0,33.59,688.60,100.00,0.00,3170.54,1
506964,56,88,121,797,0,39,0,33.59,688.60,100.00,0.00,3170.54,1
507960,56,88,121,799,0,40,0,33.59,688.60,100.00,0.00,3170.54,1
508956,56,88,122,798,0,39,0,33.59,688.60,100.00,0.00,3170.54,1
509952,56,88,121,799,0,39,0,33.59,688.60,100.00,0.00,3170.54,1
510948,55,87,121,798,0,40,0,33.59,688.60,100.00,0.00,3170.54,1
511944,56,88,121,798,0,39,0,33.59,688.60,100.00,0.00,3170.54,1
512940,55,88,120,797,0,40,0,33.59,688.60,100.00,0.00,3170.54,1
513936,56,87,121,797,0,38,0,33.59,688.60,100.00,0.00,3170.54,1
514932,56,87,120,796,0,40,0,33.59,688.60,100.00,0.00,3170.54,1
515928,55,87,120,796,0,37,0,33.59,688.60,100.00,0.00,3170.54,1
516924,56,86,120,796,0,39,0,33.59,688.60,100.00,0.00,3170.54,1
517920,56,86,119,795,0,40,0,33.59,688.60,100.00,0.00,3170.54,1
518916,56,86,119,794,0,40,0,33.59,688.60,100.00,0.00,3170.54,1
519912,55,86,119,793,0,39,0,33.59,688.60,100.00,0.00,3170.54,1
520908,55,86,120,794,0,39,0,33.59,688.60,100.00,0.00,3170.54,1
521904,56,87,120,794,0,38,0,33.59,688.60,100.00,0.00,3170.54,1
522900,55,86,120,795,0,39,0,33.59,688.60,100.00,0.00,3170.54,1
523896,55,86,120,795,0,39,0,33.59,688.60,100.00,0.00,3170.54,1
524892,55,87,121,795,0,39,0,33.59,688.60,100.00,0.00,3170.54,1
525888,55,86,120,795,0,38,0,33.59,688.60,100.00,0.00,3170.54,1
526884,55,86,120,795,0,38,0,33.59,688.60,100.00,0.00,3170.54,1
527880,56,86,120,794,0,40,0,33.59,688.60,100.00,0.00,3170.54,1
528876,55,87,120,794,0,38,0,33.59,688.60,100.00,0.00,3170.54,1
529872,55,87,120,795,0,39,0,33.59,688.60,100.00,0.00,3170.54,1
530868,55,87,120,796,0,39,0,33.59,688.60,100.00,0.00,3170.54,1
531864,56,87,120,796,0,39,0,33.59,688.60,100.00,0.00,3170.54,1
532860,56,87,120,796,0,39,0,33.59,688.60,100.00,0.00,3170.54,1
533856,55,86,120,795,0,39,0,33.59,688.60,100.00,0.00,3170.54,1
534852,55,87,120,796,0,39,0,33.59,688.60,100.00,0.00,3170.54,1
535848,55,86,120,796,0,39,0,33.59,688.60,100.00,0.00,3170.54,1
536844,55,87,120,795,0,39,0,33.59,688.60,100.00,0.00,3170.54,1
537840,55,87,120,797,0,37,0,33.59,688.60,100.00,0.00,3170.54,1
538836,55,87,121,797,0,39,0,33.59,688.60,100.00,0.00,3170.54,1
539832,56,88,122,798,0,38,0,33.59,688.60,100.00,0.00,3170.54,1
540828,55,88,122,798,0,38,0,33.59,688.60,100.00,0.00,3170.54,1
541824,55,88,122,799,0,38,0,33.59,688.60,100.00,0.00,3170.54,1
542820,55,88,122,799,0,39,0,33.59,688.60,100.00,0.00,3170.54,1
543816,56,88,122,799,0,39,0,33.59,688.60,100.00,0.00,3170.54,1
544812,56,88,122,798,0,38,0,33.59,688.60,100.00,0.00,3170.54,1
545808,55,89,122,799,0,38,0,33.59,688.60,100.00,0.00,3170.54,1
546804,56,89,123,799,0,38,0,33.59,688.60,100.00,0.00,3170.54,1
547800,56,89,122,799,0,38,0,33.59,688.60,100.00,0.00,3170.54,1
548796,56,88,123,799,0,38,0,33.59,688.60,100.00,0.00,3170.54,1
549792,56,89,122,800,0,38,0,33.59,688.60,100.00,0.00,3170.54,1
550788,56,89,122,800,0,38,0,33.59,688.60,100.00,0.00,3170.54,1
551784,56,89,123,799,0,38,0,33.59,688.60,100.00,0.00,3170.54,1
552780,56,89,123,799,0,37,0,33.59,688.60,100.00,0.00,3170.54,1
553776,56,88,122,799,0,37,0,33.59,688.60,100.00,0.00,3170.54,1
554772,56,88,122,799,0,38,0,33.59,688.60,100.00,0.00,3170.54,1
555768,56,89,123,799,0,35,0,33.59,688.60,100.00,0.00,3170.54,1
556764,56,88,123,799,0,38,0,33.59,688.60,100.00,0.00,3170.54,1
557760,56,89,123,799,0,37,0,33.59,688.60,100.00,0.00,3170.54,1
558756,56,88,123,799,0,38,0,33.59,688.60,100.00,0.00,3170.54,1
559752,56,90,123,799,0,38,0,33.59,688.60,100.00,0.00,3170.54,1
560748,56,89,123,800,0,37,0,33.59,688.60,100.00,0.00,3170.54,1
561744,56,89,123,800,0,39,0,33.59,688.60,100.00,0.00,3170.54,1
562740,56,89,123,800,0,38,0,33.59,688.60,100.00,0.00,3170.54,1
563736,57,89,122,799,0,38,0,33.59,688.60,100.00,0.00,3170.54,1
564732,57,89,122,799,0,38,0,33.59,688.60,100.00,0.00,3170.54,1
565728,56,89,123,800,0,38,0,33.59,688.60,100.00,0.00,3170.54,1
566724,56,88,122,799,0,38,0,33.59,688.60,100.00,0.00,3170.54,1
567720,56,88,122,799,0,36,0,33.59,688.60,100.00,0.00,3170.54,1
568716,56,88,122,798,0,37,0,33.59,688.60,100.00,0.00,3170.54,1
569712,56,88,122,798,0,38,0,33.59,688.60,100.00,0.00,3170.54,1
570708,55,88,122,797,0,37,0,33.59,688.60,100.00,0.00,3170.54,1
571704,56,87,121,797,0,37,0,33.59,688.60,100.00,0.00,3170.54,1
572700,56,87,122,797,0,37,0,33.59,688.60,100.00,0.00,3170.54,1
573696,56,88,122,796,0,38,0,33.59,688.60,100.00,0.00,3170.54,1
574692,56,88,122,797,0,37,0,33.59,688.60,100.00,0.00,3170.54,1
575688,56,88,121,797,0,38,0,33.59,688.60,100.00,0.00,3170.54,1
576684,56,87,120,796,0,38,0,33.59,688.60,100.00,0.00,3170.54,1
577680,56,88,121,796,0,40,0,33.59,688.60,100.00,0.00,3170.54,1
578676,55,88,122,796,0,38,0,33.59,688.60,100.00,0.00,3170.54,1
579672,56,88,122,797,0,38,0,33.59,688.60,100.00,0.00,3170.54,1
580668,56,88,122,797,0,36,0,33.59,688.60,100.00,0.00,3170.54,1
581664,56,88,122,798,0,37,0,33.59,688.60,100.00,0.00,3170.54,1
582660,56,88,123,797,0,38,0,33.59,688.60,100.00,0.00,3170.54,1
583656,56,88,123,797,0,37,0,33.59,688.60,100.00,0.00,3170.54,1
584652,56,88,122,797,0,37,0,33.59,688.60,100.00,0.00,3170.54,1
585648,56,87,122,796,0,38,0,33.59,688.60,100.00,0.00,3170.54,1
586644,56,87,121,797,0,38,0,33.59,688.60,100.00,0.00,3170.54,1
587640,56,87,121,796,0,37,0,33.59,688.60,100.00,0.00,3170.54,1
588636,56,87,121,796,0,37,0,33.59,688.60,100.00,0.00,3170.54,1
589632,56,87,121,796,0,37,0,33.59,688.60,100.00,0.00,3170.54,1
590628,56,87,121,796,0,36,0,33.59,688.60,100.00,0.00,3170.54,1
591624,56,88,122,797,0,38,0,33.59,688.60,100.00,0.00,3170.54,1
592620,56,87,122,796,0,38,0,33.59,688.60,100.00,0.00,3170.54,1
593616,56,88,122,797,0,37,0,33.59,688.60,100.00,0.00,3170.54,1
594612,56,88,123,798,0,37,0,33.59,688.60,100.00,0.00,3170.54,1
595608,56,88,123,798,0,37,0,33.59,688.60,100.00,0.00,3170.54,1
596604,56,89,124,799,0,37,0,33.59,688.60,100.00,0.00,3170.54,1
597600,57,89,124,800,0,38,0,33.59,688.60,100.00,0.00,3170.54,1
598596,56,89,124,799,0,37,0,33.59,688.60,100.00,0.00,3170.54,1
599592,56,89,124,800,0,38,0,33.59,688.60,100.00,0.00,3170.54,1
0,55,89,123,799,0,34,0,33.59,688.60,100.00,0.00,3170.54,1
996,57,88,123,798,0,38,0,33.59,688.60,100.00,0.00,3170.54,1
1992,56,88,122,797,0,36,0,33.59,688.60,100.00,0.00,3170.54,1
2988,56,87,122,798,0,36,0,33.59,688.60,100.00,0.00,3170.54,1
3984,57,88,123,797,0,37,0,33.59,688.60,100.00,0.00,3170.54,1
4980,56,88,123,798,0,37,0,33.59,688.60,100.00,0.00,3170.54,1
5976,56,89,123,798,0,37,0,33.59,688.60,100.00,0.00,3170.54,1
6972,56,88,123,799,0,37,0,33.59,688.60,100.00,0.00,3170.54,1
7968,56,88,123,799,0,38,0,33.59,688.60,100.00,0.00,3170.54,1
8964,56,88,123,798,0,37,0,33.59,688.60,100.00,0.00,3170.54,1
9960,56,88,123,799,0,37,0,33.59,688.60,100.00,0.00,3170.54,1
10956,56,89,123,799,0,37,0,33.59,688.60,100.00,0.00,3170.54,1
11952,56,89,123,798,0,41,0,33.59,688.60,100.00,0.00,3170.54,1
12948,56,88,123,798,0,37,0,33.59,688.60,100.00,0.00,3170.54,1
13944,56,89,123,798,0,41,0,33.59,688.60,100.00,0.00,3170.54,1
14940,56,89,123,799,0,36,0,33.59,688.60,100.00,0.00,3170.54,1
15936,56,88,123,799,0,37,0,33.59,688.60,100.00,0.00,3170.54,1
16932,56,88,123,798,0,35,0,33.59,688.60,100.00,0.00,3170.54,1
17928,56,88,123,797,0,37,0,33.59,688.60,100.00,0.00,3170.54,1
18924,56,88,123,797,0,37,0,33.59,688.60,100.00,0.00,3170.54,1
19920,56,88,122,797,0,37,0,33.59,688.60,100.00,0.00,3170.54,1
20916,56,88,123,797,0,37,0,33.59,688.60,100.00,0.00,3170.54,1
21912,56,88,123,797,0,37,0,33.59,688.60,100.00,0.00,3170.54,1
22908,56,88,123,798,0,37,0,33.59,688.60,100.00,0.00,3170.54,1
23904,56,88,123,798,0,36,0,33.59,688.60,100.00,0.00,3170.54,1
24900,56,89,124,798,0,36,0,33.59,688.60,100.00,0.00,3170.54,1
25896,56,88,123,799,0,37,0,33.59,688.60,100.00,0.00,3170.54,1
26892,57,88,124,799,0,33,0,33.59,688.60,100.00,0.00,3170.54,1
27888,57,88,124,799,0,36,0,33.59,688.60,100.00,0.00,3170.54,1
28884,56,89,124,800,0,37,0,33.59,688.60,100.00,0.00,3170.54,1
29880,56,89,124,800,0,37,0,33.59,688.60,100.00,0.00,3170.54,1
30876,56,89,124,800,0,37,0,33.59,688.60,100.00,0.00,3170.54,1
31872,57,89,124,800,0,36,0,33.59,688.60,100.00,0.00,3170.54,1
32868,56,89,125,799,0,37,0,33.59,688.60,100.00,0.00,3170.54,1
33864,56,89,124,799,0,37,0,33.59,688.60,100.00,0.00,3170.54,1
34860,56,89,124,800,0,37,0,33.59,688.60,100.00,0.00,3170.54,1
35856,57,89,124,800,0,37,0,33.59,688.60,100.00,0.00,3170.54,1
36852,56,88,124,799,0,36,0,33.59,688.60,100.00,0.00,3170.54,1
37848,56,89,124,800,0,36,0,33.59,688.60,100.00,0.00,3170.54,1
38844,56,89,123,799,0,37,0,33.59,688.60,100.00,0.00,3170.54,1
39840,56,88,123,798,0,37,0,33.59,688.60,100.00,0.00,3170.54,1
40836,56,88,124,798,0,37,0,33.59,688.60,100.00,0.00,3170.54,1
41832,56,88,123,798,0,37,0,33.59,688.60,100.00,0.00,3170.54,1
42828,56,88,123,798,0,37,0,33.59,688.60,100.00,0.00,3170.54,1
43824,56,88,124,799,0,37,0,33.59,688.60,100.00,0.00,3170.54,1
44820,56,89,124,799,0,36,0,33.59,688.60,100.00,0.00,3170.54,1
45816,57,89,124,800,0,37,0,33.59,688.60,100.00,0.00,3170.54,1
46812,56,89,124,800,0,37,0,33.59,688.60,100.00,0.00,3170.54,1
47808,57,89,125,800,0,36,0,33.59,688.60,100.00,0.00,3170.54,1
48804,56,89,124,799,0,36,0,33.59,688.60,100.00,0.00,3170.54,1
49800,56,89,124,800,0,37,0,33.59,688.60,100.00,0.00,3170.54,1
50796,56,90,125,801,0,37,0,33.59,688.60,100.00,0.00,3170.54,1
51792,57,90,126,801,0,37,0,33.59,688.60,100.00,0.00,3170.54,1
52788,57,90,126,802,0,36,0,33.59,688.60,100.00,0.00,3170.54,1
53784,56,90,125,802,0,38,0,33.59,688.60,100.00,0.00,3170.54,1
54780,56,90,126,801,0,36,0,33.59,688.60,100.00,0.00,3170.54,1
55776,56,90,125,801,0,37,0,33.59,688.60,100.00,0.00,3170.54,1
56772,56,89,125,801,0,36,0,33.59,688.60,100.00,0.00,3170.54,1
57768,57,89,124,800,0,36,0,33.59,688.60,100.00,0.00,3170.54,1
58764,57,89,124,800,0,36,0,33.59,688.60,100.00,0.00,3170.54,1
59760,57,89,124,800,0,36,0,33.59,688.60,100.00,0.00,3170.54,1
60756,57,89,124,799,0,36,0,33.59,688.60,100.00,0.00,3170.54,1
61752,57,89,124,800,0,34,0,33.59,688.60,100.00,0.00,3170.54,1
62748,56,89,125,800,0,36,0,33.59,688.60,100.00,0.00,3170.54,1
63744,57,90,125,800,0,36,0,33.59,688.60,100.00,0.00,3170.54,1
64740,57,90,125,800,0,36,0,33.59,688.60,100.00,0.00,3170.54,1
65736,57,89,125,801,0,36,0,33.59,688.60,100.00,0.00,3170.54,1
66732,57,89,125,801,0,36,0,33.59,688.60,100.00,0.00,3170.54,1
67728,57,90,125,800,0,36,0,33.59,688.60,100.00,0.00,3170.54,1
68724,57,90,125,800,0,36,0,33.59,688.60,100.00,0.00,3170.54,1
69720,57,89,124,800,0,35,0,33.59,688.60,100.00,0.00,3170.54,1
70716,57,89,124,801,0,35,0,33.59,688.60,100.00,0.00,3170.54,1
71712,57,89,125,800,0,37,0,33.59,688.60,100.00,0.00,3170.54,1
72708,57,90,124,802,0,36,0,33.59,688.60,100.00,0.00,3170.54,1
73704,57,90,125,801,0,36,0,33.59,688.60,100.00,0.00,3170.54,1
74700,56,90,125,800,0,36,0,33.59,688.60,100.00,0.00,3170.54,1
75696,57,90,125,801,0,36,0,33.59,688.60,100.00,0.00,3170.54,1
76692,57,90,126,801,0,33,0,33.59,688.60,100.00,0.00,3170.54,1
77688,57,90,126,801,0,35,0,33.59,688.60,100.00,0.00,3170.54,1
78684,57,90,126,802,0,36,0,33.59,688.60,100.00,0.00,3170.54,1
79680,57,91,126,801,0,36,0,33.59,688.60,100.00,0.00,3170.54,1
80676,57,91,126,801,0,36,0,33.59,688.60,100.00,0.00,3170.54,1
81672,57,91,126,802,0,36,0,33.59,688.60,100.00,0.00,3170.54,1
82668,57,90,126,802,0,35,0,33.59,688.60,100.00,0.00,3170.54,1
83664,57,91,126,802,0,36,0,33.59,688.60,100.00,0.00,3170.54,1
84660,57,90,126,801,0,35,0,33.59,688.60,100.00,0.00,3170.54,1
85656,57,90,126,802,0,35,0,33.59,688.60,100.00,0.00,3170.54,1
86652,57,90,126,803,0,36,0,33.59,688.60,100.00,0.00,3170.54,1
87648,57,90,126,802,0,35,0,33.59,688.60,100.00,0.00,3170.54,1
88644,57,91,126,802,0,35,0,33.59,688.60,100.00,0.00,3170.54,1
89640,57,90,126,802,0,36,0,33.59,688.60,100.00,0.00,3170.54,1
90636,57,91,127,802,0,35,0,33.59,688.60,100.00,0.00,3170.54,1
91632,57,91,126,802,0,35,0,33.59,688.60,100.00,0.00,3170.54,1
92628,57,91,126,801,0,36,0,33.59,688.60,100.00,0.00,3170.54,1
93624,57,90,126,803,0,36,0,33.59,688.60,100.00,0.00,3170.54,1
94620,57,90,127,802,0,35,0,33.59,688.60,100.00,0.00,3170.54,1
95616,57,91,126,802,0,35,0,33.59,688.60,100.00,0.00,3170.54,1
96612,57,90,127,802,0,35,0,33.59,688.60,100.00,0.00,3170.54,1
97608,57,91,127,803,0,36,0,33.59,688.60,100.00,0.00,3170.54,1
98604,58,91,127,803,0,35,0,33.59,688.60,100.00,0.00,3170.54,1
99600,57,92,127,803,0,35,0,33.59,688.60,100.00,0.00,3170.54,1
100596,57,91,127,803,0,35,0,33.59,688.60,100.00,0.00,3170.54,1
101592,57,92,127,803,0,35,0,33.59,688.60,100.00,0.00,3170.54,1
102588,57,91,127,803,0,35,0,33.59,688.60,100.00,0.00,3170.54,1
103584,57,91,127,803,0,35,0,33.59,688.60,100.00,0.00,3170.54,1
104580,58,91,126,803,0,35,0,33.59,688.60,100.00,0.00,3170.54,1
105576,58,91,127,803,0,35,0,33.59,688.60,100.00,0.00,3170.54,1
106572,57,91,127,802,0,35,0,33.59,688.60,100.00,0.00,3170.54,1
107568,58,91,127,802,0,35,0,33.59,688.60,100.00,0.00,3170.54,1
108564,58,92,126,803,0,34,0,33.59,688.60,100.00,0.00,3170.54,1
109560,57,92,127,803,0,34,0,33.59,688.60,100.00,0.00,3170.54,1
110556,58,92,127,803,0,35,0,33.59,688.60,100.00,0.00,3170.54,1
111552,58,92,126,802,0,39,0,33.59,688.60,100.00,0.00,3170.54,1
112548,57,91,127,803,0,35,0,33.59,688.60,100.00,0.00,3170.54,1
113544,58,91,127,803,0,35,0,33.59,688.60,100.00,0.00,3170.54,1
114540,58,91,128,803,0,35,0,33.59,688.60,100.00,0.00,3170.54,1
115536,57,92,128,804,0,34,0,33.59,688.60,100.00,0.00,3170.54,1
116532,57,92,128,803,0,35,0,33.59,688.60,100.00,0.00,3170.54,1
117528,58,92,128,804,0,34,0,33.59,688.60,100.00,0.00,3170.54,1
118524,58,92,128,804,0,35,0,33.59,688.60,100.00,0.00,3170.54,1
119520,58,92,128,805,0,35,0,33.59,688.60,100.00,0.00,3170.54,1
120516,58,92,128,804,0,36,0,33.59,688.60,100.00,0.00,3170.54,1
121512,58,92,128,804,0,35,0,33.59,688.60,100.00,0.00,3170.54,1
122508,58,92,128,804,0,34,0,33.59,688.60,100.00,0.00,3170.54,1
123504,58,92,128,804,0,34,0,33.59,688.60,100.00,0.00,3170.54,1
124500,58,92,127,804,0,35,0,33.59,688.60,100.00,0.00,3170.54,1
125496,58,92,129,805,0,34,0,33.59,688.60,100.00,0.00,3170.54,1
