timestamp,NO2,C2H50H,VOC,CO,Alcohol,LPG,Benzene,Temperature,Pressure,Humidity,Gas_Resistance,Altitude,State7.88,1
489036,30,66,67,805,1,17,0,25.43,1016.05,39.32,201.26,7.80,1
490032,31,65,67,804,1,17,0,25.43,1016.06,39.34,201.50,7.88,1
491028,30,66,66,804,1,17,0,25.43,1016.05,39.36,201.87,7.88,1
492024,30,66,67,804,1,17,0,25.43,1016.05,39.36,202.12,7.97,1
493020,30,65,67,804,1,15,0,25.43,1016.04,39.37,203.24,7.97,1
494016,31,66,67,803,1,16,0,25.43,1016.04,39.38,202.61,7.88,1
495012,31,66,67,803,1,17,0,25.43,1016.05,39.39,204.49,7.80,1
496008,31,66,66,803,1,17,0,25.43,1016.06,39.39,203.61,7.80,1
497004,31,66,66,803,1,16,0,25.43,1016.06,39.39,205.64,7.88,1
498000,30,65,66,802,1,17,0,25.43,1016.05,39.38,204.24,7.88,1
498996,30,66,67,802,1,18,0,25.43,1016.05,39.39,205.13,7.97,1
499992,30,66,67,802,1,16,0,25.43,1016.04,39.39,203.61,7.88,1
500988,30,66,67,803,1,16,0,25.43,1016.05,39.38,204.75,7.88,1
501984,31,66,67,802,1,18,0,25.44,1016.05,39.38,204.37,7.88,1
502980,30,66,67,802,1,17,0,25.44,1016.05,39.38,205.64,7.88,1
503976,30,66,67,802,1,17,0,25.44,1016.05,39.37,205.38,7.88,1
504972,30,65,66,801,1,17,0,25.44,1016.05,39.38,205.51,7.88,1
505968,30,66,66,802,1,17,0,25.44,1016.05,39.36,205.89,7.80,1
506964,30,66,66,802,1,18,0,25.44,1016.06,39.35,203.86,7.88,1
507960,30,66,67,801,1,17,0,25.44,1016.05,39.36,205.64,7.80,1
508956,30,66,66,800,1,17,0,25.44,1016.06,39.35,206.28,7.88,1
509952,30,65,66,800,1,17,0,25.44,1016.05,39.34,206.41,7.88,1
510948,31,66,66,801,1,17,0,25.44,1016.05,39.35,206.15,7.88,1
511944,31,66,67,800,1,17,0,25.44,1016.05,39.34,207.97,7.97,1
512940,30,65,66,800,1,17,0,25.44,1016.04,39.35,207.18,7.88,1
513936,30,66,66,800,1,17,0,25.44,1016.05,39.35,206.93,7.97,1
514932,30,65,66,801,2,18,0,25.44,1016.04,39.37,208.10,7.97,1
515928,31,65,66,802,1,17,0,25.44,1016.04,39.36,208.23,7.88,1
516924,30,66,67,802,1,17,0,25.44,1016.05,39.34,207.57,7.88,1
517920,30,66,67,802,1,17,0,25.44,1016.05,39.33,207.44,7.80,1
518916,30,66,67,802,1,17,0,25.44,1016.06,39.32,207.71,7.80,1
519912,30,66,66,803,1,17,0,25.44,1016.06,39.34,207.71,7.80,1
520908,30,66,67,803,1,17,0,25.44,1016.06,39.31,208.75,7.80,1
521904,30,65,66,804,1,17,0,25.44,1016.06,39.30,208.23,7.88,1
522900,30,66,67,803,1,16,0,25.44,1016.05,39.30,208.89,7.80,1
523896,30,66,67,805,1,17,0,25.44,1016.06,39.31,209.41,7.72,1
524892,30,66,67,804,1,17,0,25.44,1016.07,39.31,209.02,7.72,1
525888,30,66,66,805,1,17,0,25.44,1016.07,39.32,209.28,7.80,1
526884,30,66,66,804,1,17,0,25.44,1016.06,39.31,207.97,7.80,1
527880,30,66,66,805,1,17,0,25.44,1016.06,39.30,208.49,7.80,1
528876,30,66,66,805,1,17,0,25.44,1016.06,39.29,209.02,7.80,1
529872,30,66,66,805,1,17,0,25.44,1016.06,39.28,209.28,7.80,1
530868,30,66,66,806,1,17,0,25.44,1016.06,39.27,209.28,7.80,1
531864,30,66,66,806,1,16,0,25.44,1016.06,39.25,210.88,7.72,1
532860,30,66,66,806,1,17,0,25.45,1016.07,39.27,210.08,7.80,1
533856,30,66,67,807,1,17,0,25.45,1016.06,39.27,210.62,7.80,1
534852,30,66,66,807,1,17,0,25.45,1016.06,39.26,210.35,7.72,1
535848,30,66,66,807,1,16,0,25.45,1016.07,39.27,210.62,7.72,1
536844,30,66,66,808,1,17,0,25.45,1016.07,39.28,212.24,7.72,1
537840,30,66,66,807,1,16,0,25.45,1016.07,39.28,211.56,7.72,1
538836,30,66,67,807,1,17,0,25.45,1016.07,39.28,212.24,7.63,1
539832,30,66,66,807,1,16,0,25.45,1016.08,39.29,210.75,7.63,1
540828,30,66,66,807,1,17,0,25.45,1016.08,39.29,211.15,7.63,1
541824,30,66,67,808,1,16,0,25.45,1016.08,39.30,211.42,7.63,1
542820,30,66,67,807,1,17,0,25.45,1016.08,39.30,211.15,7.63,1
543816,30,66,66,809,1,17,0,25.45,1016.08,39.27,211.02,7.63,1
544812,30,66,67,808,1,17,0,25.45,1016.08,39.27,211.42,7.63,1
545808,30,67,67,810,1,17,0,25.45,1016.08,39.27,210.88,7.63,1
546804,30,66,67,810,1,16,0,25.45,1016.08,39.28,212.51,7.63,1
547800,30,67,67,811,1,17,0,25.45,1016.08,39.30,212.10,7.55,1
548796,30,67,67,811,1,16,0,25.45,1016.09,39.32,211.15,7.55,1
549792,30,67,67,811,1,17,0,25.45,1016.09,39.34,211.42,7.55,1
550788,30,67,67,812,1,16,0,25.45,1016.09,39.35,210.35,7.63,1
551784,30,67,67,812,1,17,0,25.45,1016.08,39.37,212.51,7.63,1
552780,30,67,67,812,1,17,0,25.45,1016.08,39.38,211.15,7.72,1
553776,30,67,67,812,1,16,0,25.45,1016.07,39.38,212.24,7.63,1
554772,30,67,67,812,1,16,0,25.45,1016.08,39.40,212.24,7.63,1
555768,30,67,66,812,1,17,0,25.45,1016.08,39.41,212.10,7.55,1
556764,30,67,66,813,1,17,0,25.45,1016.09,39.42,212.10,7.55,1
557760,30,66,67,813,1,17,0,25.45,1016.09,39.41,211.56,7.55,1
558756,30,66,67,813,1,17,0,25.45,1016.09,39.42,211.15,7.63,1
559752,30,66,67,813,1,17,0,25.45,1016.08,39.44,211.56,7.55,1
560748,30,67,67,814,1,17,0,25.45,1016.09,39.44,209.95,7.55,1
561744,30,67,67,813,1,17,0,25.45,1016.09,39.45,211.56,7.55,1
562740,30,67,68,814,1,17,0,25.45,1016.09,39.46,211.97,7.55,1
563736,30,67,67,815,1,17,0,25.46,1016.09,39.47,211.56,7.55,1
564732,30,67,68,815,1,17,0,25.46,1016.09,39.48,211.97,7.55,1
565728,30,68,68,815,1,17,0,25.46,1016.09,39.49,211.83,7.47,1
566724,30,67,68,816,1,17,0,25.46,1016.10,39.47,212.92,7.55,1
567720,30,67,68,817,1,17,0,25.46,1016.09,39.47,213.06,7.63,1
568716,30,67,68,817,1,17,0,25.46,1016.08,39.50,212.24,7.63,1
569712,30,67,68,818,1,17,0,25.46,1016.08,39.49,212.65,7.55,1
570708,30,68,68,817,1,17,0,25.46,1016.09,39.51,211.15,7.63,1
571704,30,67,67,817,1,17,0,25.46,1016.08,39.54,211.69,7.63,1
572700,30,67,68,816,1,17,0,25.46,1016.08,39.58,211.69,7.55,1
573696,30,67,68,817,1,17,0,25.46,1016.09,39.62,211.15,7.63,1
574692,30,67,68,817,1,16,0,25.46,1016.08,39.66,210.48,7.55,1
575688,30,67,68,816,1,17,0,25.46,1016.09,39.68,211.42,7.55,1
576684,30,67,68,817,1,17,0,25.46,1016.09,39.68,210.88,7.55,1
577680,30,67,67,816,1,17,0,25.46,1016.09,39.67,212.51,7.55,1
578676,30,67,68,817,1,17,0,25.46,1016.09,39.66,210.88,7.47,1
579672,30,67,68,817,1,17,0,25.46,1016.10,39.65,210.75,7.55,1
580668,30,67,67,817,1,17,0,25.46,1016.09,39.65,210.48,7.55,1
581664,30,68,68,817,1,17,0,25.46,1016.09,39.68,213.34,7.47,1
582660,30,67,68,818,1,17,0,25.46,1016.10,39.70,211.02,7.63,1
583656,30,68,68,818,1,17,0,25.46,1016.08,39.72,210.88,7.55,1
584652,30,68,68,818,1,17,0,25.46,1016.09,39.73,211.83,7.55,1
585648,30,68,68,819,1,17,0,25.46,1016.09,39.74,211.29,7.55,1
586644,30,68,68,820,1,17,0,25.46,1016.09,39.72,211.42,7.63,1
587640,30,68,69,820,1,17,0,25.46,1016.08,39.71,211.97,7.63,1
588636,30,68,68,820,1,17,0,25.46,1016.08,39.72,211.42,7.63,1
589632,30,68,69,820,1,18,0,25.46,1016.08,39.73,210.88,7.63,1
590628,30,68,68,821,1,17,0,25.46,1016.08,39.73,211.29,7.55,1
591624,30,68,69,821,1,17,0,25.46,1016.09,39.76,211.42,7.55,1
592620,30,67,68,821,1,17,0,25.46,1016.09,39.78,211.15,7.63,1
593616,30,68,68,820,1,17,0,25.46,1016.08,39.80,211.42,7.55,1
594612,30,67,68,820,1,17,0,25.46,1016.09,39.80,210.88,7.55,1
595608,30,68,68,820,1,18,0,25.46,1016.09,39.81,210.62,7.55,1
596604,30,67,67,820,1,17,0,25.46,1016.09,39.78,211.69,7.47,1
597600,30,68,68,820,1,17,0,25.46,1016.10,39.77,211.69,7.47,1
598596,30,68,68,820,1,18,0,25.46,1016.10,39.76,211.29,7.55,1
599592,30,68,68,820,1,18,0,25.46,1016.09,39.73,211.69,7.63,1
0,29,68,68,819,2,19,0,25.46,1016.08,39.73,212.37,7.63,1
996,30,68,68,820,2,19,0,25.38,1016.08,39.88,203.24,7.72,1
1992,30,68,68,821,2,19,0,25.37,1016.07,40.00,204.11,7.63,1
2988,30,68,68,821,2,19,0,25.38,1016.08,40.07,204.24,7.63,1
3984,30,68,68,822,1,18,0,25.39,1016.08,40.11,204.24,7.63,1
4980,30,68,68,821,2,18,0,25.39,1016.08,40.12,205.89,7.63,1
5976,29,68,69,822,2,20,0,25.40,1016.08,40.11,206.02,7.63,1
6972,29,69,69,823,1,18,0,25.41,1016.08,40.09,206.15,7.63,1
7968,30,68,68,822,2,19,0,25.42,1016.08,40.05,206.54,7.63,1
8964,30,68,69,823,3,22,0,25.42,1016.08,40.05,207.31,7.55,1
9960,30,69,69,824,2,19,0,25.43,1016.09,40.05,206.79,7.55,1
10956,30,68,69,824,2,19,0,25.43,1016.09,40.06,206.28,7.55,1
11952,30,68,69,825,2,19,0,25.43,1016.09,40.06,207.71,7.55,1
12948,30,69,69,825,3,18,0,25.44,1016.09,40.11,206.41,7.55,1
13944,29,69,69,825,3,21,0,25.44,1016.09,40.09,207.97,7.47,1
14940,30,69,69,825,2,20,0,25.44,1016.10,40.11,207.97,7.47,1
15936,30,69,69,826,2,20,0,25.44,1016.10,40.12,207.71,7.55,1
16932,30,69,69,827,2,18,0,25.44,1016.09,40.12,207.05,7.55,1
17928,30,69,69,826,2,18,0,25.44,1016.09,40.12,206.79,7.55,1
18924,30,69,70,826,2,18,0,25.44,1016.09,40.12,207.31,7.55,1
19920,30,69,69,826,1,18,0,25.45,1016.09,40.12,207.97,7.63,1
20916,30,69,69,826,2,18,0,25.44,1016.08,40.14,206.93,7.55,1
21912,30,68,69,826,2,18,0,25.45,1016.09,40.15,206.79,7.63,1
22908,30,69,69,826,3,22,0,25.45,1016.08,40.17,206.54,7.63,1
23904,30,68,69,826,3,23,0,25.45,1016.08,40.22,207.44,7.55,1
24900,30,68,69,826,3,22,0,25.45,1016.09,40.23,206.67,7.55,1
25896,29,69,68,825,3,23,0,25.45,1016.09,40.26,207.05,7.47,1
26892,30,68,68,825,3,24,0,25.45,1016.10,40.29,206.79,7.55,1
27888,30,68,69,825,3,22,0,25.44,1016.09,40.33,205.89,7.55,1
28884,29,68,69,825,5,22,0,25.44,1016.09,40.39,206.15,7.55,1
29880,29,69,69,825,2,18,0,25.44,1016.09,40.42,206.93,7.55,1
30876,30,69,69,826,2,19,0,25.44,1016.09,40.40,206.41,7.63,1
31872,30,68,70,827,1,16,0,25.44,1016.08,40.38,207.18,7.55,1
32868,30,69,70,827,1,16,0,25.45,1016.09,40.37,206.93,7.55,1
33864,30,69,70,827,2,18,0,25.45,1016.09,40.36,206.67,7.55,1
34860,30,69,70,827,1,17,0,25.45,1016.09,40.35,207.18,7.55,1
35856,30,69,70,828,1,17,0,25.45,1016.09,40.36,206.93,7.55,1
36852,30,70,69,829,1,18,0,25.45,1016.09,40.34,207.18,7.47,1
37848,30,69,70,829,1,17,0,25.45,1016.10,40.37,207.57,7.47,1
38844,31,69,70,829,1,18,0,25.45,1016.10,40.40,206.54,7.55,1
39840,30,70,69,829,2,19,0,25.45,1016.09,40.40,207.31,7.47,1
40836,30,69,70,829,2,19,0,25.45,1016.10,40.40,205.64,7.47,1
41832,30,69,70,829,2,18,0,25.45,1016.10,40.40,205.64,7.47,1
42828,30,69,70,830,2,19,0,25.45,1016.10,40.40,207.44,7.47,1
43824,30,69,70,829,2,19,0,25.45,1016.10,40.40,206.28,7.47,1
44820,30,69,70,829,2,19,0,25.45,1016.10,40.40,206.54,7.55,1
45816,30,69,70,829,1,18,0,25.45,1016.09,40.41,207.44,7.55,1
46812,30,69,69,830,2,18,0,25.45,1016.09,40.44,205.64,7.47,1
47808,30,69,70,829,2,19,0,25.45,1016.10,40.46,206.02,7.47,1
48804,30,69,70,829,2,19,0,25.45,1016.10,40.45,205.89,7.47,1
49800,30,69,70,829,2,19,0,25.45,1016.10,40.43,205.89,7.47,1
50796,30,69,70,829,2,19,0,25.45,1016.10,40.40,206.54,7.55,1
51792,30,69,70,829,2,18,0,25.45,1016.09,40.38,206.79,7.47,1
52788,30,69,70,829,2,18,0,25.45,1016.10,40.36,206.67,7.47,1
53784,30,69,70,829,2,19,0,25.45,1016.10,40.37,206.54,7.47,1
54780,30,69,70,829,2,19,0,25.45,1016.10,40.38,205.77,7.47,1
55776,30,69,70,829,2,18,0,25.45,1016.10,40.39,205.89,7.39,1
56772,30,69,70,829,1,19,0,25.45,1016.11,40.41,206.15,7.47,1
57768,31,69,70,830,2,19,0,25.45,1016.10,40.43,206.79,7.39,1
58764,30,69,70,830,2,19,0,25.45,1016.11,40.40,205.89,7.39,1
59760,30,69,70,830,2,19,0,25.45,1016.11,40.39,207.71,7.30,1
60756,30,68,70,830,2,19,0,25.45,1016.12,40.40,206.93,7.30,1
61752,30,69,70,830,2,21,0,25.45,1016.12,40.40,207.31,7.30,1
62748,30,69,70,830,2,19,0,25.45,1016.12,40.41,205.64,7.30,1
63744,30,69,70,829,2,20,0,25.45,1016.12,40.43,206.15,7.39,1
64740,30,69,70,830,2,20,0,25.45,1016.11,40.43,205.89,7.39,1
65736,30,69,70,830,2,21,0,25.45,1016.11,40.46,206.67,7.39,1
66732,30,69,70,830,3,21,0,25.45,1016.11,40.49,206.54,7.30,1
67728,30,69,70,830,3,22,0,25.45,1016.12,40.53,204.75,7.30,1
68724,30,69,70,830,3,22,0,25.45,1016.12,40.58,204.87,7.39,1
69720,30,69,70,830,3,22,0,25.45,1016.11,40.61,204.87,7.30,1
70716,30,69,70,831,3,23,0,25.45,1016.12,40.62,206.15,7.30,1
71712,30,69,70,831,3,23,0,25.45,1016.12,40.63,204.49,7.30,1
72708,30,70,70,831,3,23,0,25.45,1016.12,40.63,205.13,7.22,1
73704,30,69,70,831,4,24,0,25.45,1016.13,40.65,205.64,7.30,1
74700,30,69,70,832,5,24,0,25.44,1016.12,40.66,204.62,7.22,1
75696,30,69,70,832,4,23,0,25.44,1016.13,40.67,205.25,7.22,1
76692,29,69,70,831,7,27,0,25.44,1016.13,40.68,205.00,7.30,1
77688,30,70,71,832,4,23,0,25.44,1016.12,40.73,205.64,7.30,1
78684,29,70,70,832,4,26,0,25.44,1016.12,40.79,204.62,7.22,1
79680,29,70,70,832,4,22,0,25.44,1016.13,40.86,204.62,7.30,1
80676,30,70,70,833,3,20,0,25.44,1016.12,40.90,204.11,7.30,1
81672,30,69,71,832,3,22,0,25.44,1016.12,40.92,203.49,7.39,1
82668,30,70,70,833,3,22,0,25.44,1016.11,40.93,204.87,7.30,1
83664,30,69,71,832,3,21,0,25.44,1016.12,40.93,204.24,7.30,1
84660,30,69,70,831,3,21,0,25.44,1016.12,40.94,204.87,7.30,1
85656,30,69,70,832,3,21,0,25.44,1016.12,40.95,203.11,7.30,1
86652,30,69,71,831,4,21,0,25.44,1016.12,40.93,204.87,7.39,1
87648,30,69,71,832,3,21,0,25.44,1016.11,40.92,204.11,7.30,1
88644,30,70,70,832,3,22,0,25.44,1016.12,40.92,203.61,7.39,1
89640,30,69,70,832,3,21,0,25.44,1016.11,40.90,203.11,7.39,1
90636,29,69,71,831,3,21,0,25.44,1016.11,40.89,203.86,7.30,1
91632,30,70,70,832,3,23,0,25.44,1016.12,40.89,203.99,7.30,1
92628,30,69,71,831,3,21,0,25.44,1016.12,40.89,203.24,7.30,1
93624,30,69,70,832,3,21,0,25.44,1016.12,40.89,203.11,7.30,1
94620,30,69,71,831,3,22,0,25.44,1016.12,40.89,204.37,7.22,1
95616,29,69,71,831,3,21,0,25.44,1016.13,40.89,204.37,7.22,1
96612,30,69,70,831,3,21,0,25.44,1016.13,40.89,204.11,7.22,1
97608,30,69,71,832,3,21,0,25.44,1016.13,40.87,204.62,7.30,1
98604,30,69,70,832,3,20,0,25.44,1016.12,40.82,203.36,7.30,1
99600,30,70,71,831,3,21,0,25.45,1016.12,40.79,203.74,7.30,1
100596,30,70,70,832,3,21,0,25.45,1016.12,40.78,204.24,7.30,1
101592,30,70,71,832,3,21,0,25.45,1016.12,40.78,203.49,7.30,1
102588,30,70,71,832,2,21,0,25.45,1016.12,40.80,202.86,7.30,1
103584,30,70,70,833,3,21,0,25.45,1016.12,40.83,204.11,7.30,1
104580,30,70,71,833,3,21,0,25.45,1016.12,40.89,202.99,7.30,1
105576,30,69,70,833,3,21,0,25.45,1016.12,40.91,202.61,7.22,1
106572,30,69,70,833,3,21,0,25.45,1016.13,40.95,203.11,7.30,1
107568,30,70,70,832,3,21,0,25.45,1016.12,40.98,203.61,7.30,1
108564,30,69,71,831,3,21,0,25.45,1016.12,40.98,202.12,7.22,1
109560,30,69,71,832,3,21,0,25.45,1016.13,40.98,201.38,7.22,1
110556,30,69,70,832,3,21,0,25.45,1016.13,41.00,203.36,7.22,1
111552,30,69,70,831,3,21,0,25.45,1016.13,41.03,201.87,7.14,1
112548,29,69,71,832,3,21,0,25.45,1016.14,41.06,203.49,7.14,1
113544,30,70,71,833,3,22,0,25.45,1016.14,41.08,201.50,7.14,1
114540,30,70,71,833,3,21,0,25.45,1016.14,41.08,203.24,7.14,1
115536,30,70,71,833,3,21,0,25.45,1016.14,41.06,201.87,7.14,1
116532,30,70,71,833,3,21,0,25.45,1016.14,41.04,201.87,7.14,1
117528,30,70,71,834,3,21,0,25.45,1016.14,41.04,203.49,7.14,1
118524,30,70,71,833,3,21,0,25.45,1016.14,41.04,201.99,7.22,1
119520,29,70,71,834,3,21,0,25.45,1016.13,41.07,201.99,7.14,1
120516,30,70,70,834,3,21,0,25.45,1016.14,41.10,201.01,7.05,1
121512,30,69,71,834,3,21,0,25.45,1016.15,41.15,201.13,7.05,1
122508,30,69,71,834,3,21,0,25.45,1016.15,41.20,200.65,7.05,1
123504,30,70,71,834,3,21,0,25.45,1016.15,41.21,202.49,6.97,1
124500,30,70,71,834,3,21,0,25.45,1016.16,41.20,202.24,6.97,1
125496,30,70,71,834,2,22,0,25.45,1016.16,41.15,202.99,6.97,1
126492,30,69,71,834,3,22,0,25.45,1016.16,41.06,202.61,6.97,1
127488,30,70,71,834,3,21,0,25.45,1016.16,41.00,201.99,6.97,1
128484,30,70,71,835,3,21,0,25.45,1016.16,40.98,202.37,6.97,1
129480,30,70,70,834,3,22,0,25.45,1016.16,41.01,202.12,7.05,1
130476,30,69,71,834,3,21,0,25.45,1016.15,41.05,200.77,7.05,1
131472,30,70,71,834,3,22,0,25.45,1016.15,41.08,201.50,6.97,1
132468,30,69,71,834,3,22,0,25.45,1016.16,41.14,200.04,6.97,1
133464,30,69,71,834,3,21,0,25.45,1016.16,41.18,200.40,6.97,1
134460,30,69,71,834,3,22,0,25.45,1016.16,41.27,199.92,6.97,1
135456,30,69,71,834,3,21,0,25.45,1016.16,41.35,200.65,6.97,1
136452,30,70,71,833,3,22,0,25.45,1016.16,41.43,200.16,6.97,1
137448,30,70,71,833,3,21,0,25.45,1016.16,41.48,199.56,6.97,1
138444,30,69,71,833,3,22,0,25.45,1016.16,41.48,199.80,6.97,1
139440,30,70,70,833,3,21,0,25.45,1016.16,41.49,199.31,7.05,1
140436,30,69,71,834,3,22,0,25.45,1016.15,41.52,199.19,7.05,1
141432,30,70,71,834,3,20,0,25.45,1016.15,41.57,198.48,7.05,1
142428,30,70,71,834,3,22,0,25.45,1016.15,41.61,199.43,6.97,1
143424,30,70,71,833,3,21,0,25.45,1016.16,41.61,198.48,6.97,1
144420,30,70,71,833,3,22,0,25.45,1016.16,41.56,200.28,6.89,1
145416,30,70,70,833,3,20,0,25.45,1016.17,41.52,198.12,6.89,1
146412,30,70,71,833,3,21,0,25.45,1016.17,41.47,198.60,6.97,1
147408,30,69,71,832,3,22,0,25.45,1016.16,41.45,198.24,6.97,1
148404,30,69,71,832,3,21,0,25.45,1016.16,41.43,198.36,7.05,1
149400,30,69,71,832,3,21,0,25.45,1016.15,41.40,198.48,7.05,1
150396,30,69,71,832,3,21,0,25.45,1016.15,41.37,198.95,7.05,1
151392,30,69,71,832,3,22,0,25.45,1016.15,41.36,198.95,7.05,1
152388,30,68,71,833,3,21,0,25.45,1016.15,41.35,198.71,7.05,1
153384,30,69,71,833,3,22,0,25.45,1016.15,41.33,198.95,7.05,1
154380,30,69,71,833,3,22,0,25.45,1016.15,41.30,200.28,7.05,1
155376,31,69,71,832,3,22,0,25.45,1016.15,41.26,198.95,6.97,1
156372,30,69,71,833,3,22,0,25.45,1016.16,41.20,199.68,6.97,1
157368,30,69,71,833,3,22,0,25.45,1016.16,41.15,200.89,6.97,1
158364,31,69,71,834,3,21,0,25.45,1016.16,41.12,200.04,6.97,1
159360,30,70,70,833,3,22,0,25.45,1016.16,41.08,201.13,6.89,1
160356,30,70,71,833,3,22,0,25.45,1016.17,41.10,200.04,6.97,1
161352,30,70,71,834,3,22,0,25.45,1016.16,41.14,199.07,6.89,1
162348,30,69,71,833,3,22,0,25.45,1016.17,41.18,200.65,6.97,1
163344,30,70,71,833,3,22,0,25.45,1016.16,41.24,200.77,6.89,1
164340,30,69,71,833,3,22,0,25.45,1016.17,41.31,199.43,6.89,1
165336,30,69,71,833,3,22,0,25.45,1016.17,41.36,198.36,6.97,1
166332,30,69,70,833,3,22,0,25.45,1016.16,41.38,200.40,6.89,1
167328,30,70,72,832,3,21,0,25.45,1016.17,41.40,198.36,6.97,1
168324,30,69,70,833,3,21,0,25.45,1016.16,41.43,198.95,6.97,1
169320,30,69,72,833,3,22,0,25.45,1016.16,41.45,198.00,6.97,1
170316,30,70,71,833,3,21,0,25.45,1016.16,41.50,197.88,6.89,1
171312,30,69,71,832,3,22,0,25.45,1016.17,41.55,197.88,6.89,1
172308,30,69,71,833,3,21,0,25.45,1016.17,41.59,198.95,6.89,1
173304,30,69,71,833,4,21,0,25.45,1016.17,41.64,198.60,6.89,1
174300,30,69,71,833,3,22,0,25.45,1016.17,41.68,197.06,6.89,1
175296,30,69,71,833,3,21,0,25.45,1016.17,41.70,197.88,6.97,1
176292,30,69,71,833,3,22,0,25.45,1016.16,41.69,198.00,6.89,1
177288,30,69,71,834,3,22,0,25.45,1016.17,41.68,197.17,6.89,1
178284,30,69,72,834,3,23,0,25.45,1016.17,41.67,197.29,6.89,1
179280,30,70,71,834,3,22,0,25.45,1016.17,41.62,197.17,6.89,1
180276,30,70,71,834,3,21,0,25.45,1016.17,41.58,198.36,6.89,1
181272,30,70,71,834,3,22,0,25.45,1016.17,41.55,198.12,6.97,1
182268,30,70,72,834,3,22,0,25.45,1016.16,41.52,197.65,6.97,1
183264,30,70,71,835,3,21,0,25.45,1016.16,41.49,197.53,6.97,1
184260,30,70,71,835,3,22,0,25.45,1016.16,41.45,197.29,6.89,1
185256,30,70,72,834,3,22,0,25.45,1016.17,41.42,198.48,6.80,1
186252,30,69,71,834,3,22,0,25.45,1016.18,41.42,198.95,6.72,1
187248,30,69,72,834,3,22,0,25.45,1016.19,41.46,197.53,6.80,1
188244,30,69,71,834,3,22,0,25.45,1016.18,41.53,198.36,6.72,1
189240,30,69,71,834,3,22,0,25.45,1016.19,41.56,197.06,6.80,1
190236,30,70,71,833,3,22,0,25.45,1016.18,41.63,196.12,6.80,1
191232,30,69,71,833,3,22,0,25.45,1016.18,41.69,197.06,6.80,1
192228,31,69,72,834,3,22,0,25.45,1016.18,41.75,195.54,6.89,1
193224,30,70,71,834,3,21,0,25.45,1016.17,41.82,196.47,6.80,1
194220,30,69,71,834,3,22,0,25.45,1016.18,41.85,196.47,6.89,1
195216,30,69,71,833,3,23,0,25.45,1016.17,41.92,197.29,6.89,1
196212,30,69,71,833,3,22,0,25.45,1016.17,41.95,194.85,6.80,1
197208,31,69,72,833,3,22,0,25.45,1016.18,41.98,194.16,6.80,1
198204,30,69,71,834,3,22,0,25.45,1016.18,41.99,196.12,6.80,1
199200,30,69,72,834,3,22,0,25.45,1016.18,42.01,194.74,6.89,1
200196,30,70,71,834,3,21,0,25.45,1016.17,41.99,194.16,6.80,1
201192,30,70,71,835,3,22,0,25.45,1016.18,41.98,195.31,6.80,1
202188,30,69,71,833,3,22,0,25.45,1016.18,41.96,194.28,6.72,1
203184,30,69,71,834,3,22,0,25.45,1016.19,41.93,196.12,6.64,1
204180,30,69,71,834,3,22,0,25.45,1016.20,41.89,196.24,6.72,1
205176,30,70,71,834,3,22,0,25.45,1016.19,41.85,194.51,6.72,1
206172,30,70,72,834,3,22,0,25.45,1016.19,41.81,194.39,6.80,1
207168,30,70,72,834,3,22,0,25.45,1016.18,41.80,194.74,6.72,1
208164,31,70,72,835,3,22,0,25.45,1016.19,41.80,195.19,6.80,1
209160,31,70,72,836,3,22,0,25.45,1016.18,41.80,195.31,6.80,1
210156,30,70,71,835,3,22,0,25.45,1016.18,41.77,196.00,6.89,1
211152,30,70,72,835,3,22,0,25.45,1016.17,41.78,195.08,6.89,1
212148,31,70,72,835,3,22,0,25.45,1016.17,41.82,194.51,6.89,1
213144,31,70,72,835,3,22,0,25.45,1016.17,41.88,193.93,6.80,1
214140,30,70,72,835,3,22,0,25.45,1016.18,41.95,194.28,6.64,1
215136,30,70,71,835,3,22,0,25.45,1016.20,42.01,194.51,6.64,1
216132,31,70,71,835,3,21,0,25.45,1016.20,42.05,194.05,6.64,1
217128,30,70,71,836,3,22,0,25.45,1016.20,42.05,194.05,6.64,1
218124,30,70,71,836,3,22,0,25.45,1016.20,42.02,194.16,6.64,1
219120,30,70,72,836,3,23,0,25.45,1016.20,41.99,193.71,6.72,1
220116,30,70,72,836,3,23,0,25.45,1016.19,41.95,194.28,6.72,1
221112,31,70,72,837,3,22,0,25.45,1016.19,41.95,194.39,6.72,1
222108,30,70,72,837,3,23,0,25.45,1016.19,41.99,193.25,6.72,1
223104,30,71,71,836,3,23,0,25.45,1016.19,42.07,194.51,6.72,1
224100,30,70,72,837,3,23,0,25.45,1016.19,42.15,192.47,6.72,1
225096,31,70,72,836,3,23,0,25.45,1016.19,42.22,192.47,6.72,1
226092,31,70,72,836,3,23,0,25.45,1016.19,42.29,192.13,6.64,1
227088,31,71,72,836,3,23,0,25.45,1016.20,42.32,191.35,6.64,1
228084,31,71,72,837,3,23,0,25.45,1016.20,42.34,192.92,6.64,1
229080,31,70,72,837,3,22,0,25.45,1016.20,42.32,194.05,6.64,1
230076,30,71,72,837,3,23,0,25.45,1016.20,42.28,191.57,6.55,1
231072,31,71,73,837,3,22,0,25.45,1016.21,42.26,191.57,6.55,1
232068,31,71,72,837,3,21,0,25.45,1016.21,42.23,192.80,6.55,1
233064,30,71,72,837,3,23,0,25.45,1016.21,42.25,191.80,6.64,1
234060,30,71,72,838,3,23,0,25.45,1016.20,42.29,191.57,6.64,1
235056,30,70,72,837,3,23,0,25.45,1016.20,42.33,191.91,6.64,1
236052,31,70,72,837,3,23,0,25.45,1016.20,42.36,192.69,6.72,1
237048,31,70,72,836,3,23,0,25.45,1016.19,42.42,190.69,6.80,1
238044,31,70,72,836,4,23,0,25.45,1016.18,42.46,190.69,6.80,1
239040,30,70,72,837,3,23,0,25.45,1016.18,42.49,190.36,6.72,1
240036,30,70,72,836,4,22,0,25.45,1016.19,42.54,189.60,6.64,1
241032,30,70,72,836,3,23,0,25.45,1016.20,42.58,189.92,6.55,1
242028,30,70,72,836,3,23,0,25.45,1016.21,42.61,190.03,6.55,1
243024,30,70,72,836,3,23,0,25.45,1016.21,42.64,189.92,6.64,1
244020,30,70,71,835,3,23,0,25.45,1016.20,42.66,190.36,6.64,1
245016,30,69,72,835,3,23,0,25.45,1016.20,42.67,189.49,6.72,1
246012,30,69,72,835,3,23,0,25.45,1016.19,42.67,189.60,6.72,1
247008,30,69,71,835,3,23,0,25.45,1016.19,42.63,190.03,6.64,1
248004,30,70,72,834,3,25,0,25.45,1016.20,42.61,189.60,6.64,1
249000,30,69,71,835,3,23,0,25.45,1016.20,42.58,190.36,6.72,1
249996,30,70,72,834,3,23,0,25.45,1016.19,42.52,190.69,6.72,1
250992,30,70,72,835,3,22,0,25.45,1016.19,42.44,190.03,6.72,1
251988,31,70,72,835,3,23,0,25.45,1016.19,42.38,190.14,6.64,1
252984,31,70,72,835,3,23,0,25.45,1016.20,42.33,190.80,6.64,1
253980,30,70,72,835,3,23,0,25.45,1016.20,42.35,189.92,6.64,1
254976,30,70,72,836,3,23,0,25.45,1016.20,42.38,190.36,6.55,1
255972,31,70,72,836,3,23,0,25.45,1016.21,42.43,189.27,6.55,1
256968,30,70,72,836,3,23,0,25.45,1016.21,42.47,189.06,6.55,1
257964,30,69,72,836,3,23,0,25.45,1016.21,42.51,189.38,6.55,1
258960,30,70,72,836,3,23,0,25.45,1016.21,42.55,189.81,6.64,1
259956,30,70,71,836,4,23,0,25.45,1016.20,42.61,187.55,6.55,1
260952,30,70,72,836,4,23,0,25.45,1016.21,42.63,189.16,6.55,1
261948,30,70,71,836,3,23,0,25.45,1016.21,42.66,188.30,6.55,1
262944,30,70,72,836,3,23,0,25.45,1016.21,42.66,188.73,6.55,1
263940,31,71,72,837,3,23,0,25.45,1016.21,42.61,187.24,6.55,1
264936,30,71,72,838,4,24,0,25.45,1016.21,42.55,189.16,6.64,1
265932,30,70,72,838,3,23,0,25.45,1016.20,42.49,188.95,6.64,1
266928,30,70,72,837,4,25,0,25.45,1016.20,42.46,188.30,6.64,1
267924,30,71,72,837,3,23,0,25.45,1016.20,42.45,190.36,6.55,1
268920,31,70,72,837,3,23,0,25.45,1016.21,42.45,188.84,6.55,1
269916,31,70,72,837,3,23,0,25.45,1016.21,42.45,188.62,6.55,1
270912,30,71,72,837,3,23,0,25.45,1016.21,42.44,189.27,6.64,1
271908,30,71,72,837,3,23,0,25.44,1016.20,42.42,187.98,6.64,1
272904,31,70,73,837,3,23,0,25.44,1016.20,42.39,189.06,6.64,1
273900,30,71,72,837,3,23,0,25.44,1016.20,42.36,190.25,6.64,1
274896,31,71,73,837,3,23,0,25.45,1016.20,42.33,189.92,6.55,1
275892,31,71,72,838,3,23,0,25.45,1016.21,42.27,189.81,6.64,1
276888,31,71,72,838,3,23,0,25.44,1016.20,42.23,189.38,6.55,1
277884,30,70,72,838,3,23,0,25.45,1016.21,42.23,188.95,6.64,1
278880,31,71,73,837,3,23,0,25.45,1016.20,42.26,189.16,6.64,1
279876,31,71,72,837,3,23,0,25.45,1016.20,42.29,189.60,6.64,1
280872,30,70,72,837,3,23,0,25.44,1016.20,42.38,189.16,6.64,1
281868,31,71,72,836,3,23,0,25.44,1016.20,42.43,188.95,6.64,1
282864,31,71,73,837,4,23,0,25.44,1016.20,42.49,188.19,6.64,1
283860,31,71,72,836,3,23,0,25.44,1016.20,42.52,188.62,6.55,1
284856,30,70,72,838,3,23,0,25.45,1016.21,42.57,189.06,6.55,1
285852,31,70,72,836,3,23,0,25.45,1016.21,42.58,189.60,6.55,1
286848,30,70,72,836,3,23,0,25.45,1016.21,42.58,188.73,6.47,1
287844,31,70,72,836,3,23,0,25.45,1016.22,42.60,188.09,6.47,1
288840,30,70,72,836,4,23,0,25.45,1016.22,42.61,187.77,6.47,1
289836,31,70,72,836,3,23,0,25.45,1016.22,42.60,187.77,6.47,1
290832,30,70,72,836,3,23,0,25.45,1016.22,42.57,188.19,6.47,1
291828,31,69,72,835,3,23,0,25.45,1016.22,42.57,187.77,6.55,1
292824,30,69,72,835,3,23,0,25.44,1016.21,42.58,187.87,6.55,1
293820,30,70,72,835,3,24,0,25.44,1016.21,42.60,188.30,6.55,1
294816,30,70,72,835,3,23,0,25.45,1016.21,42.61,187.45,6.55,1
295812,31,69,72,835,3,23,0,25.45,1016.21,42.65,186.81,6.55,1
296808,30,70,72,835,3,23,0,25.45,1016.21,42.69,186.60,6.55,1
297804,31,70,72,834,3,23,0,25.45,1016.21,42.73,187.77,6.55,1
298800,31,70,72,835,3,23,0,25.45,1016.21,42.77,186.81,6.55,1
299796,30,69,72,834,3,24,0,25.45,1016.21,42.78,187.55,6.55,1
300792,30,69,71,835,3,24,0,25.45,1016.21,42.76,187.34,6.64,1
301788,30,70,72,835,3,23,0,25.45,1016.20,42.75,187.13,6.55,1
302784,30,70,72,835,3,23,0,25.45,1016.21,42.74,187.02,6.55,1
303780,30,69,72,835,4,23,0,25.45,1016.21,42.74,188.19,6.64,1
304776,30,70,72,835,3,24,0,25.45,1016.20,42.78,185.34,6.64,1
305772,30,70,72,835,4,24,0,25.45,1016.20,42.81,186.50,6.64,1
306768,30,70,72,835,3,23,0,25.45,1016.20,42.85,187.02,6.64,1
307764,31,69,73,835,3,24,0,25.45,1016.20,42.85,186.18,6.64,1
308760,30,69,72,835,3,24,0,25.45,1016.20,42.84,185.66,6.64,1
309756,30,70,72,834,4,24,0,25.45,1016.20,42.76,186.92,6.64,1
310752,30,69,72,834,4,24,0,25.44,1016.20,42.67,187.34,6.55,1
311748,30,69,72,834,4,24,0,25.44,1016.21,42.57,187.55,6.55,1
312744,31,69,72,832,3,24,0,25.44,1016.21,42.49,189.71,6.55,1
313740,30,68,72,832,4,24,0,25.44,1016.21,42.45,187.55,6.55,1
314736,31,68,72,831,4,24,0,25.44,1016.21,42.42,187.66,6.55,1
315732,30,69,71,832,4,24,0,25.44,1016.21,42.39,187.87,6.55,1
316728,31,68,71,831,3,24,0,25.44,1016.21,42.38,188.09,6.55,1
317724,30,69,71,831,3,24,0,25.44,1016.21,42.37,188.41,6.55,1
318720,30,68,71,831,4,24,0,25.44,1016.21,42.37,187.66,6.47,1
319716,30,68,72,831,4,24,0,25.44,1016.22,42.42,187.77,6.47,1
320712,31,68,72,831,3,23,0,25.44,1016.22,42.49,187.66,6.47,1
321708,30,68,71,831,4,24,0,25.44,1016.22,42.54,187.45,6.55,1
322704,30,68,71,832,4,24,0,25.44,1016.21,42.60,186.81,6.47,1
323700,30,69,71,831,3,25,0,25.44,1016.22,42.66,187.24,6.55,1
324696,30,69,71,831,4,24,0,25.44,1016.21,42.69,186.08,6.55,1
325692,30,69,71,831,4,24,0,25.44,1016.21,42.73,187.02,6.55,1
326688,30,68,71,831,4,24,0,25.44,1016.21,42.78,186.39,6.55,1
327684,30,68,71,831,4,24,0,25.44,1016.21,42.84,185.66,6.55,1
328680,30,68,72,831,3,24,0,25.44,1016.21,42.89,187.13,6.55,1
329676,30,68,72,831,4,24,0,25.44,1016.21,42.94,186.08,6.47,1
330672,30,69,72,831,4,24,0,25.44,1016.22,42.98,185.66,6.55,1
331668,30,69,71,831,4,24,0,25.44,1016.21,42.98,187.01,6.55,1
332664,30,69,72,831,3,24,0,25.44,1016.21,42.99,185.55,6.47,1
333660,30,68,71,831,4,26,0,25.44,1016.22,42.98,185.45,6.47,1
334656,30,69,72,832,4,24,0,25.44,1016.22,42.94,186.28,6.47,1
335652,30,69,72,833,3,25,0,25.44,1016.22,42.94,187.01,6.47,1
336648,31,69,72,833,4,22,0,25.44,1016.22,42.91,187.01,6.55,1
337644,30,68,72,833,4,24,0,25.44,1016.21,42.90,185.55,6.55,1
338640,30,69,72,833,4,24,0,25.44,1016.21,42.88,186.60,6.55,1
339636,30,69,72,833,4,24,0,25.44,1016.21,42.86,185.66,6.55,1
340632,30,69,72,833,4,24,0,25.44,1016.21,42.90,185.55,6.55,1
341628,30,69,72,833,4,24,0,25.44,1016.21,42.93,185.24,6.55,1
342624,30,69,72,833,3,24,0,25.44,1016.21,42.99,186.81,6.55,1
343620,30,69,72,834,3,24,0,25.44,1016.21,43.03,185.24,6.55,1
344616,30,70,72,834,5,24,0,25.44,1016.21,43.06,185.77,6.55,1
345612,30,69,72,834,4,23,0,25.44,1016.21,43.08,186.60,6.55,1
346608,30,70,73,835,4,24,0,25.44,1016.21,43.11,186.18,6.55,1
347604,30,70,72,834,4,24,0,25.44,1016.21,43.09,187.22,6.64,1
348600,30,70,72,834,4,23,0,25.44,1016.20,43.08,185.14,6.64,1
349596,31,70,72,835,4,24,0,25.44,1016.20,42.99,185.34,6.55,1
350592,30,70,73,835,4,24,0,25.44,1016.21,42.90,185.34,6.64,1
351588,30,70,72,835,4,25,0,25.44,1016.20,42.85,186.18,6.55,1
352584,30,70,72,836,4,27,0,25.44,1016.21,42.84,186.81,6.55,1
353580,30,70,72,836,4,25,0,25.44,1016.21,42.84,186.81,6.55,1
354576,30,70,72,836,4,25,0,25.44,1016.21,42.84,186.60,6.64,1
355572,30,70,73,836,4,25,0,25.44,1016.20,42.81,185.87,6.55,1
356568,31,69,72,836,4,26,0,25.44,1016.21,42.78,187.01,6.55,1
357564,30,69,72,836,4,25,0,25.44,1016.21,42.71,186.18,6.55,1
358560,30,70,72,835,4,26,0,25.44,1016.21,42.64,185.66,6.64,1
359556,30,69,72,835,4,26,0,25.44,1016.20,42.57,185.87,6.55,1
360552,30,69,72,835,4,24,0,25.44,1016.21,42.55,185.34,6.55,1
361548,30,69,71,834,4,26,0,25.44,1016.21,42.55,186.50,6.55,1
362544,30,69,71,833,4,24,0,25.44,1016.21,42.57,185.45,6.55,1
363540,30,69,71,832,4,25,0,25.44,1016.21,42.53,185.97,6.64,1
364536,30,69,71,832,4,26,0,25.44,1016.20,42.48,187.45,6.64,1
365532,30,68,72,832,4,27,0,25.43,1016.20,42.40,187.24,6.64,1
366528,30,69,71,831,4,25,0,25.43,1016.20,42.35,187.02,6.64,1
367524,30,68,71,832,5,24,0,25.43,1016.20,42.34,186.39,6.55,1
368520,30,69,71,832,6,25,0,25.43,1016.21,42.37,186.50,6.64,1
369516,30,69,71,832,4,26,0,25.43,1016.20,42.42,186.92,6.55,1
370512,29,69,72,832,5,26,0,25.44,1016.21,42.48,185.34,6.55,1
371508,30,69,72,833,5,26,0,25.43,1016.21,42.54,186.18,6.55,1
372504,30,69,72,833,5,26,0,25.43,1016.21,42.59,186.28,6.64,1
373500,30,69,72,833,4,26,0,25.43,1016.20,42.69,185.45,6.64,1
374496,30,69,72,833,5,26,0,25.43,1016.20,42.77,185.24,6.64,1
375492,29,69,72,834,5,26,0,25.43,1016.20,42.83,185.76,6.64,1
376488,30,69,72,834,5,26,0,25.43,1016.20,42.83,186.50,6.64,1
377484,30,69,72,834,5,23,0,25.43,1016.20,42.79,185.34,6.64,1
378480,30,69,72,834,5,26,0,25.43,1016.20,42.78,186.50,6.64,1
379476,30,69,72,834,5,25,0,25.43,1016.20,42.76,185.45,6.64,1
380472,30,69,72,834,5,26,0,25.43,1016.20,42.77,185.97,6.64,1
381468,30,69,72,833,6,26,0,25.43,1016.20,42.74,185.14,6.64,1
382464,30,69,72,834,5,26,0,25.43,1016.20,42.70,185.87,6.64,1
383460,30,69,72,834,4,26,0,25.43,1016.20,42.69,185.87,6.72,1
384456,30,69,72,834,5,26,0,25.43,1016.19,42.68,187.13,6.72,1
385452,30,69,72,834,5,26,0,25.43,1016.19,42.68,186.60,6.72,1
386448,30,70,72,835,5,26,0,25.43,1016.19,42.66,185.97,6.72,1
387444,30,69,72,834,6,26,0,25.43,1016.19,42.62,185.97,6.64,1
388440,30,69,72,834,5,26,0,25.43,1016.20,42.59,186.92,6.72,1
389436,29,69,72,833,5,26,0,25.43,1016.19,42.61,187.01,6.72,1
390432,30,68,72,833,5,26,0,25.43,1016.19,42.65,185.55,6.72,1
391428,30,69,72,833,4,25,0,25.43,1016.19,42.73,185.97,6.72,1
392424,30,69,72,833,5,26,0,25.43,1016.19,42.81,185.66,6.64,1
393420,30,69,72,833,6,25,0,25.43,1016.20,42.86,185.24,6.72,1
394416,30,69,72,833,5,28,0,25.43,1016.19,42.86,186.60,6.72,1
395412,30,69,72,833,5,26,0,25.43,1016.19,42.86,186.18,6.72,1
396408,30,69,72,833,4,26,0,25.43,1016.19,42.86,185.14,6.72,1
397404,30,70,72,833,4,25,0,25.43,1016.19,42.84,186.18,6.72,1
398400,30,69,72,834,4,25,0,25.43,1016.19,42.85,186.18,6.72,1
399396,30,70,72,833,4,25,0,25.43,1016.19,42.89,186.60,6.64,1
400392,30,70,72,833,4,25,0,25.43,1016.20,42.96,187.01,6.64,1
401388,30,69,72,833,4,25,0,25.43,1016.20,43.02,186.18,6.64,1
402384,30,69,72,833,4,25,0,25.43,1016.20,43.04,185.76,6.72,1
403380,30,69,72,832,4,25,0,25.43,1016.19,43.02,186.39,6.64,1
404376,30,69,72,831,4,24,0,25.43,1016.20,42.98,185.34,6.72,1
405372,30,69,72,831,4,25,0,25.43,1016.19,42.96,185.24,6.72,1
406368,30,69,72,831,4,25,0,25.43,1016.19,42.91,185.55,6.72,1
407364,30,68,72,832,4,24,0,25.43,1016.19,42.90,185.24,6.72,1
408360,30,68,72,831,3,24,0,25.43,1016.19,42.92,186.39,6.72,1
409356,30,68,72,831,4,24,0,25.43,1016.19,42.94,187.01,6.80,1
410352,30,68,72,831,4,25,0,25.43,1016.18,42.97,186.81,6.72,1
411348,30,68,71,831,4,25,0,25.43,1016.19,42.98,185.77,6.72,1
412344,30,68,72,831,5,24,0,25.43,1016.19,42.98,185.98,6.64,1
413340,30,69,72,832,4,24,0,25.43,1016.20,42.95,186.18,6.64,1
414336,30,69,72,832,4,25,0,25.43,1016.20,42.91,185.77,6.72,1
415332,30,68,73,832,3,24,0,25.43,1016.19,42.91,186.60,6.72,1
416328,31,69,72,833,4,24,0,25.43,1016.19,42.97,186.81,6.72,1
417324,30,70,72,833,4,24,0,25.44,1016.19,43.06,186.18,6.72,1
418320,30,69,72,833,4,24,0,25.44,1016.19,43.15,184.96,6.72,1
419316,30,69,72,834,3,24,0,25.44,1016.19,43.19,186.60,6.72,1
420312,30,69,73,834,3,24,0,25.44,1016.19,43.20,185.77,6.72,1
421308,30,69,73,834,3,24,0,25.44,1016.19,43.18,186.39,6.72,1
422304,30,70,73,835,4,24,0,25.44,1016.19,43.18,185.36,6.72,1
423300,30,70,73,835,3,24,0,25.44,1016.19,43.19,185.16,6.80,1
424296,30,70,72,835,4,24,0,25.44,1016.18,43.21,185.36,6.72,1
425292,30,70,72,835,4,24,0,25.44,1016.19,43.26,184.35,6.72,1
426288,31,70,72,836,3,25,0,25.44,1016.19,43.32,185.57,6.80,1
427284,30,70,73,836,3,24,0,25.44,1016.18,43.39,184.15,6.72,1
428280,31,70,72,836,3,26,0,25.44,1016.19,43.44,185.36,6.72,1
429276,30,70,73,836,3,24,0,25.44,1016.19,43.47,182.94,6.80,1
430272,30,70,73,836,3,23,0,25.44,1016.18,43.51,184.15,6.72,1
431268,30,70,73,836,3,23,0,25.44,1016.19,43.52,184.75,6.72,1
432264,31,70,73,836,3,24,0,25.44,1016.19,43.51,184.55,6.80,1
433260,30,70,73,836,3,24,0,25.44,1016.18,43.51,183.34,6.72,1
434256,30,70,73,837,3,24,0,25.44,1016.19,43.54,183.74,6.80,1
435252,31,70,73,836,2,24,0,25.44,1016.18,43.59,183.94,6.80,1
436248,31,70,73,836,3,24,0,25.44,1016.18,43.58,183.34,6.72,1
437244,31,70,72,836,3,24,0,25.44,1016.19,43.48,183.54,6.72,1
438240,30,70,73,836,3,24,0,25.44,1016.19,43.36,184.35,6.80,1
439236,30,70,73,836,3,24,0,25.44,1016.18,43.26,185.77,6.72,1
440232,30,70,72,836,3,24,0,25.44,1016.19,43.21,184.55,6.72,1
441228,30,70,72,836,3,24,0,25.44,1016.19,43.23,184.96,6.72,1
442224,30,70,73,836,3,24,0,25.44,1016.19,43.23,182.94,6.72,1
443220,30,70,72,836,3,24,0,25.44,1016.19,43.23,183.34,6.64,1
444216,30,70,73,837,3,24,0,25.44,1016.20,43.21,185.36,6.64,1
445212,31,70,72,836,3,24,0,25.44,1016.20,43.19,183.94,6.72,1
446208,31,70,73,836,3,24,0,25.44,1016.19,43.20,183.34,6.64,1
447204,30,70,73,837,3,24,0,25.44,1016.20,43.24,183.54,6.64,1
448200,30,70,73,837,3,24,0,25.44,1016.20,43.26,184.15,6.64,1
449196,31,71,73,837,3,24,0,25.44,1016.20,43.26,183.34,6.64,1
450192,30,70,72,838,3,24,0,25.44,1016.20,43.24,184.75,6.64,1
451188,31,70,73,837,3,24,0,25.44,1016.20,43.24,183.94,6.72,1
452184,31,69,72,836,3,24,0,25.44,1016.19,43.24,183.34,6.64,1
453180,30,70,73,836,3,23,0,25.44,1016.20,43.23,183.34,6.72,1
454176,30,69,72,836,3,24,0,25.44,1016.19,43.26,182.94,6.64,1
455172,30,69,72,835,3,24,0,25.44,1016.20,43.29,182.94,6.72,1
456168,30,69,72,834,3,24,0,25.44,1016.19,43.30,183.34,6.72,1
457164,31,69,72,834,3,24,0,25.44,1016.19,43.29,183.74,6.72,1
458160,30,69,72,834,3,24,0,25.44,1016.19,43.27,184.55,6.72,1
459156,31,69,72,834,3,24,0,25.44,1016.19,43.29,183.34,6.80,1
460152,30,69,73,833,3,24,0,25.44,1016.18,43.32,183.74,6.80,1
461148,31,69,71,833,3,24,0,25.44,1016.18,43.36,183.14,6.72,1
462144,31,69,72,833,3,23,0,25.44,1016.19,43.36,184.96,6.64,1
463140,30,69,72,834,3,24,0,25.44,1016.20,43.32,183.94,6.64,1
464136,31,69,72,833,3,24,0,25.44,1016.20,43.33,184.55,6.64,1
465132,30,69,72,834,3,24,0,25.44,1016.20,43.36,183.14,6.64,1
466128,31,69,72,835,3,24,0,25.44,1016.20,43.42,183.14,6.64,1
467124,30,69,72,835,3,24,0,25.44,1016.20,43.48,182.94,6.64,1
468120,30,69,73,835,3,24,0,25.44,1016.20,43.50,182.15,6.72,1
469116,31,69,73,835,3,24,0,25.44,1016.19,43.50,183.54,6.64,1
470112,30,70,73,834,3,25,0,25.44,1016.20,43.44,182.55,6.64,1
471108,30,69,72,835,3,24,0,25.44,1016.20,43.36,182.74,6.72,1
472104,31,70,73,835,3,24,0,25.44,1016.19,43.29,182.94,6.64,1
473100,30,70,73,835,3,24,0,25.44,1016.20,43.23,182.94,6.72,1
474096,30,69,72,836,3,25,0,25.44,1016.19,43.19,183.34,6.64,1
475092,31,69,73,835,5,27,0,25.44,1016.20,43.15,183.94,6.64,1
476088,30,69,73,835,5,27,0,25.44,1016.20,43.17,183.94,6.64,1
477084,30,69,73,835,5,27,0,25.43,1016.20,43.17,183.54,6.72,1
478080,30,69,72,834,5,27,0,25.43,1016.19,43.18,182.94,6.72,1
479076,30,69,73,835,5,27,0,25.43,1016.19,43.20,184.15,6.72,1
480072,30,70,72,835,4,26,0,25.43,1016.19,43.16,184.15,6.72,1
481068,31,69,73,835,4,26,0,25.43,1016.19,43.13,183.54,6.64,1
482064,30,70,72,835,4,25,0,25.43,1016.20,43.06,185.16,6.72,1
483060,31,69,72,835,4,24,0,25.43,1016.19,42.99,184.55,6.72,1
484056,30,69,72,835,4,25,0,25.43,1016.19,42.95,184.96,6.72,1
485052,30,69,72,835,3,24,0,25.43,1016.19,42.89,185.57,6.72,1
