timestamp,NO2,C2H50H,VOC,CO,Alcohol,LPG,Benzene,Temperature,Pressure,Humidity,Gas_Resistance,Altitude,State415332,27,61,53,762,1,11,0,24.92,1008.82,40.30,295.54,68.07,1
416328,26,60,53,761,1,11,0,24.92,1008.82,40.29,296.60,68.16,1
417324,27,60,53,762,1,11,0,24.92,1008.81,40.31,296.60,68.16,1
418320,27,60,52,761,1,11,0,24.91,1008.81,40.31,294.22,68.07,1
419316,27,60,53,761,1,11,0,24.92,1008.82,40.32,295.80,68.07,1
420312,27,60,52,761,1,11,0,24.92,1008.82,40.32,293.70,67.99,1
421308,27,60,53,762,1,11,0,24.92,1008.83,40.33,296.33,67.99,1
422304,27,60,53,762,1,10,0,24.92,1008.83,40.33,293.70,67.99,1
423300,27,61,52,762,1,11,0,24.92,1008.83,40.33,293.44,68.07,1
424296,27,60,53,762,1,11,0,24.92,1008.82,40.33,296.60,67.99,1
425292,27,60,53,762,1,11,0,24.92,1008.83,40.34,294.48,67.82,1
426288,27,61,53,762,1,10,0,24.92,1008.85,40.34,295.27,67.82,1
427284,27,60,52,761,1,11,0,24.92,1008.85,40.33,294.75,67.82,1
428280,26,60,53,762,1,11,0,24.93,1008.85,40.34,293.18,67.74,1
429276,27,60,53,762,1,10,0,24.93,1008.86,40.33,293.96,67.74,1
430272,27,60,52,762,1,11,0,24.93,1008.86,40.33,296.07,67.74,1
431268,27,60,52,762,1,10,0,24.93,1008.86,40.34,294.48,67.82,1
432264,27,60,53,762,1,10,0,24.93,1008.85,40.33,294.48,67.82,1
433260,28,60,53,762,1,10,0,24.93,1008.85,40.33,294.75,67.82,1
434256,27,61,52,762,1,11,0,24.93,1008.85,40.33,295.27,67.82,1
435252,28,60,53,762,1,11,0,24.94,1008.85,40.32,295.01,67.91,1
436248,28,61,53,762,1,11,0,24.94,1008.84,40.33,293.96,67.91,1
437244,27,60,53,762,1,11,0,24.94,1008.84,40.33,292.40,67.91,1
438240,28,60,53,763,1,11,0,24.94,1008.84,40.32,293.96,67.99,1
439236,28,60,53,763,1,11,0,24.94,1008.83,40.31,294.48,67.99,1
440232,28,61,53,763,1,11,0,24.94,1008.83,40.31,294.75,67.99,1
441228,28,61,53,763,1,11,0,24.95,1008.83,40.31,293.96,67.99,1
442224,28,61,53,763,1,11,0,24.95,1008.83,40.31,294.22,68.07,1
443220,28,60,53,763,1,11,0,24.95,1008.82,40.31,292.14,67.99,1
444216,28,60,53,763,1,11,0,24.95,1008.83,40.31,292.66,67.91,1
445212,28,60,53,763,1,11,0,24.95,1008.84,40.28,293.70,67.91,1
446208,28,60,53,763,1,11,0,24.95,1008.84,40.27,295.01,67.91,1
447204,28,60,53,762,1,11,0,24.96,1008.84,40.28,293.70,67.82,1
448200,27,60,53,763,1,11,0,24.96,1008.85,40.30,293.18,67.74,1
449196,28,60,53,763,1,11,0,24.96,1008.86,40.28,292.14,67.74,1
450192,28,60,54,762,1,10,0,24.96,1008.86,40.27,292.66,67.82,1
451188,28,60,53,763,1,11,0,24.96,1008.85,40.26,292.66,67.74,1
452184,28,60,53,763,1,11,0,24.96,1008.86,40.26,292.40,67.82,1
453180,28,60,53,763,1,10,0,24.97,1008.85,40.26,293.18,67.82,1
454176,28,60,53,763,1,11,0,24.97,1008.85,40.26,292.92,67.82,1
455172,28,61,53,763,1,11,0,24.97,1008.85,40.26,291.11,67.82,1
456168,28,61,53,763,1,11,0,24.97,1008.85,40.24,290.60,67.91,1
457164,28,61,53,762,1,11,0,24.97,1008.84,40.24,292.40,67.99,1
458160,28,60,53,763,1,11,0,24.97,1008.83,40.23,292.92,67.91,1
459156,28,61,54,763,1,11,0,24.97,1008.84,40.24,291.37,67.91,1
460152,28,60,52,763,1,11,0,24.97,1008.84,40.24,293.70,67.82,1
461148,28,61,53,763,1,12,0,24.98,1008.85,40.23,293.70,67.91,1
462144,28,60,53,764,1,11,0,24.98,1008.84,40.23,291.11,67.82,1
463140,29,61,53,763,1,11,0,24.98,1008.85,40.24,292.66,67.82,1
464136,28,60,54,763,1,11,0,24.98,1008.85,40.23,293.18,67.82,1
465132,28,60,54,762,1,11,0,24.98,1008.85,40.23,290.60,67.82,1
466128,28,61,54,763,1,10,0,24.98,1008.85,40.23,290.60,67.82,1
467124,28,61,54,763,1,11,0,24.98,1008.85,40.23,291.88,67.74,1
468120,29,60,54,763,1,10,0,24.98,1008.86,40.23,290.86,67.74,1
469116,29,61,54,764,1,10,0,24.99,1008.86,40.22,290.60,67.74,1
470112,29,61,54,763,1,10,0,24.99,1008.86,40.22,290.35,67.74,1
471108,29,60,53,763,1,11,0,24.99,1008.86,40.23,290.09,67.74,1
472104,29,61,53,763,1,11,0,24.99,1008.86,40.20,290.60,67.74,1
473100,28,60,53,763,1,11,0,24.99,1008.86,40.21,291.63,67.74,1
474096,29,60,54,763,1,10,0,24.99,1008.86,40.22,290.60,67.66,1
475092,29,60,53,764,1,11,0,24.99,1008.87,40.21,290.60,67.66,1
476088,29,61,54,763,1,11,0,24.99,1008.87,40.22,291.63,67.74,1
477084,29,61,54,763,1,11,0,25.00,1008.86,40.19,289.58,67.74,1
478080,29,61,54,764,1,11,0,25.00,1008.86,40.20,289.33,67.74,1
479076,29,61,54,763,1,10,0,25.00,1008.86,40.19,291.63,67.74,1
480072,29,61,54,762,1,10,0,25.00,1008.86,40.19,290.09,67.82,1
481068,29,61,54,764,1,11,0,25.00,1008.85,40.20,291.11,67.91,1
482064,30,61,54,763,1,11,0,25.00,1008.84,40.19,289.08,67.91,1
483060,29,61,54,763,1,11,0,25.00,1008.84,40.19,288.57,67.91,1
484056,29,60,54,764,1,10,0,25.00,1008.84,40.18,290.60,67.91,1
485052,30,61,54,764,1,10,0,25.00,1008.84,40.18,291.11,67.82,1
486048,30,60,54,763,1,11,0,25.00,1008.85,40.18,289.33,67.82,1
487044,29,61,54,764,1,11,0,25.01,1008.85,40.18,289.08,67.74,1
488040,29,60,54,764,1,11,0,25.01,1008.86,40.18,290.09,67.82,1
489036,29,61,55,763,1,11,0,25.01,1008.85,40.17,289.33,67.82,1
490032,29,61,55,764,1,10,0,25.01,1008.85,40.17,289.58,67.91,1
491028,30,61,54,764,1,11,0,25.01,1008.84,40.17,289.08,67.99,1
492024,29,61,54,763,1,11,0,25.01,1008.83,40.17,289.08,67.99,1
493020,30,61,54,764,1,11,0,25.01,1008.83,40.17,288.07,67.99,1
494016,29,61,54,763,1,11,0,25.01,1008.83,40.17,288.07,67.99,1
495012,30,61,54,763,1,11,0,25.01,1008.83,40.16,289.33,67.99,1
496008,29,60,54,763,1,11,0,25.01,1008.83,40.15,289.84,67.99,1
497004,30,60,54,764,1,10,0,25.02,1008.83,40.15,288.32,67.91,1
498000,30,61,54,763,1,11,0,25.02,1008.84,40.15,289.08,67.82,1
498996,30,61,54,764,1,11,0,25.02,1008.85,40.14,289.58,67.91,1
499992,30,61,55,763,1,11,0,25.02,1008.84,40.15,287.57,67.91,1
500988,30,61,55,763,1,11,0,25.02,1008.84,40.15,288.32,67.91,1
501984,30,61,55,763,1,11,0,25.02,1008.84,40.14,288.07,67.91,1
502980,30,61,54,764,1,10,0,25.02,1008.84,40.14,287.82,67.91,1
503976,30,61,54,763,1,11,0,25.02,1008.84,40.14,286.07,67.91,1
504972,30,61,55,763,1,11,0,25.02,1008.84,40.13,286.07,67.91,1
505968,30,61,55,764,1,10,0,25.02,1008.84,40.13,286.82,67.82,1
506964,30,61,54,764,1,11,0,25.02,1008.85,40.13,286.32,67.99,1
507960,31,60,55,764,1,11,0,25.03,1008.83,40.14,288.57,67.99,1
508956,30,61,55,764,1,11,0,25.03,1008.83,40.13,287.57,67.99,1
509952,30,61,55,764,1,11,0,25.03,1008.83,40.13,286.57,68.07,1
510948,30,61,55,764,1,11,0,25.03,1008.82,40.14,286.32,68.07,1
511944,30,61,54,764,1,10,0,25.03,1008.82,40.11,286.82,68.07,1
512940,31,61,55,763,1,11,0,25.03,1008.82,40.12,286.32,68.07,1
513936,30,61,55,764,1,11,0,25.03,1008.82,40.12,286.32,68.07,1
514932,31,61,55,764,1,11,0,25.03,1008.82,40.11,286.57,68.07,1
515928,30,60,55,764,1,11,0,25.04,1008.82,40.12,286.07,68.07,1
516924,31,61,55,763,1,11,0,25.04,1008.82,40.11,284.84,68.07,1
517920,31,61,55,764,1,11,0,25.04,1008.82,40.10,285.58,68.07,1
518916,30,61,55,764,1,11,0,25.04,1008.82,40.11,286.82,68.07,1
519912,30,62,55,763,1,11,0,25.04,1008.82,40.09,287.07,67.99,1
520908,31,61,54,764,1,11,0,25.04,1008.83,40.10,286.07,67.99,1
521904,30,61,55,763,1,11,0,25.04,1008.83,40.09,287.32,67.99,1
522900,31,61,55,764,1,11,0,25.04,1008.83,40.11,284.60,67.99,1
523896,30,61,55,764,1,11,0,25.04,1008.83,40.10,285.09,67.91,1
524892,31,62,55,764,1,10,0,25.04,1008.84,40.09,285.58,67.82,1
525888,31,61,55,763,1,11,0,25.04,1008.85,40.09,285.33,67.82,1
526884,31,61,56,764,1,10,0,25.05,1008.85,40.10,285.58,67.82,1
527880,31,62,55,763,1,10,0,25.05,1008.85,40.08,285.83,67.74,1
528876,31,61,55,764,1,11,0,25.05,1008.86,40.06,285.83,67.74,1
529872,31,61,56,764,1,11,0,25.05,1008.86,40.06,285.09,67.74,1
530868,31,61,55,764,1,11,0,25.05,1008.86,40.08,284.60,67.74,1
531864,31,61,56,764,1,11,0,25.05,1008.86,40.08,284.84,67.74,1
532860,32,61,55,763,1,11,0,25.05,1008.86,40.06,284.60,67.74,1
533856,31,61,55,763,1,11,0,25.05,1008.86,40.06,284.35,67.74,1
534852,31,62,56,763,1,11,0,25.05,1008.86,40.06,284.84,67.66,1
535848,32,61,55,763,1,10,0,25.06,1008.87,40.06,285.09,67.66,1
536844,31,61,56,764,1,10,0,25.06,1008.87,40.05,286.57,67.74,1
537840,32,61,55,764,1,10,0,25.06,1008.86,40.05,286.32,67.74,1
538836,31,61,56,764,1,10,0,25.06,1008.86,40.05,285.09,67.74,1
539832,32,61,56,764,1,11,0,25.06,1008.86,40.05,283.38,67.74,1
540828,31,61,56,763,1,10,0,25.06,1008.86,40.05,284.60,67.66,1
541824,32,61,56,764,1,10,0,25.06,1008.87,40.04,283.13,67.66,1
542820,32,61,56,764,1,10,0,25.06,1008.87,40.05,285.58,67.66,1
543816,32,61,56,764,1,11,0,25.06,1008.87,40.04,284.35,67.66,1
544812,32,61,55,763,1,11,0,25.07,1008.87,40.04,284.35,67.57,1
545808,31,62,56,764,1,11,0,25.07,1008.88,40.05,283.13,67.57,1
546804,32,62,56,763,1,11,0,25.07,1008.88,40.04,284.11,67.57,1
547800,32,61,56,764,1,11,0,25.07,1008.88,40.04,282.65,67.57,1
548796,32,62,56,764,1,11,0,25.07,1008.88,40.03,283.62,67.57,1
549792,32,61,56,764,1,10,0,25.07,1008.88,40.03,282.65,67.66,1
550788,32,61,57,764,1,11,0,25.07,1008.87,40.04,283.13,67.66,1
551784,32,62,57,763,1,11,0,25.07,1008.87,40.03,284.35,67.66,1
552780,32,62,56,764,1,10,0,25.07,1008.87,40.03,282.65,67.66,1
553776,32,62,56,764,1,10,0,25.07,1008.87,40.02,283.62,67.49,1
554772,32,62,56,764,1,11,0,25.07,1008.89,40.02,282.17,67.49,1
555768,32,62,56,763,1,11,0,25.07,1008.89,40.01,284.11,67.49,1
556764,32,62,56,764,1,10,0,25.07,1008.89,40.01,281.69,67.57,1
557760,32,62,56,764,1,11,0,25.07,1008.88,40.01,283.13,67.57,1
558756,32,62,56,763,1,10,0,25.07,1008.88,40.01,283.62,67.57,1
559752,32,62,56,764,1,11,0,25.08,1008.88,40.00,282.41,67.49,1
560748,31,62,56,764,1,11,0,25.08,1008.89,40.01,283.62,67.49,1
561744,33,62,57,764,1,11,0,25.08,1008.89,40.01,282.41,67.49,1
562740,32,62,56,764,1,11,0,25.08,1008.89,40.01,282.89,67.49,1
563736,32,62,57,764,1,11,0,25.08,1008.89,40.01,281.93,67.49,1
564732,33,61,57,764,1,11,0,25.08,1008.89,40.01,283.86,67.49,1
565728,33,62,56,764,1,11,0,25.08,1008.89,40.00,282.41,67.49,1
566724,32,61,57,764,4,14,0,25.08,1008.89,40.00,282.17,67.49,1
567720,32,62,57,764,1,12,0,25.08,1008.89,40.01,282.89,67.41,1
568716,33,62,57,764,1,11,0,25.08,1008.90,40.00,280.73,67.41,1
569712,32,62,57,764,1,10,0,25.08,1008.90,40.00,282.41,67.49,1
570708,33,62,57,764,1,11,0,25.08,1008.89,40.00,280.97,67.57,1
571704,33,62,56,764,1,12,0,25.08,1008.88,40.01,282.41,67.57,1
572700,33,62,57,764,1,11,0,25.08,1008.88,40.00,281.21,67.49,1
573696,33,62,57,764,1,11,0,25.08,1008.89,40.00,281.69,67.49,1
574692,32,62,56,765,1,11,0,25.08,1008.89,40.01,281.93,67.41,1
575688,33,62,56,764,1,10,0,25.08,1008.90,40.00,279.78,67.41,1
576684,33,62,57,764,1,11,0,25.09,1008.90,40.01,281.21,67.41,1
577680,33,62,57,764,1,12,0,25.09,1008.90,40.00,282.41,67.41,1
578676,32,62,57,764,1,11,0,25.09,1008.90,40.00,282.41,67.24,1
579672,33,62,57,764,1,11,0,25.09,1008.92,39.99,280.97,67.32,1
580668,33,62,57,764,1,11,0,25.09,1008.91,39.99,281.69,67.24,1
581664,32,62,58,764,1,11,0,25.09,1008.92,39.98,279.78,67.32,1
582660,33,62,57,764,1,11,0,25.09,1008.91,39.99,280.49,67.32,1
583656,33,62,57,764,1,11,0,25.09,1008.91,39.99,281.21,67.41,1
584652,33,62,57,764,1,10,0,25.09,1008.90,39.99,280.49,67.41,1
585648,33,62,57,764,1,11,0,25.09,1008.90,39.99,279.78,67.32,1
586644,33,62,56,765,1,11,0,25.09,1008.91,39.99,281.69,67.32,1
587640,33,62,58,764,1,10,0,25.10,1008.91,39.99,280.25,67.32,1
588636,33,63,57,764,1,11,0,25.10,1008.91,39.98,279.78,67.32,1
589632,34,63,58,764,1,11,0,25.10,1008.91,39.98,280.49,67.24,1
590628,33,62,57,763,1,11,0,25.10,1008.92,39.98,280.02,67.24,1
591624,33,63,57,765,1,11,0,25.10,1008.92,39.97,279.54,67.24,1
592620,34,62,57,764,1,10,0,25.10,1008.92,39.98,281.69,67.16,1
593616,33,62,57,764,1,10,0,25.10,1008.93,39.97,282.65,67.16,1
594612,33,63,58,764,1,11,0,25.10,1008.93,39.98,279.54,67.24,1
595608,33,62,57,764,2,12,0,25.10,1008.92,39.96,279.54,67.16,1
596604,33,62,57,765,1,11,0,25.10,1008.93,39.97,279.54,67.16,1
597600,34,62,57,764,1,12,0,25.10,1008.93,39.98,279.54,67.07,1
598596,34,62,58,764,1,11,0,25.10,1008.94,39.97,279.78,67.16,1
599592,33,63,58,763,1,11,0,25.10,1008.93,39.98,279.78,67.16,1
0,32,63,57,764,1,11,0,25.10,1008.93,39.98,280.02,67.07,1
996,34,62,57,764,1,11,0,25.03,1008.94,40.09,271.06,67.07,1
1992,33,63,58,764,1,11,0,25.02,1008.94,40.16,271.51,66.99,1
2988,33,63,58,765,1,11,0,25.03,1008.95,40.17,273.98,66.99,1
3984,34,63,58,764,1,11,0,25.04,1008.95,40.17,273.08,66.99,1
4980,33,62,57,764,1,10,0,25.05,1008.95,40.18,273.30,66.99,1
5976,34,63,57,764,1,13,0,25.06,1008.95,40.15,273.75,66.91,1
6972,33,63,58,764,1,11,0,25.06,1008.96,40.14,273.75,66.99,1
7968,33,62,58,764,1,11,0,25.07,1008.95,40.12,273.30,66.91,1
8964,34,62,58,764,3,15,0,25.08,1008.96,40.11,273.75,66.91,1
9960,34,62,59,764,1,13,0,25.09,1008.96,40.11,275.58,66.82,1
10956,34,63,58,764,1,10,0,25.09,1008.97,40.09,274.89,66.82,1
11952,34,63,58,764,1,9,0,25.10,1008.97,40.07,275.12,66.82,1
12948,33,63,58,764,1,10,0,25.10,1008.97,40.06,275.58,66.82,1
13944,34,62,58,764,1,10,0,25.11,1008.97,40.04,274.21,66.82,1
14940,34,63,59,764,1,10,0,25.11,1008.97,40.03,275.58,66.82,1
15936,34,63,58,764,1,10,0,25.11,1008.97,40.02,274.89,66.82,1
16932,34,62,59,764,1,10,0,25.12,1008.97,40.00,276.73,66.82,1
17928,35,63,59,764,1,10,0,25.12,1008.97,39.99,275.81,66.82,1
18924,34,62,58,764,1,10,0,25.12,1008.97,39.98,276.50,66.82,1
19920,34,62,58,764,1,10,0,25.12,1008.97,39.98,276.50,66.91,1
20916,34,63,58,764,1,10,0,25.12,1008.96,39.97,274.44,66.99,1
21912,35,63,58,764,1,10,0,25.13,1008.95,39.97,276.04,66.99,1
22908,34,63,58,764,1,11,0,25.13,1008.95,39.96,274.89,66.99,1
23904,34,63,58,764,1,11,0,25.13,1008.95,39.96,273.98,66.91,1
24900,35,63,58,764,1,10,0,25.13,1008.96,39.96,274.21,66.99,1
25896,34,63,59,765,1,11,0,25.13,1008.95,39.94,276.04,66.91,1
26892,35,63,59,764,1,10,0,25.13,1008.96,39.95,275.58,66.99,1
27888,34,63,59,764,1,10,0,25.13,1008.95,39.92,275.58,66.99,1
28884,35,63,59,764,1,11,0,25.14,1008.95,39.92,277.20,67.07,1
29880,34,62,58,764,1,10,0,25.14,1008.94,39.92,275.35,67.07,1
30876,34,63,59,764,1,11,0,25.14,1008.94,39.92,275.58,67.07,1
31872,35,62,58,764,0,11,0,25.14,1008.94,39.91,275.81,67.16,1
32868,35,63,59,764,1,11,0,25.14,1008.93,39.92,276.50,67.07,1
33864,35,63,59,764,1,10,0,25.14,1008.94,39.91,274.67,67.07,1
34860,35,63,59,763,1,10,0,25.14,1008.94,39.92,274.21,67.07,1
35856,34,63,58,764,0,12,0,25.14,1008.94,39.89,275.12,67.07,1
36852,35,63,59,765,1,10,0,25.14,1008.94,39.90,276.73,67.16,1
37848,35,63,59,765,1,9,0,25.15,1008.93,39.90,274.89,67.16,1
38844,35,63,59,765,1,10,0,25.15,1008.93,39.89,275.58,67.07,1
39840,35,63,59,764,1,11,0,25.15,1008.94,39.91,276.04,67.07,1
40836,35,63,59,764,0,10,0,25.15,1008.94,39.89,276.50,67.07,1
41832,35,63,59,764,1,10,0,25.15,1008.94,39.89,277.20,66.99,1
42828,35,63,59,763,1,10,0,25.15,1008.95,39.90,275.12,66.99,1
43824,35,63,59,764,0,10,0,25.15,1008.95,39.88,276.04,66.99,1
44820,34,63,59,764,1,10,0,25.15,1008.95,39.87,276.50,66.99,1
45816,35,63,59,765,1,11,0,25.15,1008.95,39.89,276.04,67.07,1
46812,35,63,60,764,0,11,0,25.15,1008.94,39.89,275.58,67.07,1
47808,35,63,59,765,1,11,0,25.15,1008.94,39.88,276.27,67.07,1
48804,35,64,59,764,1,11,0,25.15,1008.94,39.86,275.12,67.07,1
49800,35,63,59,764,1,11,0,25.15,1008.94,39.87,275.58,67.16,1
50796,35,62,60,764,0,11,0,25.15,1008.93,39.87,275.35,67.16,1
51792,35,63,60,764,1,11,0,25.15,1008.93,39.87,275.12,67.16,1
52788,35,63,60,765,1,11,0,25.15,1008.93,39.87,273.75,67.16,1
53784,35,63,59,765,1,10,0,25.15,1008.93,39.87,274.21,67.07,1
54780,35,63,59,764,1,11,0,25.15,1008.94,39.86,277.43,67.07,1
55776,35,63,59,765,1,12,0,25.15,1008.94,39.87,275.12,66.91,1
56772,35,63,59,764,1,11,0,25.16,1008.96,39.87,275.58,66.99,1
57768,35,63,60,765,1,10,0,25.16,1008.95,39.86,276.50,66.99,1
58764,35,63,59,765,1,11,0,25.16,1008.95,39.85,274.89,67.07,1
59760,36,63,59,764,1,10,0,25.16,1008.94,39.87,274.89,66.99,1
60756,35,63,59,764,1,10,0,25.16,1008.95,39.86,275.58,66.99,1
61752,36,64,60,764,1,10,0,25.16,1008.95,39.86,275.81,67.07,1
62748,35,64,60,765,1,11,0,25.16,1008.94,39.86,274.21,66.99,1
63744,35,63,60,764,1,11,0,25.16,1008.95,39.86,274.89,67.07,1
64740,35,64,60,764,1,11,0,25.16,1008.94,39.85,275.58,67.07,1
65736,36,64,60,764,1,12,0,25.16,1008.94,39.84,275.12,67.07,1
66732,35,63,60,764,1,11,0,25.16,1008.94,39.86,274.21,67.16,1
67728,36,63,60,764,1,11,0,25.16,1008.93,39.84,274.44,66.99,1
68724,35,63,60,764,1,10,0,25.16,1008.95,39.86,276.04,66.99,1
69720,36,63,60,765,1,10,0,25.16,1008.95,39.85,276.04,66.99,1
70716,36,63,59,764,1,11,0,25.17,1008.95,39.85,274.67,66.99,1
71712,36,64,60,765,1,10,0,25.17,1008.95,39.85,276.27,66.99,1
72708,35,63,60,765,1,10,0,25.17,1008.95,39.85,275.35,66.91,1
73704,35,63,60,764,1,10,0,25.17,1008.96,39.84,274.89,66.99,1
74700,36,63,60,764,1,10,0,25.17,1008.95,39.85,275.12,66.91,1
75696,36,63,60,765,1,10,0,25.17,1008.96,39.84,275.58,66.91,1
76692,36,64,61,764,1,10,0,25.17,1008.96,39.85,276.73,66.99,1
77688,36,63,60,764,0,10,0,25.17,1008.95,39.83,275.35,66.91,1
78684,36,64,60,765,1,10,0,25.17,1008.96,39.85,274.89,66.91,1
79680,36,63,60,764,1,10,0,25.17,1008.96,39.84,274.89,66.99,1
80676,36,64,60,764,1,10,0,25.17,1008.95,39.83,275.81,66.99,1
81672,36,63,60,765,1,10,0,25.17,1008.95,39.81,274.89,66.91,1
82668,36,64,61,765,1,11,0,25.18,1008.96,39.82,275.81,66.82,1
83664,35,64,61,765,1,11,0,25.18,1008.97,39.82,274.67,66.82,1
84660,36,64,61,764,1,11,0,25.18,1008.97,39.82,274.44,66.82,1
85656,35,63,60,764,1,10,0,25.18,1008.97,39.82,275.12,66.91,1
86652,36,64,61,764,1,11,0,25.18,1008.96,39.82,274.89,66.91,1
87648,36,64,60,765,1,10,0,25.18,1008.96,39.84,275.12,66.91,1
88644,36,64,60,765,1,10,0,25.18,1008.96,39.82,276.27,66.91,1
89640,36,64,60,764,1,11,0,25.18,1008.96,39.81,274.21,66.82,1
90636,36,63,61,764,1,11,0,25.18,1008.97,39.81,275.35,66.74,1
91632,36,63,61,764,1,11,0,25.18,1008.98,39.81,274.67,66.74,1
92628,36,63,61,764,1,10,0,25.18,1008.98,39.82,275.81,66.74,1
93624,36,64,61,764,1,11,0,25.18,1008.98,39.80,274.67,66.66,1
94620,36,64,60,765,1,10,0,25.18,1008.99,39.82,274.89,66.66,1
95616,36,64,61,764,1,10,0,25.18,1008.99,39.80,274.21,66.57,1
96612,36,64,61,764,1,10,0,25.18,1009.00,39.81,275.12,66.49,1
97608,37,64,61,765,1,10,0,25.19,1009.01,39.80,276.04,66.41,1
98604,36,63,61,765,0,10,0,25.19,1009.02,39.80,275.12,66.41,1
99600,36,63,61,764,1,10,0,25.19,1009.02,39.80,276.50,66.41,1
100596,37,64,61,764,1,10,0,25.19,1009.02,39.80,275.35,66.41,1
101592,36,63,61,764,1,11,0,25.19,1009.02,39.79,275.81,66.41,1
102588,36,64,61,764,1,10,0,25.19,1009.02,39.79,276.50,66.41,1
103584,36,64,61,764,1,11,0,25.19,1009.02,39.78,276.50,66.41,1
104580,36,64,61,765,1,11,0,25.19,1009.02,39.79,274.67,66.41,1
105576,36,64,62,765,1,10,0,25.19,1009.02,39.78,273.75,66.41,1
106572,36,64,61,765,1,10,0,25.19,1009.02,39.79,273.30,66.41,1
107568,36,64,61,764,1,10,0,25.19,1009.02,39.78,275.12,66.41,1
108564,36,64,62,764,1,10,0,25.19,1009.02,39.78,275.58,66.41,1
109560,37,63,61,764,1,10,0,25.19,1009.02,39.79,274.67,66.41,1
110556,37,64,62,765,0,10,0,25.19,1009.02,39.79,273.75,66.41,1
111552,36,64,62,764,1,10,0,25.20,1009.02,39.79,274.89,66.49,1
112548,37,64,61,764,1,11,0,25.20,1009.01,39.77,275.58,66.41,1
113544,36,64,61,764,1,11,0,25.20,1009.02,39.77,272.85,66.41,1
114540,37,64,61,764,0,10,0,25.20,1009.02,39.78,275.12,66.32,1
115536,36,64,61,765,1,10,0,25.20,1009.03,39.77,274.21,66.32,1
116532,37,64,62,764,1,10,0,25.20,1009.03,39.79,275.12,66.41,1
117528,37,63,62,765,1,10,0,25.20,1009.02,39.79,274.21,66.41,1
118524,36,64,61,764,1,10,0,25.20,1009.02,39.77,273.30,66.49,1
119520,36,64,62,765,1,10,0,25.20,1009.01,39.77,275.58,66.57,1
120516,37,64,62,764,1,10,0,25.20,1009.00,39.77,275.12,66.57,1
121512,36,63,62,764,0,10,0,25.20,1009.00,39.77,274.44,66.49,1
122508,36,64,62,764,1,10,0,25.20,1009.01,39.76,275.58,66.57,1
123504,36,64,62,765,1,11,0,25.20,1009.00,39.75,274.89,66.57,1
124500,36,64,62,764,1,10,0,25.20,1009.00,39.76,275.35,66.57,1
125496,36,64,61,764,1,10,0,25.20,1009.00,39.75,275.12,66.49,1
126492,37,64,62,764,1,11,0,25.20,1009.01,39.76,272.85,66.49,1
127488,37,64,62,764,1,10,0,25.21,1009.01,39.76,272.85,66.57,1
128484,37,64,62,764,1,11,0,25.20,1009.00,39.76,274.67,66.49,1
129480,37,64,62,765,1,12,0,25.21,1009.01,39.76,274.44,66.49,1
130476,37,64,62,765,1,11,0,25.21,1009.01,39.75,275.12,66.41,1
131472,37,64,62,765,1,11,0,25.21,1009.02,39.75,276.04,66.41,1
132468,37,65,62,764,0,11,0,25.21,1009.02,39.75,273.08,66.32,1
133464,36,64,62,765,1,10,0,25.21,1009.03,39.76,274.21,66.41,1
134460,37,64,62,764,0,10,0,25.21,1009.02,39.76,273.98,66.41,1
135456,37,64,62,764,0,10,0,25.21,1009.02,39.76,274.21,66.41,1
136452,37,64,62,764,0,10,0,25.21,1009.02,39.73,273.75,66.41,1
137448,37,64,62,764,0,10,0,25.21,1009.02,39.75,274.44,66.49,1
138444,37,64,62,765,0,11,0,25.21,1009.01,39.74,276.04,66.41,1
139440,36,64,62,765,1,10,0,25.21,1009.02,39.74,276.50,66.49,1
140436,37,64,63,765,1,11,0,25.21,1009.01,39.74,275.35,66.49,1
141432,37,64,62,764,1,11,0,25.21,1009.01,39.74,275.12,66.49,1
142428,37,64,62,765,1,10,0,25.21,1009.01,39.73,274.44,66.66,1
143424,37,64,62,764,0,10,0,25.21,1008.99,39.73,274.67,66.66,1
144420,37,64,62,764,1,10,0,25.21,1008.99,39.75,273.08,66.74,1
145416,37,64,62,764,1,10,0,25.22,1008.98,39.73,275.35,66.66,1
146412,38,64,63,764,1,10,0,25.22,1008.99,39.73,274.21,66.66,1
147408,37,65,63,765,1,11,0,25.22,1008.99,39.74,274.21,66.57,1
148404,37,64,63,765,1,11,0,25.22,1009.00,39.73,274.21,66.57,1
149400,37,64,62,765,1,10,0,25.22,1009.00,39.73,275.35,66.57,1
150396,37,65,62,764,0,10,0,25.22,1009.00,39.72,273.98,66.49,1
151392,37,65,62,764,0,10,0,25.22,1009.01,39.72,274.21,66.49,1
152388,37,64,63,765,0,10,0,25.22,1009.01,39.72,276.27,66.49,1
153384,37,65,62,764,1,10,0,25.22,1009.01,39.71,274.21,66.57,1
154380,37,64,63,765,0,10,0,25.22,1009.00,39.72,273.30,66.49,1
155376,38,65,63,764,0,10,0,25.22,1009.01,39.71,274.44,66.41,1
156372,37,64,62,764,0,10,0,25.22,1009.02,39.72,273.98,66.41,1
157368,37,65,63,764,0,10,0,25.22,1009.02,39.71,274.21,66.41,1
158364,37,64,63,765,0,10,0,25.22,1009.02,39.71,272.85,66.41,1
159360,37,65,63,765,0,10,0,25.22,1009.02,39.72,274.21,66.32,1
160356,36,64,63,765,0,10,0,25.22,1009.03,39.71,273.98,66.32,1
161352,37,64,63,765,0,10,0,25.23,1009.03,39.71,275.81,66.32,1
162348,38,65,63,764,0,10,0,25.23,1009.03,39.70,273.30,66.32,1
163344,37,64,63,764,0,10,0,25.23,1009.03,39.71,274.44,66.24,1
164340,37,65,63,765,0,10,0,25.23,1009.04,39.70,273.75,66.16,1
165336,37,64,63,765,0,10,0,25.23,1009.05,39.69,276.73,66.24,1
166332,37,64,64,764,0,10,0,25.23,1009.04,39.69,275.12,66.24,1
167328,37,65,63,765,0,11,0,25.23,1009.04,39.69,273.98,66.24,1
168324,37,64,63,764,0,11,0,25.23,1009.04,39.69,274.67,66.24,1
169320,37,64,63,764,1,10,0,25.23,1009.04,39.70,274.89,66.24,1
170316,38,65,63,764,0,10,0,25.23,1009.04,39.69,274.21,66.32,1
171312,37,65,63,764,0,10,0,25.23,1009.03,39.70,274.21,66.32,1
172308,37,64,63,764,0,10,0,25.23,1009.03,39.69,275.58,66.41,1
173304,37,64,64,765,1,10,0,25.23,1009.02,39.68,274.44,66.41,1
174300,37,64,63,765,1,11,0,25.23,1009.02,39.67,273.53,66.41,1
175296,38,64,63,765,0,10,0,25.23,1009.02,39.67,274.44,66.49,1
176292,38,65,63,765,0,11,0,25.23,1009.01,39.68,273.75,66.41,1
177288,38,65,64,764,0,10,0,25.23,1009.02,39.67,274.21,66.49,1
178284,38,65,64,765,1,10,0,25.23,1009.01,39.68,271.95,66.41,1
179280,37,65,63,764,1,11,0,25.23,1009.02,39.68,274.89,66.41,1
180276,37,64,64,765,1,11,0,25.24,1009.02,39.67,274.67,66.32,1
181272,37,65,63,764,1,11,0,25.23,1009.03,39.68,272.85,66.32,1
182268,38,64,64,764,1,11,0,25.24,1009.03,39.68,273.75,66.32,1
183264,38,64,64,765,1,11,0,25.23,1009.03,39.68,274.67,66.24,1
184260,37,65,63,765,1,11,0,25.24,1009.04,39.67,273.98,66.24,1
185256,38,65,64,765,1,10,0,25.24,1009.04,39.67,273.98,66.32,1
186252,38,65,64,765,1,11,0,25.24,1009.03,39.67,273.30,66.32,1
187248,37,65,63,764,0,11,0,25.24,1009.03,39.67,273.75,66.32,1
188244,38,64,64,765,1,11,0,25.24,1009.03,39.70,273.75,66.41,1
189240,37,65,63,764,0,11,0,25.24,1009.02,39.67,274.67,66.41,1
190236,38,65,64,765,1,11,0,25.24,1009.02,39.68,274.44,66.32,1
191232,38,64,63,765,1,11,0,25.24,1009.03,39.67,274.67,66.32,1
192228,37,65,64,765,1,11,0,25.24,1009.03,39.67,273.75,66.32,1
193224,38,65,64,764,1,11,0,25.24,1009.03,39.67,275.12,66.32,1
194220,38,64,63,764,1,11,0,25.24,1009.03,39.67,274.89,66.32,1
195216,38,64,64,764,1,11,0,25.24,1009.03,39.68,272.85,66.41,1
196212,38,64,64,764,1,11,0,25.24,1009.02,39.67,275.35,66.32,1
197208,38,65,64,765,1,11,0,25.24,1009.03,39.66,275.81,66.32,1
198204,38,65,64,765,1,11,0,25.24,1009.03,39.67,274.21,66.32,1
199200,38,65,64,764,1,11,0,25.25,1009.03,39.67,273.75,66.32,1
200196,38,65,64,764,1,10,0,25.25,1009.03,39.67,273.75,66.41,1
201192,37,65,65,765,0,10,0,25.25,1009.02,39.67,274.44,66.41,1
202188,38,65,64,764,1,11,0,25.25,1009.02,39.66,272.63,66.41,1
203184,38,65,64,765,0,10,0,25.25,1009.02,39.67,274.21,66.41,1
204180,38,65,64,765,1,11,0,25.25,1009.02,39.67,272.63,66.41,1
205176,37,65,64,765,1,10,0,25.25,1009.02,39.66,274.21,66.32,1
206172,38,65,65,764,1,10,0,25.25,1009.03,39.67,273.98,66.32,1
207168,38,65,64,765,1,11,0,25.25,1009.03,39.67,275.12,66.24,1
208164,38,65,65,764,1,11,0,25.25,1009.04,39.66,275.58,66.32,1
209160,38,65,65,765,0,11,0,25.25,1009.03,39.66,273.98,66.41,1
210156,38,65,64,765,0,11,0,25.25,1009.02,39.64,273.75,66.32,1
211152,38,65,64,765,1,10,0,25.25,1009.03,39.66,274.44,66.32,1
212148,38,65,65,764,0,10,0,25.26,1009.03,39.66,273.30,66.32,1
213144,39,65,64,765,0,10,0,25.26,1009.03,39.66,273.98,66.32,1
214140,38,65,65,765,0,10,0,25.26,1009.03,39.67,272.40,66.41,1
215136,38,65,65,764,0,11,0,25.26,1009.02,39.66,274.89,66.41,1
216132,38,65,65,764,0,11,0,25.26,1009.02,39.65,272.40,66.49,1
217128,38,65,64,764,0,10,0,25.26,1009.01,39.65,274.67,66.49,1
218124,38,64,64,765,1,10,0,25.26,1009.01,39.65,274.67,66.49,1
219120,39,65,64,765,1,10,0,25.26,1009.01,39.65,273.75,66.49,1
220116,38,65,64,765,0,10,0,25.26,1009.01,39.65,274.67,66.49,1
221112,38,65,65,764,0,9,0,25.26,1009.01,39.64,272.63,66.49,1
222108,38,65,65,764,0,9,0,25.26,1009.01,39.63,272.85,66.57,1
223104,38,65,65,765,0,10,0,25.26,1009.00,39.63,273.53,66.57,1
224100,38,65,65,764,0,10,0,25.26,1009.00,39.64,273.53,66.66,1
225096,38,65,65,764,0,10,0,25.27,1008.99,39.63,273.98,66.57,1
226092,38,66,65,765,0,10,0,25.27,1009.00,39.63,273.53,66.57,1
227088,38,66,65,765,0,10,0,25.27,1009.00,39.63,273.98,66.57,1
228084,38,65,65,764,1,9,0,25.27,1009.00,39.63,272.85,66.57,1
229080,39,65,64,765,1,10,0,25.27,1009.00,39.63,273.53,66.49,1
230076,39,66,65,765,0,10,0,25.27,1009.01,39.62,272.85,66.49,1
231072,38,65,64,764,0,11,0,25.27,1009.01,39.62,273.53,66.49,1
232068,38,65,65,764,1,10,0,25.27,1009.01,39.63,274.44,66.49,1
233064,38,65,65,764,0,10,0,25.27,1009.01,39.62,273.75,66.57,1
234060,38,65,65,765,0,10,0,25.27,1009.00,39.62,273.98,66.49,1
235056,39,66,65,764,1,10,0,25.27,1009.01,39.62,272.63,66.49,1
236052,39,65,66,764,1,11,0,25.27,1009.01,39.62,273.08,66.49,1
237048,39,65,65,765,0,10,0,25.27,1009.01,39.62,272.85,66.49,1
238044,39,65,65,765,0,11,0,25.27,1009.01,39.62,273.75,66.41,1
239040,38,66,65,765,0,10,0,25.27,1009.02,39.61,274.89,66.41,1
240036,39,65,65,764,0,10,0,25.27,1009.02,39.61,273.30,66.41,1
241032,39,65,66,765,1,10,0,25.28,1009.02,39.61,273.30,66.41,1
242028,38,65,65,765,1,10,0,25.28,1009.02,39.62,273.98,66.32,1
243024,39,65,65,764,1,10,0,25.28,1009.03,39.62,273.30,66.32,1
244020,38,65,65,765,0,10,0,25.28,1009.03,39.61,272.85,66.24,1
245016,39,65,65,765,0,10,0,25.28,1009.04,39.59,271.51,66.24,1
246012,38,65,65,765,0,10,0,25.28,1009.04,39.61,273.98,66.32,1
247008,39,65,65,765,0,10,0,25.28,1009.03,39.60,273.53,66.32,1
248004,39,65,65,765,1,10,0,25.28,1009.03,39.59,273.98,66.32,1
249000,39,65,66,765,1,10,0,25.28,1009.03,39.59,275.12,66.41,1
249996,39,65,66,764,0,10,0,25.28,1009.02,39.59,273.75,66.32,1
250992,39,66,65,764,1,10,0,25.28,1009.03,39.59,273.75,66.41,1
251988,39,65,66,764,0,12,0,25.28,1009.02,39.58,274.44,66.49,1
252984,39,65,65,765,0,10,0,25.28,1009.01,39.59,274.67,66.49,1
253980,38,65,66,765,1,10,0,25.28,1009.01,39.58,272.63,66.32,1
254976,38,65,66,764,1,10,0,25.28,1009.03,39.57,273.98,66.41,1
255972,39,66,66,764,0,10,0,25.28,1009.02,39.58,273.08,66.41,1
256968,39,65,66,765,1,10,0,25.28,1009.02,39.59,274.89,66.41,1
257964,38,66,66,765,1,11,0,25.28,1009.02,39.58,273.08,66.41,1
258960,38,65,65,765,1,10,0,25.28,1009.02,39.57,274.89,66.41,1
259956,39,65,65,765,1,10,0,25.28,1009.02,39.58,273.53,66.41,1
260952,39,65,65,765,1,10,0,25.28,1009.02,39.57,274.44,66.41,1
261948,39,65,66,765,0,10,0,25.28,1009.02,39.58,272.85,66.41,1
262944,38,66,66,764,0,10,0,25.28,1009.02,39.58,273.98,66.49,1
263940,39,66,66,765,0,10,0,25.28,1009.01,39.57,274.44,66.57,1
264936,39,66,66,765,1,10,0,25.28,1009.00,39.57,273.08,66.49,1
265932,39,65,65,764,1,10,0,25.28,1009.01,39.57,273.08,66.49,1
266928,39,66,66,764,0,12,0,25.28,1009.01,39.57,273.75,66.49,1
267924,39,65,66,765,0,10,0,25.28,1009.01,39.57,273.98,66.49,1
268920,39,66,65,764,0,10,0,25.28,1009.01,39.57,273.98,66.57,1
269916,39,65,66,765,1,10,0,25.28,1009.00,39.55,274.89,66.49,1
270912,39,65,66,765,1,10,0,25.29,1009.01,39.57,275.12,66.57,1
271908,39,66,66,765,1,10,0,25.29,1009.00,39.57,274.67,66.57,1
272904,39,66,66,764,0,10,0,25.29,1009.00,39.56,276.04,66.66,1
273900,39,65,66,765,0,12,0,25.29,1008.99,39.55,274.67,66.74,1
274896,39,66,66,765,1,10,0,25.29,1008.98,39.56,273.30,66.74,1
275892,39,66,66,765,0,10,0,25.29,1008.98,39.57,273.30,66.82,1
276888,39,66,67,765,1,10,0,25.29,1008.97,39.54,274.67,66.82,1
277884,39,66,66,765,1,11,0,25.29,1008.97,39.55,273.98,66.82,1
278880,39,65,67,765,1,11,0,25.29,1008.97,39.56,274.44,66.82,1
279876,39,66,66,765,1,11,0,25.29,1008.97,39.56,274.21,66.91,1
280872,39,65,67,765,1,11,0,25.29,1008.96,39.55,272.18,66.91,1
281868,39,65,66,765,1,10,0,25.29,1008.96,39.55,273.75,66.91,1
282864,39,65,67,765,1,10,0,25.29,1008.96,39.55,273.98,66.91,1
283860,39,66,67,765,0,10,0,25.29,1008.96,39.55,273.30,66.91,1
284856,39,66,67,765,1,10,0,25.29,1008.96,39.55,273.75,66.91,1
285852,39,66,67,764,1,12,0,25.29,1008.96,39.55,274.21,66.91,1
286848,39,66,66,765,1,10,0,25.29,1008.96,39.55,273.75,66.91,1
287844,39,66,66,764,0,10,0,25.29,1008.96,39.55,274.44,66.82,1
288840,39,66,66,765,1,10,0,25.29,1008.97,39.55,273.08,66.82,1
289836,39,66,67,765,0,9,0,25.29,1008.97,39.54,273.53,66.74,1
290832,39,66,67,765,0,10,0,25.29,1008.98,39.55,273.75,66.74,1
291828,39,65,66,765,0,10,0,25.30,1008.98,39.54,273.30,66.74,1
292824,39,66,66,764,0,10,0,25.30,1008.98,39.54,273.75,66.74,1
293820,39,66,66,765,0,10,0,25.29,1008.98,39.53,274.44,66.74,1
294816,39,66,67,766,0,10,0,25.30,1008.98,39.54,273.75,66.74,1
295812,39,66,67,765,0,10,0,25.30,1008.98,39.53,273.98,66.66,1
296808,39,66,67,765,0,10,0,25.30,1008.99,39.53,274.89,66.66,1
297804,39,66,67,765,1,10,0,25.30,1008.99,39.53,274.67,66.66,1
298800,40,66,67,764,0,10,0,25.30,1008.99,39.53,273.75,66.66,1
299796,39,66,67,765,0,10,0,25.30,1008.99,39.53,274.67,66.57,1
300792,39,66,66,765,0,10,0,25.30,1009.00,39.51,273.53,66.57,1
301788,39,66,67,764,0,10,0,25.30,1009.00,39.52,274.67,66.57,1
302784,39,66,67,765,0,10,0,25.30,1009.00,39.53,273.53,66.57,1
303780,39,66,67,765,0,9,0,25.30,1009.00,39.53,273.98,66.57,1
304776,39,66,67,765,0,10,0,25.30,1009.00,39.52,273.08,66.57,1
305772,39,66,67,765,0,10,0,25.30,1009.00,39.51,273.75,66.66,1
306768,39,66,67,765,0,10,0,25.30,1008.99,39.52,272.85,66.57,1
307764,39,66,67,765,1,10,0,25.30,1009.00,39.51,274.44,66.66,1
308760,39,66,67,764,0,10,0,25.30,1008.99,39.51,275.35,66.66,1
309756,39,66,67,764,0,10,0,25.30,1008.99,39.51,276.04,66.66,1
310752,39,66,67,765,0,12,0,25.30,1008.99,39.50,273.75,66.66,1
311748,40,66,67,764,0,10,0,25.30,1008.99,39.51,275.35,66.57,1
312744,39,66,68,765,0,10,0,25.30,1009.00,39.50,274.44,66.57,1
313740,39,66,68,764,0,10,0,25.30,1009.00,39.51,273.75,66.66,1
314736,40,66,67,765,0,10,0,25.30,1008.99,39.50,273.98,66.66,1
315732,39,66,67,765,0,10,0,25.30,1008.99,39.50,275.35,66.66,1
316728,39,67,68,764,0,10,0,25.30,1008.99,39.50,274.21,66.66,1
317724,40,66,67,764,0,10,0,25.30,1008.99,39.48,275.12,66.74,1
318720,39,66,68,764,1,10,0,25.30,1008.98,39.49,275.12,66.66,1
319716,39,66,67,765,0,10,0,25.30,1008.99,39.50,274.89,66.66,1
320712,40,66,67,764,0,10,0,25.30,1008.99,39.48,274.44,66.66,1
321708,39,66,68,764,0,10,0,25.30,1008.99,39.51,273.98,66.57,1
322704,39,66,67,765,0,10,0,25.30,1009.00,39.51,275.58,66.57,1
323700,40,66,67,765,0,10,0,25.30,1009.00,39.49,274.44,66.66,1
324696,39,66,68,765,0,10,0,25.30,1008.99,39.50,274.89,66.66,1
325692,40,67,68,765,0,10,0,25.30,1008.99,39.50,276.04,66.57,1
326688,39,66,67,765,0,10,0,25.30,1009.00,39.50,275.12,66.49,1
327684,39,66,67,765,0,10,0,25.30,1009.01,39.49,273.53,66.57,1
328680,39,66,67,764,0,10,0,25.30,1009.00,39.50,273.98,66.57,1
329676,40,66,68,764,0,10,0,25.30,1009.00,39.49,276.73,66.66,1
330672,39,66,67,765,0,10,0,25.30,1008.99,39.48,276.04,66.74,1
331668,39,66,68,765,0,10,0,25.30,1008.98,39.49,274.89,66.66,1
332664,39,66,67,765,0,9,0,25.30,1008.99,39.49,274.89,66.57,1
333660,39,66,68,765,0,10,0,25.30,1009.00,39.49,275.58,66.57,1
334656,40,66,68,765,0,9,0,25.30,1009.00,39.49,273.75,66.57,1
335652,39,66,68,765,0,10,0,25.30,1009.00,39.49,275.81,66.66,1
336648,40,67,67,765,0,10,0,25.30,1008.99,39.48,273.98,66.66,1
337644,40,66,67,765,0,10,0,25.30,1008.99,39.49,276.97,66.66,1
338640,39,66,68,764,0,11,0,25.31,1008.99,39.49,273.75,66.57,1
339636,40,66,68,764,0,10,0,25.31,1009.00,39.49,273.30,66.66,1
340632,39,66,68,764,0,10,0,25.31,1008.99,39.47,273.75,66.57,1
341628,39,66,67,764,0,10,0,25.31,1009.00,39.47,274.89,66.57,1
342624,39,66,68,764,0,10,0,25.31,1009.00,39.48,273.30,66.66,1
343620,39,66,67,765,0,10,0,25.31,1008.99,39.47,273.98,66.66,1
344616,40,66,67,765,0,10,0,25.31,1008.99,39.49,273.75,66.66,1
345612,40,67,68,765,0,10,0,25.31,1008.99,39.48,274.89,66.74,1
346608,40,66,68,764,0,10,0,25.31,1008.98,39.47,272.63,66.74,1
347604,39,66,67,765,0,10,0,25.31,1008.98,39.47,275.35,66.74,1
348600,39,67,68,765,0,10,0,25.31,1008.98,39.47,273.53,66.74,1
349596,39,67,68,765,0,10,0,25.31,1008.98,39.47,273.98,66.66,1
350592,40,66,69,764,0,10,0,25.31,1008.99,39.47,274.67,66.66,1
351588,40,67,68,764,0,10,0,25.31,1008.99,39.47,274.44,66.74,1
352584,40,66,68,764,0,10,0,25.31,1008.98,39.47,275.12,66.74,1
353580,40,67,68,764,0,10,0,25.31,1008.98,39.46,273.75,66.74,1
354576,40,66,68,764,0,10,0,25.31,1008.98,39.46,273.98,66.74,1
355572,40,67,68,764,0,10,0,25.31,1008.98,39.45,273.53,66.82,1
356568,39,66,68,765,0,10,0,25.31,1008.97,39.46,273.98,66.82,1
357564,40,66,69,765,0,10,0,25.31,1008.97,39.45,274.44,66.82,1
358560,40,67,68,764,0,10,0,25.32,1008.97,39.45,274.44,66.91,1
359556,40,66,68,765,0,10,0,25.31,1008.96,39.46,273.75,66.82,1
360552,40,66,68,764,0,10,0,25.31,1008.97,39.45,274.21,66.91,1
361548,39,67,68,765,0,10,0,25.32,1008.96,39.45,276.04,66.91,1
362544,39,66,68,765,0,10,0,25.32,1008.96,39.46,274.21,66.91,1
363540,39,66,68,765,0,10,0,25.32,1008.96,39.45,274.44,66.99,1
364536,40,66,68,764,0,10,0,25.32,1008.95,39.45,275.12,66.91,1
365532,40,67,69,765,0,10,0,25.32,1008.96,39.45,274.21,66.99,1
366528,40,67,69,765,0,10,0,25.32,1008.95,39.45,273.30,66.99,1
367524,40,67,68,765,0,10,0,25.32,1008.95,39.45,273.75,66.99,1
368520,40,67,69,764,0,10,0,25.32,1008.95,39.43,273.30,67.07,1
369516,40,66,69,765,0,10,0,25.32,1008.94,39.45,275.12,67.16,1
370512,40,66,68,764,1,10,0,25.32,1008.93,39.43,274.44,67.07,1
371508,40,66,68,765,0,10,0,25.32,1008.94,39.43,274.21,67.07,1
372504,39,67,69,765,0,10,0,25.32,1008.94,39.42,273.75,67.07,1
373500,40,67,69,764,0,10,0,25.32,1008.94,39.43,274.21,67.07,1
374496,40,67,69,765,0,10,0,25.32,1008.94,39.43,274.67,67.16,1
375492,39,66,68,765,0,10,0,25.32,1008.93,39.43,275.12,67.16,1
376488,40,66,69,764,0,10,0,25.32,1008.93,39.42,273.75,67.16,1
377484,40,67,68,764,0,10,0,25.33,1008.93,39.43,275.12,67.07,1
378480,40,66,68,764,0,11,0,25.33,1008.94,39.43,274.67,67.16,1
379476,40,67,69,765,0,10,0,25.33,1008.93,39.42,273.08,67.16,1
380472,40,67,69,765,0,10,0,25.33,1008.93,39.41,274.67,67.24,1
381468,40,66,68,765,0,10,0,25.33,1008.92,39.42,273.98,67.16,1
382464,40,67,69,765,0,10,0,25.33,1008.93,39.42,275.58,67.16,1
383460,40,67,69,765,0,10,0,25.33,1008.93,39.41,273.75,67.16,1
384456,40,67,69,765,0,10,0,25.33,1008.93,39.41,275.58,67.16,1
385452,40,67,69,765,0,9,0,25.33,1008.93,39.42,274.21,67.16,1
386448,40,67,69,765,1,10,0,25.33,1008.93,39.41,274.21,67.16,1
387444,40,67,69,765,0,10,0,25.33,1008.93,39.41,274.21,67.24,1
388440,40,66,69,765,0,10,0,25.33,1008.92,39.41,275.35,67.24,1
389436,40,66,69,764,0,11,0,25.33,1008.92,39.40,273.98,67.32,1
390432,40,67,69,765,0,10,0,25.33,1008.91,39.40,275.12,67.32,1
391428,40,67,69,765,0,10,0,25.33,1008.91,39.41,274.67,67.41,1
392424,40,66,69,764,0,10,0,25.33,1008.90,39.41,274.21,67.41,1
393420,40,66,69,765,0,10,0,25.33,1008.90,39.38,274.44,67.32,1
394416,41,66,69,765,0,10,0,25.34,1008.91,39.40,275.12,67.41,1
395412,40,66,69,764,0,10,0,25.34,1008.90,39.38,275.35,67.32,1
396408,41,66,68,764,0,10,0,25.34,1008.91,39.39,274.21,67.24,1
397404,40,66,69,764,0,10,0,25.34,1008.92,39.39,274.89,67.24,1
398400,40,67,70,765,0,11,0,25.34,1008.92,39.39,274.67,67.24,1
399396,41,67,69,765,0,10,0,25.34,1008.92,39.39,273.30,67.32,1
400392,40,66,70,764,0,9,0,25.34,1008.91,39.38,274.21,67.24,1
401388,40,66,69,765,0,10,0,25.34,1008.92,39.39,276.04,67.32,1
402384,40,67,69,765,0,10,0,25.34,1008.91,39.39,274.21,67.32,1
403380,40,67,69,765,0,10,0,25.34,1008.91,39.39,275.35,67.32,1
404376,40,67,69,765,0,10,0,25.34,1008.91,39.38,275.58,67.32,1
405372,40,67,70,764,0,9,0,25.34,1008.91,39.37,275.35,67.32,1
406368,41,67,70,765,0,10,0,25.34,1008.91,39.38,274.67,67.32,1
407364,40,67,69,765,0,10,0,25.34,1008.91,39.38,272.85,67.41,1
408360,40,67,69,765,0,10,0,25.34,1008.90,39.38,274.89,67.41,1
409356,41,67,69,765,0,10,0,25.34,1008.90,39.38,274.67,67.41,1
410352,41,67,70,765,0,10,0,25.34,1008.90,39.37,273.75,67.49,1
411348,40,67,69,765,0,10,0,25.34,1008.89,39.37,273.75,67.41,1
412344,40,67,69,765,0,10,0,25.34,1008.90,39.37,274.89,67.41,1
413340,40,67,69,765,0,10,0,25.34,1008.90,39.36,275.58,67.49,1
414336,40,67,70,765,0,10,0,25.34,1008.89,39.37,273.53,67.49,1
415332,41,67,69,765,0,10,0,25.34,1008.89,39.38,275.58,67.57,1
416328,40,67,70,765,0,10,0,25.34,1008.88,39.37,274.44,67.57,1
417324,41,67,70,765,0,10,0,25.34,1008.88,39.36,273.53,67.66,1
418320,40,66,70,765,0,10,0,25.34,1008.87,39.35,273.30,67.57,1
419316,40,67,70,765,0,10,0,25.34,1008.88,39.35,274.21,67.57,1
420312,40,67,70,765,0,10,0,25.35,1008.88,39.35,274.67,67.57,1
421308,40,67,69,765,0,10,0,25.35,1008.88,39.34,273.53,67.57,1
422304,40,67,70,764,0,10,0,25.35,1008.88,39.35,275.12,67.57,1
423300,40,67,69,764,0,10,0,25.35,1008.88,39.34,275.58,67.57,1
424296,40,66,70,765,0,10,0,25.35,1008.88,39.34,274.67,67.57,1
425292,40,67,69,764,0,10,0,25.35,1008.88,39.35,272.85,67.57,1
426288,41,66,69,765,0,10,0,25.35,1008.88,39.34,274.67,67.66,1
427284,40,66,70,765,1,10,0,25.35,1008.87,39.34,275.12,67.57,1
428280,41,67,69,764,0,10,0,25.35,1008.88,39.33,273.75,67.57,1
429276,41,67,70,765,0,10,0,25.35,1008.88,39.34,275.12,67.66,1
430272,40,67,70,764,0,10,0,25.35,1008.87,39.33,274.21,67.66,1
431268,41,67,70,765,0,10,0,25.35,1008.87,39.34,274.21,67.74,1
432264,40,67,70,765,0,10,0,25.35,1008.86,39.33,274.67,67.74,1
433260,41,67,70,765,0,10,0,25.35,1008.86,39.33,273.98,67.66,1
434256,40,67,70,765,0,10,0,25.35,1008.87,39.33,275.12,67.74,1
435252,40,67,70,764,0,12,0,25.35,1008.86,39.33,275.12,67.74,1
436248,41,67,70,765,0,10,0,25.35,1008.86,39.31,275.35,67.74,1
437244,40,67,70,765,0,10,0,25.35,1008.86,39.33,273.75,67.91,1
438240,40,67,70,765,0,10,0,25.35,1008.84,39.34,274.67,67.82,1
439236,40,67,70,765,0,11,0,25.35,1008.85,39.33,274.21,67.74,1
440232,41,67,70,765,0,10,0,25.35,1008.86,39.33,275.12,67.82,1
441228,40,67,70,764,1,10,0,25.35,1008.85,39.33,273.75,67.74,1
442224,40,67,69,764,0,10,0,25.35,1008.86,39.33,273.53,67.82,1
443220,41,67,70,765,0,10,0,25.35,1008.85,39.33,274.21,67.82,1
444216,41,66,70,765,0,10,0,25.35,1008.85,39.34,274.44,67.82,1
445212,40,67,70,765,1,10,0,25.35,1008.85,39.33,274.89,67.82,1
446208,40,67,70,765,0,10,0,25.35,1008.85,39.33,274.44,67.82,1
447204,41,67,70,765,0,10,0,25.35,1008.85,39.33,273.08,67.74,1
448200,41,67,70,765,0,10,0,25.35,1008.86,39.31,273.53,67.74,1
449196,40,67,70,764,0,10,0,25.35,1008.86,39.33,273.53,67.74,1
450192,40,67,70,764,0,10,0,25.35,1008.86,39.33,273.98,67.66,1
451188,41,67,71,764,0,9,0,25.35,1008.87,39.31,273.30,67.66,1
452184,40,67,70,765,0,10,0,25.35,1008.87,39.30,274.21,67.66,1
453180,41,67,70,765,0,11,0,25.35,1008.87,39.30,272.63,67.66,1
454176,41,67,70,765,0,10,0,25.35,1008.87,39.31,274.89,67.57,1
455172,41,67,70,764,0,10,0,25.35,1008.88,39.32,273.08,67.49,1
456168,40,67,70,765,0,10,0,25.35,1008.89,39.32,274.21,67.49,1
457164,41,67,70,765,0,10,0,25.35,1008.89,39.31,272.40,67.49,1
458160,40,67,71,765,0,12,0,25.35,1008.89,39.32,273.08,67.49,1
459156,41,67,71,765,0,10,0,25.36,1008.89,39.31,275.81,67.49,1
460152,41,67,70,764,0,10,0,25.36,1008.89,39.30,273.53,67.49,1
461148,40,67,70,765,0,10,0,25.36,1008.89,39.31,273.75,67.41,1
462144,40,67,71,765,0,10,0,25.36,1008.90,39.31,274.44,67.41,1
463140,41,67,71,764,0,10,0,25.36,1008.90,39.30,273.53,67.49,1
464136,41,67,71,765,0,10,0,25.36,1008.89,39.31,273.98,67.49,1
465132,40,67,70,764,0,10,0,25.36,1008.89,39.31,272.85,67.41,1
466128,41,67,71,765,0,10,0,25.36,1008.90,39.30,273.98,67.41,1
467124,41,68,71,765,0,10,0,25.36,1008.90,39.30,274.67,67.49,1
468120,41,67,70,765,0,10,0,25.36,1008.89,39.29,274.67,67.49,1
469116,41,67,71,764,0,11,0,25.36,1008.89,39.29,275.58,67.41,1
470112,41,67,71,765,0,11,0,25.36,1008.90,39.27,274.44,67.49,1
471108,40,67,71,765,0,10,0,25.36,1008.89,39.29,273.75,67.49,1
472104,41,67,71,765,0,10,0,25.36,1008.89,39.29,272.63,67.49,1
473100,41,67,71,764,0,10,0,25.36,1008.89,39.29,272.40,67.57,1
474096,41,67,70,764,0,10,0,25.36,1008.88,39.28,274.67,67.57,1
475092,41,67,71,764,0,10,0,25.36,1008.88,39.28,273.30,67.49,1
476088,41,67,70,765,0,10,0,25.36,1008.89,39.27,272.85,67.49,1
477084,41,67,71,765,0,10,0,25.36,1008.89,39.28,272.40,67.49,1
478080,40,67,71,764,0,10,0,25.36,1008.89,39.27,273.08,67.49,1
479076,41,68,71,765,0,10,0,25.36,1008.89,39.27,273.75,67.49,1
480072,40,67,71,764,0,10,0,25.36,1008.89,39.27,275.12,67.49,1
481068,41,67,71,765,0,10,0,25.36,1008.89,39.26,274.21,67.49,1
482064,41,67,71,764,0,11,0,25.36,1008.89,39.27,275.12,67.41,1
483060,41,67,70,765,0,10,0,25.36,1008.90,39.27,273.98,67.41,1
484056,41,67,71,765,0,10,0,25.36,1008.90,39.27,273.75,67.49,1
485052,41,67,71,764,0,10,0,25.36,1008.89,39.28,273.53,67.41,1
486048,41,68,71,764,0,10,0,25.36,1008.90,39.26,274.67,67.32,1
487044,41,67,71,765,0,10,0,25.36,1008.91,39.27,274.44,67.32,1
488040,41,68,70,765,0,10,0,25.36,1008.91,39.27,274.89,67.32,1
489036,40,67,71,764,0,10,0,25.36,1008.91,39.27,274.67,67.41,1
490032,41,67,71,765,0,10,0,25.36,1008.90,39.27,273.75,67.32,1
491028,41,68,71,765,0,10,0,25.36,1008.91,39.27,274.21,67.32,1
492024,41,67,71,765,0,10,0,25.36,1008.91,39.27,274.67,67.32,1
493020,41,68,71,765,0,10,0,25.36,1008.91,39.26,274.89,67.32,1
494016,41,67,71,765,0,11,0,25.36,1008.91,39.27,271.95,67.32,1
495012,41,68,71,764,0,10,0,25.36,1008.91,39.25,274.67,67.32,1
496008,41,67,71,764,0,10,0,25.36,1008.91,39.26,273.98,67.32,1
497004,41,67,71,765,0,10,0,25.36,1008.91,39.26,273.08,67.24,1
498000,41,67,71,765,0,11,0,25.36,1008.92,39.25,274.67,67.24,1
498996,41,68,71,764,0,10,0,25.36,1008.92,39.26,272.18,67.32,1
499992,41,68,71,765,0,10,0,25.36,1008.91,39.25,272.40,67.24,1
500988,41,67,71,765,0,12,0,25.36,1008.92,39.26,274.67,67.24,1
501984,40,67,71,765,0,10,0,25.36,1008.92,39.26,273.30,67.24,1
502980,41,67,71,765,0,10,0,25.36,1008.92,39.25,273.98,67.32,1
503976,42,67,71,765,0,10,0,25.37,1008.91,39.24,272.63,67.32,1
504972,41,67,71,765,0,11,0,25.37,1008.91,39.26,273.98,67.32,1
505968,41,67,71,764,0,11,0,25.37,1008.91,39.24,274.89,67.32,1
506964,41,67,72,765,0,10,0,25.37,1008.91,39.23,275.35,67.32,1
507960,41,68,71,765,0,10,0,25.37,1008.91,39.24,275.81,67.32,1
508956,41,67,71,765,0,10,0,25.37,1008.91,39.23,272.85,67.32,1
509952,42,67,72,765,0,10,0,25.37,1008.91,39.23,273.75,67.32,1
510948,41,68,72,765,0,9,0,25.37,1008.91,39.23,273.53,67.32,1
511944,41,67,71,765,0,10,0,25.37,1008.91,39.21,274.67,67.41,1
512940,41,67,72,765,0,10,0,25.37,1008.90,39.23,274.89,67.49,1
513936,41,68,72,765,0,10,0,25.37,1008.89,39.23,273.30,67.49,1
514932,41,68,71,765,0,10,0,25.37,1008.89,39.22,274.21,67.49,1
515928,41,67,72,765,0,10,0,25.37,1008.89,39.22,274.44,67.49,1
516924,41,68,71,765,0,9,0,25.37,1008.89,39.22,275.35,67.49,1
517920,41,68,72,765,0,10,0,25.37,1008.89,39.22,274.44,67.49,1
518916,41,68,72,765,0,10,0,25.37,1008.89,39.22,273.75,67.49,1
519912,41,67,72,765,0,10,0,25.37,1008.89,39.22,273.75,67.49,1
520908,41,67,72,765,0,10,0,25.37,1008.89,39.21,275.35,67.49,1
521904,41,68,71,765,0,9,0,25.37,1008.89,39.21,274.44,67.49,1
522900,42,67,72,764,0,10,0,25.37,1008.89,39.22,274.44,67.49,1
523896,41,68,72,765,0,10,0,25.37,1008.89,39.23,275.12,67.49,1
524892,41,68,72,765,0,10,0,25.37,1008.89,39.22,275.35,67.49,1
525888,42,67,71,765,0,10,0,25.37,1008.89,39.22,273.98,67.41,1
526884,41,67,71,765,0,10,0,25.37,1008.90,39.22,273.75,67.41,1
527880,41,68,72,765,0,10,0,25.37,1008.90,39.22,274.67,67.41,1
528876,42,67,72,764,0,10,0,25.37,1008.90,39.22,275.81,67.32,1
529872,41,67,72,765,0,10,0,25.37,1008.91,39.22,276.04,67.32,1
530868,41,68,72,765,0,10,0,25.37,1008.91,39.22,273.30,67.41,1
531864,41,68,72,765,0,10,0,25.37,1008.90,39.21,275.12,67.32,1
532860,40,67,71,765,0,10,0,25.37,1008.91,39.22,272.85,67.24,1
533856,41,68,72,765,0,11,0,25.37,1008.92,39.22,274.67,67.32,1
534852,41,68,72,765,0,10,0,25.37,1008.91,39.19,274.67,67.32,1
535848,41,67,72,765,0,10,0,25.37,1008.91,39.22,274.21,67.24,1
536844,41,68,72,764,0,10,0,25.37,1008.92,39.22,274.67,67.24,1
537840,41,68,72,765,1,10,0,25.37,1008.92,39.20,273.98,67.24,1
538836,42,68,72,765,0,9,0,25.37,1008.92,39.21,276.27,67.24,1
539832,42,68,72,765,0,10,0,25.37,1008.92,39.20,273.53,67.24,1
540828,41,68,72,764,0,10,0,25.37,1008.92,39.21,273.75,67.16,1
541824,41,68,72,765,0,10,0,25.37,1008.93,39.19,273.53,67.24,1
542820,41,67,72,765,0,10,0,25.37,1008.92,39.19,275.12,67.24,1
543816,41,68,72,765,0,11,0,25.37,1008.92,39.20,273.75,67.24,1
544812,41,68,72,765,0,10,0,25.37,1008.92,39.20,273.30,67.32,1
545808,41,68,72,765,0,10,0,25.37,1008.91,39.20,273.75,67.41,1
546804,41,67,72,765,0,10,0,25.37,1008.90,39.19,273.53,67.32,1
547800,41,67,72,766,0,9,0,25.37,1008.91,39.19,274.44,67.41,1
548796,42,68,72,765,0,11,0,25.37,1008.90,39.19,274.67,67.32,1
549792,41,68,73,764,0,10,0,25.37,1008.91,39.19,272.40,67.32,1
550788,42,67,72,765,0,10,0,25.37,1008.91,39.18,275.58,67.24,1
551784,42,68,73,766,0,12,0,25.37,1008.92,39.19,274.21,67.32,1
552780,41,68,72,765,0,10,0,25.37,1008.91,39.18,273.75,67.41,1
553776,41,68,72,765,0,10,0,25.37,1008.90,39.18,273.75,67.41,1
554772,42,67,73,764,0,10,0,25.37,1008.90,39.19,274.89,67.41,1
555768,42,68,72,765,0,10,0,25.37,1008.90,39.18,273.75,67.41,1
556764,41,68,72,765,0,10,0,25.37,1008.90,39.21,275.35,67.32,1
557760,41,67,72,765,0,10,0,25.37,1008.91,39.18,275.12,67.32,1
558756,42,68,72,765,0,10,0,25.37,1008.91,39.16,274.89,67.32,1
559752,41,68,72,766,0,10,0,25.37,1008.91,39.18,274.21,67.32,1
560748,41,67,73,765,0,10,0,25.37,1008.91,39.17,276.04,67.41,1
561744,41,67,72,765,0,10,0,25.37,1008.90,39.18,275.12,67.32,1
562740,41,68,72,765,0,10,0,25.37,1008.91,39.18,273.98,67.24,1
563736,41,68,72,765,0,10,0,25.37,1008.92,39.16,273.30,67.16,1
564732,41,68,73,765,0,11,0,25.37,1008.93,39.16,273.30,67.16,1
565728,41,68,73,765,0,10,0,25.37,1008.93,39.17,273.98,67.24,1
566724,41,67,72,764,0,10,0,25.37,1008.92,39.18,273.75,67.24,1
567720,41,67,72,765,0,10,0,25.37,1008.92,39.17,273.75,67.24,1
568716,41,68,73,765,0,10,0,25.37,1008.92,39.16,274.44,67.24,1
569712,41,68,72,765,0,10,0,25.37,1008.92,39.17,275.81,67.24,1
570708,41,68,72,765,0,10,0,25.37,1008.92,39.17,275.35,67.16,1
571704,41,68,73,765,0,10,0,25.37,1008.93,39.17,275.35,67.16,1
572700,42,68,73,765,0,10,0,25.37,1008.93,39.16,275.35,67.16,1
573696,41,68,72,765,0,10,0,25.37,1008.93,39.17,274.21,67.16,1
574692,41,68,73,764,0,10,0,25.37,1008.93,39.16,274.67,67.24,1
575688,41,68,73,765,0,10,0,25.37,1008.92,39.16,274.67,67.32,1
576684,41,68,72,765,0,10,0,25.37,1008.91,39.16,274.67,67.24,1
577680,41,67,73,765,0,10,0,25.37,1008.92,39.16,274.44,67.16,1
578676,41,68,73,764,0,10,0,25.37,1008.93,39.16,275.58,67.16,1
579672,42,68,72,765,0,10,0,25.37,1008.93,39.16,275.81,67.16,1
580668,41,68,73,765,0,10,0,25.37,1008.93,39.16,273.53,67.16,1
