timestamp,NO2,C2H50H,VOC,CO,Alcohol,LPG,Benzene,Temperature,Pressure,Humidity,Gas_Resistance,Altitude,State412344,100,174,290,766,0,6,0,33.59,688.60,100.00,0.00,3170.54,1
413340,100,173,288,766,0,7,0,33.59,688.60,100.00,0.00,3170.54,1
414336,100,173,287,766,0,6,0,33.59,688.60,100.00,0.00,3170.54,1
415332,100,173,287,766,0,6,0,33.59,688.60,100.00,0.00,3170.54,1
416328,99,173,286,766,0,6,0,33.59,688.60,100.00,0.00,3170.54,1
417324,99,172,285,766,0,6,0,33.59,688.60,100.00,0.00,3170.54,1
418320,98,172,285,766,0,6,0,33.59,688.60,100.00,0.00,3170.54,1
419316,98,172,284,766,0,6,0,33.59,688.60,100.00,0.00,3170.54,1
420312,98,172,283,766,0,5,0,33.59,688.60,100.00,0.00,3170.54,1
421308,97,171,282,767,0,5,0,33.59,688.60,100.00,0.00,3170.54,1
422304,98,171,282,766,0,6,0,33.59,688.60,100.00,0.00,3170.54,1
423300,97,171,281,766,1,7,0,33.59,688.60,100.00,0.00,3170.54,1
424296,97,171,280,766,1,6,0,33.59,688.60,100.00,0.00,3170.54,1
425292,96,170,279,766,1,6,0,33.59,688.60,100.00,0.00,3170.54,1
426288,96,171,279,766,0,7,0,33.59,688.60,100.00,0.00,3170.54,1
427284,96,170,278,766,0,5,0,33.59,688.60,100.00,0.00,3170.54,1
428280,96,170,277,766,0,5,0,33.59,688.60,100.00,0.00,3170.54,1
429276,96,170,276,766,0,5,0,33.59,688.60,100.00,0.00,3170.54,1
430272,95,170,276,766,0,6,0,33.59,688.60,100.00,0.00,3170.54,1
431268,94,169,275,765,0,6,0,33.59,688.60,100.00,0.00,3170.54,1
432264,94,170,274,766,1,6,0,33.59,688.60,100.00,0.00,3170.54,1
433260,94,169,274,765,1,6,0,33.59,688.60,100.00,0.00,3170.54,1
434256,93,169,273,767,0,6,0,33.59,688.60,100.00,0.00,3170.54,1
435252,93,169,272,765,1,7,0,33.59,688.60,100.00,0.00,3170.54,1
436248,93,168,272,766,1,7,0,33.59,688.60,100.00,0.00,3170.54,1
437244,92,168,272,766,1,6,0,33.59,688.60,100.00,0.00,3170.54,1
438240,93,168,270,766,1,6,0,33.59,688.60,100.00,0.00,3170.54,1
439236,93,168,270,766,1,6,0,33.59,688.60,100.00,0.00,3170.54,1
440232,93,167,269,765,1,6,0,33.59,688.60,100.00,0.00,3170.54,1
441228,92,168,270,766,1,7,0,33.59,688.60,100.00,0.00,3170.54,1
442224,92,168,268,765,1,7,0,33.59,688.60,100.00,0.00,3170.54,1
443220,92,167,268,766,1,7,0,33.59,688.60,100.00,0.00,3170.54,1
444216,92,167,268,766,1,7,0,33.59,688.60,100.00,0.00,3170.54,1
445212,92,167,268,766,1,7,0,33.59,688.60,100.00,0.00,3170.54,1
446208,92,166,267,766,1,6,0,33.59,688.60,100.00,0.00,3170.54,1
447204,92,167,267,766,1,6,0,33.59,688.60,100.00,0.00,3170.54,1
448200,92,167,266,766,1,7,0,33.59,688.60,100.00,0.00,3170.54,1
449196,92,166,266,766,1,6,0,33.59,688.60,100.00,0.00,3170.54,1
450192,91,166,265,765,1,7,0,33.59,688.60,100.00,0.00,3170.54,1
451188,92,166,265,766,1,7,0,33.59,688.60,100.00,0.00,3170.54,1
452184,92,166,265,766,1,7,0,33.59,688.60,100.00,0.00,3170.54,1
453180,92,166,264,766,1,7,0,33.59,688.60,100.00,0.00,3170.54,1
454176,92,165,264,765,1,6,0,33.59,688.60,100.00,0.00,3170.54,1
455172,91,165,264,766,0,6,0,33.59,688.60,100.00,0.00,3170.54,1
456168,92,165,264,766,0,5,0,33.59,688.60,100.00,0.00,3170.54,1
457164,92,165,263,765,1,8,0,33.59,688.60,100.00,0.00,3170.54,1
458160,92,165,263,766,1,6,0,33.59,688.60,100.00,0.00,3170.54,1
459156,92,165,264,766,1,7,0,33.59,688.60,100.00,0.00,3170.54,1
460152,92,164,263,766,1,6,0,33.59,688.60,100.00,0.00,3170.54,1
461148,93,164,264,766,1,7,0,33.59,688.60,100.00,0.00,3170.54,1
462144,92,165,263,766,1,7,0,33.59,688.60,100.00,0.00,3170.54,1
463140,93,164,263,766,1,6,0,33.59,688.60,100.00,0.00,3170.54,1
464136,94,164,263,766,1,6,0,33.59,688.60,100.00,0.00,3170.54,1
465132,94,164,263,767,1,6,0,33.59,688.60,100.00,0.00,3170.54,1
466128,94,164,264,766,1,7,0,33.59,688.60,100.00,0.00,3170.54,1
467124,94,164,264,766,1,6,0,33.59,688.60,100.00,0.00,3170.54,1
468120,94,163,264,765,0,6,0,33.59,688.60,100.00,0.00,3170.54,1
469116,95,163,264,766,1,7,0,33.59,688.60,100.00,0.00,3170.54,1
470112,95,164,265,766,0,5,0,33.59,688.60,100.00,0.00,3170.54,1
471108,96,163,264,766,1,6,0,33.59,688.60,100.00,0.00,3170.54,1
472104,96,163,265,766,0,6,0,33.59,688.60,100.00,0.00,3170.54,1
473100,97,163,264,766,0,5,0,33.59,688.60,100.00,0.00,3170.54,1
474096,97,163,264,766,0,6,0,33.59,688.60,100.00,0.00,3170.54,1
475092,98,163,265,766,0,5,0,33.59,688.60,100.00,0.00,3170.54,1
476088,98,163,265,766,0,5,0,33.59,688.60,100.00,0.00,3170.54,1
477084,98,163,266,766,0,6,0,33.59,688.60,100.00,0.00,3170.54,1
478080,99,163,266,766,0,6,0,33.59,688.60,100.00,0.00,3170.54,1
479076,99,163,266,766,0,6,0,33.59,688.60,100.00,0.00,3170.54,1
480072,100,162,266,766,0,6,0,33.59,688.60,100.00,0.00,3170.54,1
481068,100,162,266,766,0,6,0,33.59,688.60,100.00,0.00,3170.54,1
482064,101,162,267,766,0,6,0,33.59,688.60,100.00,0.00,3170.54,1
483060,101,162,267,765,0,6,0,33.59,688.60,100.00,0.00,3170.54,1
484056,101,162,268,766,0,6,0,33.59,688.60,100.00,0.00,3170.54,1
485052,101,162,268,766,1,6,0,33.59,688.60,100.00,0.00,3170.54,1
486048,102,162,268,766,1,7,0,33.59,688.60,100.00,0.00,3170.54,1
487044,102,162,268,766,1,6,0,33.59,688.60,100.00,0.00,3170.54,1
488040,102,162,268,766,1,6,0,33.59,688.60,100.00,0.00,3170.54,1
489036,104,162,270,766,0,6,0,33.59,688.60,100.00,0.00,3170.54,1
490032,104,162,270,766,0,6,0,33.59,688.60,100.00,0.00,3170.54,1
491028,105,161,270,766,0,6,0,33.59,688.60,100.00,0.00,3170.54,1
492024,105,162,269,766,1,7,0,33.59,688.60,100.00,0.00,3170.54,1
493020,105,162,271,766,1,7,0,33.59,688.60,100.00,0.00,3170.54,1
494016,106,162,271,765,1,7,0,33.59,688.60,100.00,0.00,3170.54,1
495012,106,162,272,765,1,7,0,33.59,688.60,100.00,0.00,3170.54,1
496008,106,162,272,766,1,7,0,33.59,688.60,100.00,0.00,3170.54,1
497004,107,162,273,766,1,7,0,33.59,688.60,100.00,0.00,3170.54,1
498000,107,162,273,766,1,6,0,33.59,688.60,100.00,0.00,3170.54,1
498996,108,162,273,766,1,6,0,33.59,688.60,100.00,0.00,3170.54,1
499992,108,162,275,766,0,6,0,33.59,688.60,100.00,0.00,3170.54,1
500988,110,162,275,766,0,6,0,33.59,688.60,100.00,0.00,3170.54,1
501984,109,161,275,766,0,6,0,33.59,688.60,100.00,0.00,3170.54,1
502980,110,161,276,766,0,5,0,33.59,688.60,100.00,0.00,3170.54,1
503976,111,161,276,766,1,6,0,33.59,688.60,100.00,0.00,3170.54,1
504972,112,161,276,766,0,6,0,33.59,688.60,100.00,0.00,3170.54,1
505968,112,162,277,766,0,6,0,33.59,688.60,100.00,0.00,3170.54,1
506964,113,162,278,766,0,6,0,33.59,688.60,100.00,0.00,3170.54,1
507960,113,162,279,766,0,6,0,33.59,688.60,100.00,0.00,3170.54,1
508956,113,162,278,766,0,6,0,33.59,688.60,100.00,0.00,3170.54,1
509952,114,162,279,765,0,6,0,33.59,688.60,100.00,0.00,3170.54,1
510948,114,162,279,766,0,6,0,33.59,688.60,100.00,0.00,3170.54,1
511944,115,162,279,765,0,6,0,33.59,688.60,100.00,0.00,3170.54,1
512940,116,162,280,766,0,6,0,33.59,688.60,100.00,0.00,3170.54,1
513936,116,162,281,766,0,6,0,33.59,688.60,100.00,0.00,3170.54,1
514932,116,162,281,766,0,6,0,33.59,688.60,100.00,0.00,3170.54,1
515928,117,162,282,765,0,6,0,33.59,688.60,100.00,0.00,3170.54,1
516924,118,162,282,765,0,5,0,33.59,688.60,100.00,0.00,3170.54,1
517920,118,162,283,766,0,5,0,33.59,688.60,100.00,0.00,3170.54,1
518916,118,162,283,765,0,5,0,33.59,688.60,100.00,0.00,3170.54,1
519912,119,162,284,766,0,5,0,33.59,688.60,100.00,0.00,3170.54,1
520908,119,162,284,766,0,5,0,33.59,688.60,100.00,0.00,3170.54,1
521904,120,162,284,766,0,6,0,33.59,688.60,100.00,0.00,3170.54,1
522900,120,162,285,766,0,6,0,33.59,688.60,100.00,0.00,3170.54,1
523896,120,162,286,766,0,6,0,33.59,688.60,100.00,0.00,3170.54,1
524892,121,162,286,766,0,5,0,33.59,688.60,100.00,0.00,3170.54,1
525888,121,162,286,766,0,6,0,33.59,688.60,100.00,0.00,3170.54,1
526884,122,162,287,766,0,6,0,33.59,688.60,100.00,0.00,3170.54,1
527880,122,163,287,766,0,6,0,33.59,688.60,100.00,0.00,3170.54,1
528876,123,163,288,766,0,5,0,33.59,688.60,100.00,0.00,3170.54,1
529872,124,163,289,766,0,5,0,33.59,688.60,100.00,0.00,3170.54,1
530868,124,163,289,766,0,6,0,33.59,688.60,100.00,0.00,3170.54,1
531864,124,163,290,766,0,5,0,33.59,688.60,100.00,0.00,3170.54,1
532860,125,163,289,766,0,5,0,33.59,688.60,100.00,0.00,3170.54,1
533856,126,163,291,766,0,6,0,33.59,688.60,100.00,0.00,3170.54,1
534852,126,163,290,766,0,6,0,33.59,688.60,100.00,0.00,3170.54,1
535848,126,163,291,766,0,6,0,33.59,688.60,100.00,0.00,3170.54,1
536844,126,163,292,766,0,6,0,33.59,688.60,100.00,0.00,3170.54,1
537840,127,163,292,766,0,6,0,33.59,688.60,100.00,0.00,3170.54,1
538836,127,163,293,766,0,6,0,33.59,688.60,100.00,0.00,3170.54,1
539832,128,163,293,766,0,6,0,33.59,688.60,100.00,0.00,3170.54,1
540828,128,163,293,766,0,6,0,33.59,688.60,100.00,0.00,3170.54,1
541824,128,164,294,767,0,6,0,33.59,688.60,100.00,0.00,3170.54,1
542820,129,163,294,766,0,6,0,33.59,688.60,100.00,0.00,3170.54,1
543816,129,164,295,766,0,6,0,33.59,688.60,100.00,0.00,3170.54,1
544812,129,163,295,766,0,6,0,33.59,688.60,100.00,0.00,3170.54,1
545808,130,164,296,766,0,6,0,33.59,688.60,100.00,0.00,3170.54,1
546804,130,164,296,766,0,5,0,33.59,688.60,100.00,0.00,3170.54,1
547800,131,164,297,765,0,6,0,33.59,688.60,100.00,0.00,3170.54,1
548796,131,164,297,767,0,6,0,33.59,688.60,100.00,0.00,3170.54,1
549792,132,164,298,766,0,5,0,33.59,688.60,100.00,0.00,3170.54,1
550788,132,164,298,766,0,6,0,33.59,688.60,100.00,0.00,3170.54,1
551784,132,164,298,766,0,6,0,33.59,688.60,100.00,0.00,3170.54,1
552780,131,164,299,766,0,6,0,33.59,688.60,100.00,0.00,3170.54,1
553776,132,165,300,767,0,6,0,33.59,688.60,100.00,0.00,3170.54,1
554772,133,165,300,766,0,5,0,33.59,688.60,100.00,0.00,3170.54,1
555768,134,165,300,765,0,5,0,33.59,688.60,100.00,0.00,3170.54,1
556764,133,165,301,766,0,5,0,33.59,688.60,100.00,0.00,3170.54,1
557760,134,165,301,766,0,5,0,33.59,688.60,100.00,0.00,3170.54,1
558756,135,165,302,766,0,5,0,33.59,688.60,100.00,0.00,3170.54,1
559752,134,165,302,766,0,6,0,33.59,688.60,100.00,0.00,3170.54,1
560748,135,165,302,766,0,5,0,33.59,688.60,100.00,0.00,3170.54,1
561744,135,165,303,766,0,6,0,33.59,688.60,100.00,0.00,3170.54,1
562740,135,165,303,767,0,6,0,33.59,688.60,100.00,0.00,3170.54,1
563736,135,166,304,766,0,6,0,33.59,688.60,100.00,0.00,3170.54,1
564732,135,165,303,766,0,5,0,33.59,688.60,100.00,0.00,3170.54,1
565728,135,165,304,767,0,5,0,33.59,688.60,100.00,0.00,3170.54,1
566724,136,166,304,766,0,5,0,33.59,688.60,100.00,0.00,3170.54,1
567720,135,166,304,766,0,5,0,33.59,688.60,100.00,0.00,3170.54,1
568716,136,166,304,767,0,5,0,33.59,688.60,100.00,0.00,3170.54,1
569712,136,166,304,766,0,5,0,33.59,688.60,100.00,0.00,3170.54,1
570708,135,166,304,766,0,5,0,33.59,688.60,100.00,0.00,3170.54,1
571704,136,166,304,766,0,5,0,33.59,688.60,100.00,0.00,3170.54,1
572700,136,166,304,766,1,5,0,33.59,688.60,100.00,0.00,3170.54,1
573696,136,166,305,766,0,5,0,33.59,688.60,100.00,0.00,3170.54,1
574692,136,167,305,767,0,5,0,33.59,688.60,100.00,0.00,3170.54,1
575688,136,166,305,766,0,5,0,33.59,688.60,100.00,0.00,3170.54,1
576684,136,166,304,766,0,5,0,33.59,688.60,100.00,0.00,3170.54,1
577680,136,167,305,767,0,5,0,33.59,688.60,100.00,0.00,3170.54,1
578676,136,167,305,767,0,5,0,33.59,688.60,100.00,0.00,3170.54,1
579672,136,167,305,766,0,5,0,33.59,688.60,100.00,0.00,3170.54,1
580668,136,167,305,767,0,5,0,33.59,688.60,100.00,0.00,3170.54,1
581664,136,167,305,767,0,5,0,33.59,688.60,100.00,0.00,3170.54,1
582660,136,167,306,766,0,5,0,33.59,688.60,100.00,0.00,3170.54,1
583656,136,167,304,767,0,5,0,33.59,688.60,100.00,0.00,3170.54,1
584652,136,167,305,767,0,5,0,33.59,688.60,100.00,0.00,3170.54,1
585648,136,167,305,766,0,5,0,33.59,688.60,100.00,0.00,3170.54,1
586644,135,167,305,766,1,5,0,33.59,688.60,100.00,0.00,3170.54,1
587640,136,167,305,767,0,5,0,33.59,688.60,100.00,0.00,3170.54,1
588636,136,167,305,766,0,5,0,33.59,688.60,100.00,0.00,3170.54,1
589632,136,168,306,767,0,6,0,33.59,688.60,100.00,0.00,3170.54,1
590628,136,167,306,766,0,5,0,33.59,688.60,100.00,0.00,3170.54,1
591624,136,167,306,766,0,6,0,33.59,688.60,100.00,0.00,3170.54,1
592620,136,168,306,767,0,5,0,33.59,688.60,100.00,0.00,3170.54,1
593616,136,167,307,766,0,6,0,33.59,688.60,100.00,0.00,3170.54,1
594612,137,168,306,767,0,6,0,33.59,688.60,100.00,0.00,3170.54,1
595608,137,168,307,767,0,6,0,33.59,688.60,100.00,0.00,3170.54,1
596604,136,168,306,767,0,6,0,33.59,688.60,100.00,0.00,3170.54,1
597600,137,168,308,766,0,5,0,33.59,688.60,100.00,0.00,3170.54,1
598596,138,168,308,767,0,6,0,33.59,688.60,100.00,0.00,3170.54,1
599592,138,168,308,766,0,6,0,33.59,688.60,100.00,0.00,3170.54,1
0,138,168,309,767,0,6,0,33.59,688.60,100.00,0.00,3170.54,1
996,140,169,310,767,0,6,0,33.59,688.60,100.00,0.00,3170.54,1
1992,140,169,311,766,0,6,0,33.59,688.60,100.00,0.00,3170.54,1
2988,140,169,311,767,0,6,0,33.59,688.60,100.00,0.00,3170.54,1
3984,141,169,311,767,0,6,0,33.59,688.60,100.00,0.00,3170.54,1
4980,141,169,312,767,0,5,0,33.59,688.60,100.00,0.00,3170.54,1
5976,141,169,312,767,0,6,0,33.59,688.60,100.00,0.00,3170.54,1
6972,142,169,313,766,0,6,0,33.59,688.60,100.00,0.00,3170.54,1
7968,142,169,312,767,0,6,0,33.59,688.60,100.00,0.00,3170.54,1
8964,142,169,314,767,0,6,0,33.59,688.60,100.00,0.00,3170.54,1
9960,143,170,314,766,0,6,0,33.59,688.60,100.00,0.00,3170.54,1
10956,142,169,314,767,0,6,0,33.59,688.60,100.00,0.00,3170.54,1
11952,144,169,315,766,0,6,0,33.59,688.60,100.00,0.00,3170.54,1
12948,143,170,315,767,1,7,0,33.59,688.60,100.00,0.00,3170.54,1
13944,143,170,316,767,1,6,0,33.59,688.60,100.00,0.00,3170.54,1
14940,144,170,316,768,1,6,0,33.59,688.60,100.00,0.00,3170.54,1
15936,144,171,317,767,0,6,0,33.59,688.60,100.00,0.00,3170.54,1
16932,144,170,318,767,0,6,0,33.59,688.60,100.00,0.00,3170.54,1
17928,145,170,318,767,0,6,0,33.59,688.60,100.00,0.00,3170.54,1
18924,145,171,318,768,0,6,0,33.59,688.60,100.00,0.00,3170.54,1
19920,145,171,318,768,0,6,0,33.59,688.60,100.00,0.00,3170.54,1
20916,147,171,319,767,0,6,0,33.59,688.60,100.00,0.00,3170.54,1
21912,147,171,319,767,0,6,0,33.59,688.60,100.00,0.00,3170.54,1
22908,147,171,320,767,0,6,0,33.59,688.60,100.00,0.00,3170.54,1
23904,147,171,321,768,0,6,0,33.59,688.60,100.00,0.00,3170.54,1
24900,147,172,321,767,0,6,0,33.59,688.60,100.00,0.00,3170.54,1
25896,148,171,321,767,0,6,0,33.59,688.60,100.00,0.00,3170.54,1
26892,148,172,321,766,0,7,0,33.59,688.60,100.00,0.00,3170.54,1
27888,148,172,322,767,0,6,0,33.59,688.60,100.00,0.00,3170.54,1
28884,149,172,323,767,1,6,0,33.59,688.60,100.00,0.00,3170.54,1
29880,150,172,323,768,0,6,0,33.59,688.60,100.00,0.00,3170.54,1
30876,150,172,323,767,0,6,0,33.59,688.60,100.00,0.00,3170.54,1
31872,150,172,324,767,0,6,0,33.59,688.60,100.00,0.00,3170.54,1
32868,150,173,325,768,0,6,0,33.59,688.60,100.00,0.00,3170.54,1
33864,151,172,326,767,0,6,0,33.59,688.60,100.00,0.00,3170.54,1
34860,150,172,325,768,0,6,0,33.59,688.60,100.00,0.00,3170.54,1
35856,151,172,326,767,0,6,0,33.59,688.60,100.00,0.00,3170.54,1
36852,151,173,326,767,0,6,0,33.59,688.60,100.00,0.00,3170.54,1
37848,151,172,326,768,1,7,0,33.59,688.60,100.00,0.00,3170.54,1
38844,151,173,327,768,1,6,0,33.59,688.60,100.00,0.00,3170.54,1
39840,151,173,327,768,1,6,0,33.59,688.60,100.00,0.00,3170.54,1
40836,152,173,327,768,1,6,0,33.59,688.60,100.00,0.00,3170.54,1
41832,152,174,327,768,0,6,0,33.59,688.60,100.00,0.00,3170.54,1
42828,152,174,327,767,0,6,0,33.59,688.60,100.00,0.00,3170.54,1
43824,152,174,328,767,1,6,0,33.59,688.60,100.00,0.00,3170.54,1
44820,153,174,328,768,0,6,0,33.59,688.60,100.00,0.00,3170.54,1
45816,153,174,329,768,0,7,0,33.59,688.60,100.00,0.00,3170.54,1
46812,153,174,329,768,0,6,0,33.59,688.60,100.00,0.00,3170.54,1
47808,154,175,330,768,0,6,0,33.59,688.60,100.00,0.00,3170.54,1
48804,153,174,330,768,1,6,0,33.59,688.60,100.00,0.00,3170.54,1
49800,154,174,330,768,1,7,0,33.59,688.60,100.00,0.00,3170.54,1
50796,154,175,331,767,0,6,0,33.59,688.60,100.00,0.00,3170.54,1
51792,154,175,331,768,0,6,0,33.59,688.60,100.00,0.00,3170.54,1
52788,154,175,332,767,1,6,0,33.59,688.60,100.00,0.00,3170.54,1
53784,155,175,332,767,0,6,0,33.59,688.60,100.00,0.00,3170.54,1
54780,155,175,332,768,0,6,0,33.59,688.60,100.00,0.00,3170.54,1
55776,155,175,333,768,0,6,0,33.59,688.60,100.00,0.00,3170.54,1
56772,156,176,333,767,0,6,0,33.59,688.60,100.00,0.00,3170.54,1
57768,155,175,333,768,0,6,0,33.59,688.60,100.00,0.00,3170.54,1
58764,155,175,333,768,0,6,0,33.59,688.60,100.00,0.00,3170.54,1
59760,155,176,334,768,0,6,0,33.59,688.60,100.00,0.00,3170.54,1
60756,156,176,333,768,0,6,0,33.59,688.60,100.00,0.00,3170.54,1
61752,156,176,334,767,0,6,0,33.59,688.60,100.00,0.00,3170.54,1
62748,155,177,334,767,0,6,0,33.59,688.60,100.00,0.00,3170.54,1
63744,155,176,335,768,0,6,0,33.59,688.60,100.00,0.00,3170.54,1
64740,156,177,335,768,0,6,0,33.59,688.60,100.00,0.00,3170.54,1
65736,156,177,334,768,0,6,0,33.59,688.60,100.00,0.00,3170.54,1
66732,156,177,335,768,0,6,0,33.59,688.60,100.00,0.00,3170.54,1
67728,155,177,335,768,0,6,0,33.59,688.60,100.00,0.00,3170.54,1
68724,157,177,336,768,0,6,0,33.59,688.60,100.00,0.00,3170.54,1
69720,157,177,335,768,0,6,0,33.59,688.60,100.00,0.00,3170.54,1
70716,156,177,335,768,0,6,0,33.59,688.60,100.00,0.00,3170.54,1
71712,156,177,336,768,0,6,0,33.59,688.60,100.00,0.00,3170.54,1
72708,157,178,337,769,0,6,0,33.59,688.60,100.00,0.00,3170.54,1
73704,157,178,337,769,0,6,0,33.59,688.60,100.00,0.00,3170.54,1
74700,157,178,337,769,0,6,0,33.59,688.60,100.00,0.00,3170.54,1
75696,157,179,337,768,0,6,0,33.59,688.60,100.00,0.00,3170.54,1
76692,157,179,338,768,0,6,0,33.59,688.60,100.00,0.00,3170.54,1
77688,158,179,338,769,0,6,0,33.59,688.60,100.00,0.00,3170.54,1
78684,159,178,338,768,0,6,0,33.59,688.60,100.00,0.00,3170.54,1
79680,159,179,338,768,0,6,0,33.59,688.60,100.00,0.00,3170.54,1
80676,159,179,340,768,0,6,0,33.59,688.60,100.00,0.00,3170.54,1
81672,159,180,340,769,0,6,0,33.59,688.60,100.00,0.00,3170.54,1
82668,159,179,340,768,0,6,0,33.59,688.60,100.00,0.00,3170.54,1
83664,160,179,341,769,0,6,0,33.59,688.60,100.00,0.00,3170.54,1
84660,160,180,341,769,0,6,0,33.59,688.60,100.00,0.00,3170.54,1
85656,160,179,342,769,0,6,0,33.59,688.60,100.00,0.00,3170.54,1
86652,160,180,342,768,0,6,0,33.59,688.60,100.00,0.00,3170.54,1
87648,161,180,342,768,0,6,0,33.59,688.60,100.00,0.00,3170.54,1
88644,161,180,343,768,0,6,0,33.59,688.60,100.00,0.00,3170.54,1
89640,161,180,343,769,0,6,0,33.59,688.60,100.00,0.00,3170.54,1
90636,161,181,344,768,0,6,0,33.59,688.60,100.00,0.00,3170.54,1
91632,162,180,344,768,0,6,0,33.59,688.60,100.00,0.00,3170.54,1
92628,162,181,344,769,0,6,0,33.59,688.60,100.00,0.00,3170.54,1
93624,162,181,345,769,1,6,0,33.59,688.60,100.00,0.00,3170.54,1
94620,162,181,345,768,0,6,0,33.59,688.60,100.00,0.00,3170.54,1
95616,162,181,346,769,0,6,0,33.59,688.60,100.00,0.00,3170.54,1
96612,162,181,346,769,0,6,0,33.59,688.60,100.00,0.00,3170.54,1
97608,163,181,346,769,0,6,0,33.59,688.60,100.00,0.00,3170.54,1
98604,164,181,346,769,0,6,0,33.59,688.60,100.00,0.00,3170.54,1
99600,163,182,347,769,0,6,0,33.59,688.60,100.00,0.00,3170.54,1
100596,164,182,347,769,0,6,0,33.59,688.60,100.00,0.00,3170.54,1
101592,164,182,347,768,0,6,0,33.59,688.60,100.00,0.00,3170.54,1
102588,164,182,347,769,0,6,0,33.59,688.60,100.00,0.00,3170.54,1
103584,164,182,348,769,0,6,0,33.59,688.60,100.00,0.00,3170.54,1
104580,164,182,348,769,0,6,0,33.59,688.60,100.00,0.00,3170.54,1
105576,165,183,349,768,0,7,0,33.59,688.60,100.00,0.00,3170.54,1
106572,165,183,349,769,0,6,0,33.59,688.60,100.00,0.00,3170.54,1
107568,166,183,349,769,0,6,0,33.59,688.60,100.00,0.00,3170.54,1
108564,166,183,350,768,0,6,0,33.59,688.60,100.00,0.00,3170.54,1
109560,165,183,350,769,0,6,0,33.59,688.60,100.00,0.00,3170.54,1
110556,166,183,351,770,0,6,0,33.59,688.60,100.00,0.00,3170.54,1
111552,166,183,352,770,0,6,0,33.59,688.60,100.00,0.00,3170.54,1
112548,167,183,352,769,0,6,0,33.59,688.60,100.00,0.00,3170.54,1
113544,166,184,352,769,0,6,0,33.59,688.60,100.00,0.00,3170.54,1
114540,167,184,353,770,0,5,0,33.59,688.60,100.00,0.00,3170.54,1
115536,167,185,353,770,0,6,0,33.59,688.60,100.00,0.00,3170.54,1
116532,167,185,354,769,0,6,0,33.59,688.60,100.00,0.00,3170.54,1
117528,167,185,353,770,0,6,0,33.59,688.60,100.00,0.00,3170.54,1
118524,168,185,354,769,0,6,0,33.59,688.60,100.00,0.00,3170.54,1
119520,167,185,354,769,0,6,0,33.59,688.60,100.00,0.00,3170.54,1
120516,168,184,355,770,0,6,0,33.59,688.60,100.00,0.00,3170.54,1
121512,169,185,355,770,0,6,0,33.59,688.60,100.00,0.00,3170.54,1
122508,169,185,356,770,0,6,0,33.59,688.60,100.00,0.00,3170.54,1
123504,169,186,355,769,0,6,0,33.59,688.60,100.00,0.00,3170.54,1
124500,169,186,356,770,0,6,0,33.59,688.60,100.00,0.00,3170.54,1
125496,169,186,357,769,0,6,0,33.59,688.60,100.00,0.00,3170.54,1
126492,170,186,357,770,0,6,0,33.59,688.60,100.00,0.00,3170.54,1
127488,171,186,358,769,0,6,0,33.59,688.60,100.00,0.00,3170.54,1
128484,170,187,357,770,0,6,0,33.59,688.60,100.00,0.00,3170.54,1
129480,171,187,359,770,0,6,0,33.59,688.60,100.00,0.00,3170.54,1
130476,171,187,358,770,0,6,0,33.59,688.60,100.00,0.00,3170.54,1
131472,171,187,359,770,0,6,0,33.59,688.60,100.00,0.00,3170.54,1
132468,171,187,359,769,0,6,0,33.59,688.60,100.00,0.00,3170.54,1
133464,172,188,360,770,0,6,0,33.59,688.60,100.00,0.00,3170.54,1
134460,171,188,360,770,0,6,0,33.59,688.60,100.00,0.00,3170.54,1
135456,172,188,361,770,1,8,0,33.59,688.60,100.00,0.00,3170.54,1
136452,171,187,361,770,1,7,0,33.59,688.60,100.00,0.00,3170.54,1
137448,172,188,362,771,0,6,0,33.59,688.60,100.00,0.00,3170.54,1
138444,172,187,361,770,0,6,0,33.59,688.60,100.00,0.00,3170.54,1
139440,173,188,363,770,1,7,0,33.59,688.60,100.00,0.00,3170.54,1
140436,173,188,362,770,0,6,0,33.59,688.60,100.00,0.00,3170.54,1
141432,173,189,363,771,0,6,0,33.59,688.60,100.00,0.00,3170.54,1
142428,173,188,364,771,0,6,0,33.59,688.60,100.00,0.00,3170.54,1
143424,174,189,363,770,0,6,0,33.59,688.60,100.00,0.00,3170.54,1
144420,174,189,364,771,0,6,0,33.59,688.60,100.00,0.00,3170.54,1
145416,175,189,365,770,0,6,0,33.59,688.60,100.00,0.00,3170.54,1
146412,175,189,365,770,0,6,0,33.59,688.60,100.00,0.00,3170.54,1
147408,175,189,365,770,0,6,0,33.59,688.60,100.00,0.00,3170.54,1
148404,174,190,365,770,0,6,0,33.59,688.60,100.00,0.00,3170.54,1
149400,174,189,366,770,0,6,0,33.59,688.60,100.00,0.00,3170.54,1
150396,174,190,366,770,0,7,0,33.59,688.60,100.00,0.00,3170.54,1
151392,174,190,366,770,0,6,0,33.59,688.60,100.00,0.00,3170.54,1
152388,175,190,367,771,0,6,0,33.59,688.60,100.00,0.00,3170.54,1
153384,175,190,367,770,0,6,0,33.59,688.60,100.00,0.00,3170.54,1
154380,175,190,366,771,0,6,0,33.59,688.60,100.00,0.00,3170.54,1
155376,175,190,367,771,0,6,0,33.59,688.60,100.00,0.00,3170.54,1
156372,175,191,367,771,0,6,0,33.59,688.60,100.00,0.00,3170.54,1
157368,176,191,367,770,0,6,0,33.59,688.60,100.00,0.00,3170.54,1
158364,175,191,368,770,0,6,0,33.59,688.60,100.00,0.00,3170.54,1
159360,175,191,368,770,1,6,0,33.59,688.60,100.00,0.00,3170.54,1
160356,175,191,368,771,0,6,0,33.59,688.60,100.00,0.00,3170.54,1
161352,176,192,367,771,0,6,0,33.59,688.60,100.00,0.00,3170.54,1
162348,174,192,368,771,0,6,0,33.59,688.60,100.00,0.00,3170.54,1
163344,175,192,368,770,0,6,0,33.59,688.60,100.00,0.00,3170.54,1
164340,175,192,367,770,1,6,0,33.59,688.60,100.00,0.00,3170.54,1
165336,174,192,368,771,0,6,0,33.59,688.60,100.00,0.00,3170.54,1
166332,175,192,368,771,0,7,0,33.59,688.60,100.00,0.00,3170.54,1
167328,175,192,367,771,0,6,0,33.59,688.60,100.00,0.00,3170.54,1
168324,174,192,368,771,0,6,0,33.59,688.60,100.00,0.00,3170.54,1
169320,174,192,368,771,0,6,0,33.59,688.60,100.00,0.00,3170.54,1
170316,174,194,368,771,0,6,0,33.59,688.60,100.00,0.00,3170.54,1
171312,174,193,369,771,0,6,0,33.59,688.60,100.00,0.00,3170.54,1
172308,174,193,368,771,0,6,0,33.59,688.60,100.00,0.00,3170.54,1
173304,174,193,369,771,0,6,0,33.59,688.60,100.00,0.00,3170.54,1
174300,174,193,369,770,0,6,0,33.59,688.60,100.00,0.00,3170.54,1
175296,175,193,368,771,0,6,0,33.59,688.60,100.00,0.00,3170.54,1
176292,175,194,369,771,0,6,0,33.59,688.60,100.00,0.00,3170.54,1
177288,174,194,368,771,0,6,0,33.59,688.60,100.00,0.00,3170.54,1
178284,175,194,369,771,0,6,0,33.59,688.60,100.00,0.00,3170.54,1
179280,175,194,369,771,1,6,0,33.59,688.60,100.00,0.00,3170.54,1
180276,174,194,369,772,1,7,0,33.59,688.60,100.00,0.00,3170.54,1
181272,175,194,369,771,1,6,0,33.59,688.60,100.00,0.00,3170.54,1
182268,175,195,369,771,0,6,0,33.59,688.60,100.00,0.00,3170.54,1
183264,175,195,370,772,0,6,0,33.59,688.60,100.00,0.00,3170.54,1
184260,175,195,370,771,0,6,0,33.59,688.60,100.00,0.00,3170.54,1
185256,175,195,370,771,0,6,0,33.59,688.60,100.00,0.00,3170.54,1
186252,176,195,370,772,0,6,0,33.59,688.60,100.00,0.00,3170.54,1
187248,176,196,371,771,0,6,0,33.59,688.60,100.00,0.00,3170.54,1
188244,175,196,371,771,0,6,0,33.59,688.60,100.00,0.00,3170.54,1
189240,175,196,371,772,0,6,0,33.59,688.60,100.00,0.00,3170.54,1
190236,176,196,372,771,1,7,0,33.59,688.60,100.00,0.00,3170.54,1
191232,176,196,372,772,1,6,0,33.59,688.60,100.00,0.00,3170.54,1
192228,176,196,372,771,0,6,0,33.59,688.60,100.00,0.00,3170.54,1
193224,176,197,372,772,0,6,0,33.59,688.60,100.00,0.00,3170.54,1
194220,177,197,372,772,0,6,0,33.59,688.60,100.00,0.00,3170.54,1
195216,177,197,373,771,0,6,0,33.59,688.60,100.00,0.00,3170.54,1
196212,177,197,373,772,0,6,0,33.59,688.60,100.00,0.00,3170.54,1
197208,178,197,374,772,0,6,0,33.59,688.60,100.00,0.00,3170.54,1
198204,178,197,374,771,0,6,0,33.59,688.60,100.00,0.00,3170.54,1
199200,177,198,375,771,0,6,0,33.59,688.60,100.00,0.00,3170.54,1
200196,178,197,375,772,0,6,0,33.59,688.60,100.00,0.00,3170.54,1
201192,178,198,374,772,0,6,0,33.59,688.60,100.00,0.00,3170.54,1
202188,179,197,375,772,0,6,0,33.59,688.60,100.00,0.00,3170.54,1
203184,178,198,375,772,0,6,0,33.59,688.60,100.00,0.00,3170.54,1
204180,179,198,376,772,0,6,0,33.59,688.60,100.00,0.00,3170.54,1
205176,179,199,377,772,0,6,0,33.59,688.60,100.00,0.00,3170.54,1
206172,179,198,376,773,0,6,0,33.59,688.60,100.00,0.00,3170.54,1
207168,180,198,377,772,0,6,0,33.59,688.60,100.00,0.00,3170.54,1
208164,180,199,377,773,0,7,0,33.59,688.60,100.00,0.00,3170.54,1
209160,180,199,378,773,0,6,0,33.59,688.60,100.00,0.00,3170.54,1
210156,181,199,379,772,0,6,0,33.59,688.60,100.00,0.00,3170.54,1
211152,181,199,378,772,0,6,0,33.59,688.60,100.00,0.00,3170.54,1
212148,181,199,379,772,0,6,0,33.59,688.60,100.00,0.00,3170.54,1
213144,181,200,379,773,0,6,0,33.59,688.60,100.00,0.00,3170.54,1
214140,181,200,380,773,0,6,0,33.59,688.60,100.00,0.00,3170.54,1
215136,182,200,380,772,1,6,0,33.59,688.60,100.00,0.00,3170.54,1
216132,182,200,380,773,0,6,0,33.59,688.60,100.00,0.00,3170.54,1
217128,182,200,381,773,1,6,0,33.59,688.60,100.00,0.00,3170.54,1
218124,182,200,381,773,0,6,0,33.59,688.60,100.00,0.00,3170.54,1
219120,183,201,381,773,0,6,0,33.59,688.60,100.00,0.00,3170.54,1
220116,183,200,382,773,0,6,0,33.59,688.60,100.00,0.00,3170.54,1
221112,183,201,383,772,0,6,0,33.59,688.60,100.00,0.00,3170.54,1
222108,183,201,383,772,0,6,0,33.59,688.60,100.00,0.00,3170.54,1
223104,183,201,383,773,0,6,0,33.59,688.60,100.00,0.00,3170.54,1
224100,182,202,382,772,0,6,0,33.59,688.60,100.00,0.00,3170.54,1
225096,183,201,383,772,0,6,0,33.59,688.60,100.00,0.00,3170.54,1
226092,183,202,383,772,0,6,0,33.59,688.60,100.00,0.00,3170.54,1
227088,184,202,383,773,0,6,0,33.59,688.60,100.00,0.00,3170.54,1
228084,183,202,384,774,0,6,0,33.59,688.60,100.00,0.00,3170.54,1
229080,183,202,383,773,0,6,0,33.59,688.60,100.00,0.00,3170.54,1
230076,183,202,383,773,0,6,0,33.59,688.60,100.00,0.00,3170.54,1
231072,183,203,383,772,0,6,0,33.59,688.60,100.00,0.00,3170.54,1
232068,183,202,384,773,0,6,0,33.59,688.60,100.00,0.00,3170.54,1
233064,183,202,383,774,0,6,0,33.59,688.60,100.00,0.00,3170.54,1
234060,183,203,384,773,0,6,0,33.59,688.60,100.00,0.00,3170.54,1
235056,183,203,384,774,0,6,0,33.59,688.60,100.00,0.00,3170.54,1
236052,183,203,384,773,0,6,0,33.59,688.60,100.00,0.00,3170.54,1
237048,183,203,385,773,0,6,0,33.59,688.60,100.00,0.00,3170.54,1
238044,184,203,385,773,0,7,0,33.59,688.60,100.00,0.00,3170.54,1
239040,183,203,386,773,0,6,0,33.59,688.60,100.00,0.00,3170.54,1
240036,184,204,385,773,1,6,0,33.59,688.60,100.00,0.00,3170.54,1
241032,184,204,385,773,0,6,0,33.59,688.60,100.00,0.00,3170.54,1
242028,184,204,386,773,0,6,0,33.59,688.60,100.00,0.00,3170.54,1
243024,184,204,386,774,0,6,0,33.59,688.60,100.00,0.00,3170.54,1
244020,184,204,386,773,0,6,0,33.59,688.60,100.00,0.00,3170.54,1
245016,185,204,386,773,0,6,0,33.59,688.60,100.00,0.00,3170.54,1
246012,185,205,387,773,0,6,0,33.59,688.60,100.00,0.00,3170.54,1
247008,186,205,388,773,0,6,0,33.59,688.60,100.00,0.00,3170.54,1
248004,186,205,388,773,0,6,0,33.59,688.60,100.00,0.00,3170.54,1
249000,186,205,388,773,0,6,0,33.59,688.60,100.00,0.00,3170.54,1
249996,186,205,388,773,0,6,0,33.59,688.60,100.00,0.00,3170.54,1
250992,186,205,388,774,0,7,0,33.59,688.60,100.00,0.00,3170.54,1
251988,186,205,389,774,1,7,0,33.59,688.60,100.00,0.00,3170.54,1
252984,185,206,388,774,1,7,0,33.59,688.60,100.00,0.00,3170.54,1
253980,185,206,389,773,0,6,0,33.59,688.60,100.00,0.00,3170.54,1
254976,185,206,389,774,0,7,0,33.59,688.60,100.00,0.00,3170.54,1
255972,186,206,389,774,0,7,0,33.59,688.60,100.00,0.00,3170.54,1
256968,185,206,389,774,1,7,0,33.59,688.60,100.00,0.00,3170.54,1
257964,186,207,389,774,0,6,0,33.59,688.60,100.00,0.00,3170.54,1
258960,186,207,389,773,0,6,0,33.59,688.60,100.00,0.00,3170.54,1
259956,186,207,390,774,0,7,0,33.59,688.60,100.00,0.00,3170.54,1
260952,186,207,390,774,0,7,0,33.59,688.60,100.00,0.00,3170.54,1
261948,187,207,391,774,1,7,0,33.59,688.60,100.00,0.00,3170.54,1
262944,186,207,390,774,1,7,0,33.59,688.60,100.00,0.00,3170.54,1
263940,187,207,391,774,1,7,0,33.59,688.60,100.00,0.00,3170.54,1
264936,187,207,391,774,0,6,0,33.59,688.60,100.00,0.00,3170.54,1
265932,186,208,391,774,0,7,0,33.59,688.60,100.00,0.00,3170.54,1
266928,187,208,391,774,0,6,0,33.59,688.60,100.00,0.00,3170.54,1
267924,187,208,392,774,0,6,0,33.59,688.60,100.00,0.00,3170.54,1
268920,188,208,391,775,0,7,0,33.59,688.60,100.00,0.00,3170.54,1
269916,188,208,392,775,0,6,0,33.59,688.60,100.00,0.00,3170.54,1
270912,188,209,393,774,0,7,0,33.59,688.60,100.00,0.00,3170.54,1
271908,188,209,393,774,0,6,0,33.59,688.60,100.00,0.00,3170.54,1
272904,189,209,393,774,0,7,0,33.59,688.60,100.00,0.00,3170.54,1
273900,189,209,394,775,0,6,0,33.59,688.60,100.00,0.00,3170.54,1
274896,189,209,394,775,0,6,0,33.59,688.60,100.00,0.00,3170.54,1
275892,189,209,394,775,0,6,0,33.59,688.60,100.00,0.00,3170.54,1
276888,189,209,395,775,0,7,0,33.59,688.60,100.00,0.00,3170.54,1
277884,190,209,395,775,0,6,0,33.59,688.60,100.00,0.00,3170.54,1
278880,189,210,396,774,0,7,0,33.59,688.60,100.00,0.00,3170.54,1
279876,189,209,395,774,1,7,0,33.59,688.60,100.00,0.00,3170.54,1
280872,190,210,395,775,1,7,0,33.59,688.60,100.00,0.00,3170.54,1
281868,191,210,396,775,1,7,0,33.59,688.60,100.00,0.00,3170.54,1
282864,190,210,396,774,1,7,0,33.59,688.60,100.00,0.00,3170.54,1
283860,190,211,397,775,0,7,0,33.59,688.60,100.00,0.00,3170.54,1
284856,190,210,397,775,0,7,0,33.59,688.60,100.00,0.00,3170.54,1
285852,190,210,398,775,0,6,0,33.59,688.60,100.00,0.00,3170.54,1
286848,190,211,397,775,0,6,0,33.59,688.60,100.00,0.00,3170.54,1
287844,190,211,398,775,0,6,0,33.59,688.60,100.00,0.00,3170.54,1
288840,191,211,398,775,0,7,0,33.59,688.60,100.00,0.00,3170.54,1
289836,191,211,398,775,0,7,0,33.59,688.60,100.00,0.00,3170.54,1
290832,192,212,399,775,1,7,0,33.59,688.60,100.00,0.00,3170.54,1
291828,191,212,399,775,0,7,0,33.59,688.60,100.00,0.00,3170.54,1
292824,192,211,399,774,0,7,0,33.59,688.60,100.00,0.00,3170.54,1
293820,192,212,399,774,0,6,0,33.59,688.60,100.00,0.00,3170.54,1
294816,192,212,400,776,0,6,0,33.59,688.60,100.00,0.00,3170.54,1
295812,193,212,400,776,0,6,0,33.59,688.60,100.00,0.00,3170.54,1
296808,192,212,400,776,0,7,0,33.59,688.60,100.00,0.00,3170.54,1
297804,192,212,401,776,0,6,0,33.59,688.60,100.00,0.00,3170.54,1
298800,193,212,401,775,0,6,0,33.59,688.60,100.00,0.00,3170.54,1
299796,193,212,401,775,0,6,0,33.59,688.60,100.00,0.00,3170.54,1
300792,193,212,401,775,0,7,0,33.59,688.60,100.00,0.00,3170.54,1
301788,192,213,402,776,0,6,0,33.59,688.60,100.00,0.00,3170.54,1
302784,193,213,401,776,1,8,0,33.59,688.60,100.00,0.00,3170.54,1
303780,194,213,401,776,0,7,0,33.59,688.60,100.00,0.00,3170.54,1
304776,193,213,402,775,0,7,0,33.59,688.60,100.00,0.00,3170.54,1
305772,193,214,402,776,0,7,0,33.59,688.60,100.00,0.00,3170.54,1
306768,194,214,402,775,0,7,0,33.59,688.60,100.00,0.00,3170.54,1
307764,193,214,401,776,0,6,0,33.59,688.60,100.00,0.00,3170.54,1
308760,193,214,402,776,0,7,0,33.59,688.60,100.00,0.00,3170.54,1
309756,194,214,402,776,0,6,0,33.59,688.60,100.00,0.00,3170.54,1
310752,193,214,402,776,0,6,0,33.59,688.60,100.00,0.00,3170.54,1
311748,192,214,402,776,0,7,0,33.59,688.60,100.00,0.00,3170.54,1
312744,192,214,402,776,0,6,0,33.59,688.60,100.00,0.00,3170.54,1
313740,192,214,401,776,0,6,0,33.59,688.60,100.00,0.00,3170.54,1
314736,192,214,402,776,0,7,0,33.59,688.60,100.00,0.00,3170.54,1
315732,193,215,402,775,0,6,0,33.59,688.60,100.00,0.00,3170.54,1
316728,192,215,402,776,0,6,0,33.59,688.60,100.00,0.00,3170.54,1
317724,192,215,401,776,0,6,0,33.59,688.60,100.00,0.00,3170.54,1
318720,192,215,402,776,0,6,0,33.59,688.60,100.00,0.00,3170.54,1
319716,193,215,402,776,0,6,0,33.59,688.60,100.00,0.00,3170.54,1
320712,192,216,402,776,0,6,0,33.59,688.60,100.00,0.00,3170.54,1
321708,192,215,403,776,0,6,0,33.59,688.60,100.00,0.00,3170.54,1
322704,192,216,403,775,0,6,0,33.59,688.60,100.00,0.00,3170.54,1
323700,193,216,403,776,0,7,0,33.59,688.60,100.00,0.00,3170.54,1
324696,192,216,403,776,0,6,0,33.59,688.60,100.00,0.00,3170.54,1
325692,193,216,404,776,0,6,0,33.59,688.60,100.00,0.00,3170.54,1
326688,193,216,405,777,0,6,0,33.59,688.60,100.00,0.00,3170.54,1
327684,194,217,404,777,0,7,0,33.59,688.60,100.00,0.00,3170.54,1
328680,194,216,404,776,0,6,0,33.59,688.60,100.00,0.00,3170.54,1
329676,194,217,405,777,0,7,0,33.59,688.60,100.00,0.00,3170.54,1
330672,194,216,404,777,0,6,0,33.59,688.60,100.00,0.00,3170.54,1
331668,193,216,404,776,0,6,0,33.59,688.60,100.00,0.00,3170.54,1
332664,194,217,404,777,0,6,0,33.59,688.60,100.00,0.00,3170.54,1
333660,194,217,404,777,0,6,0,33.59,688.60,100.00,0.00,3170.54,1
334656,194,217,404,776,1,8,0,33.59,688.60,100.00,0.00,3170.54,1
335652,194,218,404,776,1,7,0,33.59,688.60,100.00,0.00,3170.54,1
336648,193,217,405,776,1,7,0,33.59,688.60,100.00,0.00,3170.54,1
337644,194,218,405,776,1,7,0,33.59,688.60,100.00,0.00,3170.54,1
338640,194,217,405,777,1,7,0,33.59,688.60,100.00,0.00,3170.54,1
339636,194,218,406,777,1,7,0,33.59,688.60,100.00,0.00,3170.54,1
340632,195,218,406,777,1,8,0,33.59,688.60,100.00,0.00,3170.54,1
341628,194,218,407,777,1,7,0,33.59,688.60,100.00,0.00,3170.54,1
342624,195,218,406,777,1,7,0,33.59,688.60,100.00,0.00,3170.54,1
343620,194,219,406,777,1,7,0,33.59,688.60,100.00,0.00,3170.54,1
344616,194,219,406,776,1,7,0,33.59,688.60,100.00,0.00,3170.54,1
345612,194,219,407,777,1,7,0,33.59,688.60,100.00,0.00,3170.54,1
346608,194,219,406,777,1,7,0,33.59,688.60,100.00,0.00,3170.54,1
347604,194,219,407,777,1,7,0,33.59,688.60,100.00,0.00,3170.54,1
348600,194,219,406,777,1,7,0,33.59,688.60,100.00,0.00,3170.54,1
349596,194,219,406,776,1,7,0,33.59,688.60,100.00,0.00,3170.54,1
350592,194,219,407,777,1,7,0,33.59,688.60,100.00,0.00,3170.54,1
351588,194,219,406,777,1,8,0,33.59,688.60,100.00,0.00,3170.54,1
352584,194,219,407,777,1,7,0,33.59,688.60,100.00,0.00,3170.54,1
353580,194,220,406,776,1,7,0,33.59,688.60,100.00,0.00,3170.54,1
354576,193,220,407,777,1,7,0,33.59,688.60,100.00,0.00,3170.54,1
355572,194,220,406,777,0,7,0,33.59,688.60,100.00,0.00,3170.54,1
356568,193,220,407,777,1,7,0,33.59,688.60,100.00,0.00,3170.54,1
357564,194,220,407,777,1,7,0,33.59,688.60,100.00,0.00,3170.54,1
358560,194,220,407,776,0,7,0,33.59,688.60,100.00,0.00,3170.54,1
359556,194,220,407,778,1,7,0,33.59,688.60,100.00,0.00,3170.54,1
360552,194,220,407,777,1,7,0,33.59,688.60,100.00,0.00,3170.54,1
361548,194,220,408,777,1,8,0,33.59,688.60,100.00,0.00,3170.54,1
362544,194,221,407,777,1,8,0,33.59,688.60,100.00,0.00,3170.54,1
363540,194,221,408,778,1,7,0,33.59,688.60,100.00,0.00,3170.54,1
364536,194,221,408,778,1,7,0,33.59,688.60,100.00,0.00,3170.54,1
365532,194,221,409,778,0,7,0,33.59,688.60,100.00,0.00,3170.54,1
366528,195,220,408,778,1,7,0,33.59,688.60,100.00,0.00,3170.54,1
367524,195,221,409,778,0,7,0,33.59,688.60,100.00,0.00,3170.54,1
368520,196,222,410,778,0,6,0,33.59,688.60,100.00,0.00,3170.54,1
369516,196,221,410,777,1,7,0,33.59,688.60,100.00,0.00,3170.54,1
370512,197,222,411,777,1,7,0,33.59,688.60,100.00,0.00,3170.54,1
371508,197,222,411,777,1,7,0,33.59,688.60,100.00,0.00,3170.54,1
372504,197,222,411,778,0,7,0,33.59,688.60,100.00,0.00,3170.54,1
373500,198,222,410,777,1,7,0,33.59,688.60,100.00,0.00,3170.54,1
374496,197,222,411,777,1,7,0,33.59,688.60,100.00,0.00,3170.54,1
375492,197,222,412,778,1,7,0,33.59,688.60,100.00,0.00,3170.54,1
376488,197,222,412,778,1,7,0,33.59,688.60,100.00,0.00,3170.54,1
377484,198,222,413,777,1,7,0,33.59,688.60,100.00,0.00,3170.54,1
378480,198,223,413,778,1,7,0,33.59,688.60,100.00,0.00,3170.54,1
379476,198,223,413,777,0,7,0,33.59,688.60,100.00,0.00,3170.54,1
380472,199,223,413,778,0,7,0,33.59,688.60,100.00,0.00,3170.54,1
381468,198,222,413,778,0,7,0,33.59,688.60,100.00,0.00,3170.54,1
382464,199,223,413,778,0,7,0,33.59,688.60,100.00,0.00,3170.54,1
383460,199,223,414,778,0,7,0,33.59,688.60,100.00,0.00,3170.54,1
384456,199,223,414,778,0,7,0,33.59,688.60,100.00,0.00,3170.54,1
385452,199,223,414,779,0,7,0,33.59,688.60,100.00,0.00,3170.54,1
386448,200,223,414,778,1,7,0,33.59,688.60,100.00,0.00,3170.54,1
387444,200,223,415,779,1,7,0,33.59,688.60,100.00,0.00,3170.54,1
388440,200,224,415,778,1,7,0,33.59,688.60,100.00,0.00,3170.54,1
389436,200,224,415,778,1,7,0,33.59,688.60,100.00,0.00,3170.54,1
390432,200,224,416,778,1,7,0,33.59,688.60,100.00,0.00,3170.54,1
391428,200,224,416,778,1,7,0,33.59,688.60,100.00,0.00,3170.54,1
392424,200,225,416,779,0,7,0,33.59,688.60,100.00,0.00,3170.54,1
393420,201,224,416,778,1,7,0,33.59,688.60,100.00,0.00,3170.54,1
394416,201,225,417,779,1,7,0,33.59,688.60,100.00,0.00,3170.54,1
395412,201,225,417,779,1,7,0,33.59,688.60,100.00,0.00,3170.54,1
396408,201,225,417,778,1,7,0,33.59,688.60,100.00,0.00,3170.54,1
397404,201,225,416,778,1,7,0,33.59,688.60,100.00,0.00,3170.54,1
398400,201,225,417,779,1,7,0,33.59,688.60,100.00,0.00,3170.54,1
399396,201,225,417,779,1,7,0,33.59,688.60,100.00,0.00,3170.54,1
400392,201,226,417,779,0,7,0,33.59,688.60,100.00,0.00,3170.54,1
401388,201,225,417,779,0,7,0,33.59,688.60,100.00,0.00,3170.54,1
402384,201,225,418,779,0,7,0,33.59,688.60,100.00,0.00,3170.54,1
403380,201,226,417,779,1,7,0,33.59,688.60,100.00,0.00,3170.54,1
404376,201,226,418,779,1,7,0,33.59,688.60,100.00,0.00,3170.54,1
405372,200,226,417,779,0,7,0,33.59,688.60,100.00,0.00,3170.54,1
406368,201,226,418,779,0,6,0,33.59,688.60,100.00,0.00,3170.54,1
407364,202,226,418,779,0,6,0,33.59,688.60,100.00,0.00,3170.54,1
408360,202,226,419,780,0,6,0,33.59,688.60,100.00,0.00,3170.54,1
409356,202,226,419,778,0,6,0,33.59,688.60,100.00,0.00,3170.54,1
410352,202,226,419,779,0,6,0,33.59,688.60,100.00,0.00,3170.54,1
411348,202,226,419,779,0,6,0,33.59,688.60,100.00,0.00,3170.54,1
412344,203,227,420,779,0,6,0,33.59,688.60,100.00,0.00,3170.54,1
413340,202,227,420,779,0,7,0,33.59,688.60,100.00,0.00,3170.54,1
414336,203,227,420,779,0,6,0,33.59,688.60,100.00,0.00,3170.54,1
415332,203,227,420,779,0,6,0,33.59,688.60,100.00,0.00,3170.54,1
416328,203,227,421,780,1,6,0,33.59,688.60,100.00,0.00,3170.54,1
417324,204,228,421,779,0,6,0,33.59,688.60,100.00,0.00,3170.54,1
418320,204,228,421,779,0,7,0,33.59,688.60,100.00,0.00,3170.54,1
419316,204,227,422,779,0,7,0,33.59,688.60,100.00,0.00,3170.54,1
420312,204,228,421,780,0,6,0,33.59,688.60,100.00,0.00,3170.54,1
421308,205,227,422,780,0,7,0,33.59,688.60,100.00,0.00,3170.54,1
422304,204,228,423,779,0,7,0,33.59,688.60,100.00,0.00,3170.54,1
423300,205,228,422,780,0,7,0,33.59,688.60,100.00,0.00,3170.54,1
424296,205,228,423,779,1,7,0,33.59,688.60,100.00,0.00,3170.54,1
425292,204,228,422,779,1,8,0,33.59,688.60,100.00,0.00,3170.54,1
426288,204,228,423,780,1,7,0,33.59,688.60,100.00,0.00,3170.54,1
427284,204,229,423,780,1,7,0,33.59,688.60,100.00,0.00,3170.54,1
428280,206,229,424,780,1,7,0,33.59,688.60,100.00,0.00,3170.54,1
429276,206,229,424,780,0,7,0,33.59,688.60,100.00,0.00,3170.54,1
430272,206,229,424,779,1,8,0,33.59,688.60,100.00,0.00,3170.54,1
431268,206,229,424,780,1,7,0,33.59,688.60,100.00,0.00,3170.54,1
432264,206,229,424,780,1,7,0,33.59,688.60,100.00,0.00,3170.54,1
433260,206,230,424,780,1,8,0,33.59,688.60,100.00,0.00,3170.54,1
434256,206,230,425,780,1,8,0,33.59,688.60,100.00,0.00,3170.54,1
435252,207,230,425,780,1,7,0,33.59,688.60,100.00,0.00,3170.54,1
436248,207,230,426,780,1,7,0,33.59,688.60,100.00,0.00,3170.54,1
437244,207,230,425,781,1,7,0,33.59,688.60,100.00,0.00,3170.54,1
438240,206,230,426,780,1,8,0,33.59,688.60,100.00,0.00,3170.54,1
439236,207,230,427,779,1,7,0,33.59,688.60,100.00,0.00,3170.54,1
440232,208,231,427,780,1,7,0,33.59,688.60,100.00,0.00,3170.54,1
441228,207,231,427,780,0,7,0,33.59,688.60,100.00,0.00,3170.54,1
442224,208,231,427,780,1,7,0,33.59,688.60,100.00,0.00,3170.54,1
443220,209,231,428,781,1,7,0,33.59,688.60,100.00,0.00,3170.54,1
444216,209,231,428,780,1,7,0,33.59,688.60,100.00,0.00,3170.54,1
445212,208,231,428,781,1,7,0,33.59,688.60,100.00,0.00,3170.54,1
446208,210,231,429,781,1,7,0,33.59,688.60,100.00,0.00,3170.54,1
447204,209,231,429,780,1,7,0,33.59,688.60,100.00,0.00,3170.54,1
448200,209,231,429,781,1,7,0,33.59,688.60,100.00,0.00,3170.54,1
449196,209,232,429,781,1,7,0,33.59,688.60,100.00,0.00,3170.54,1
450192,209,231,430,781,1,7,0,33.59,688.60,100.00,0.00,3170.54,1
451188,210,232,429,781,1,7,0,33.59,688.60,100.00,0.00,3170.54,1
452184,209,232,430,780,1,8,0,33.59,688.60,100.00,0.00,3170.54,1
453180,209,232,430,780,1,8,0,33.59,688.60,100.00,0.00,3170.54,1
454176,210,232,430,780,1,8,0,33.59,688.60,100.00,0.00,3170.54,1
455172,210,233,431,781,1,8,0,33.59,688.60,100.00,0.00,3170.54,1
456168,210,233,431,781,1,8,0,33.59,688.60,100.00,0.00,3170.54,1
457164,210,232,431,781,1,8,0,33.59,688.60,100.00,0.00,3170.54,1
458160,210,233,431,780,1,8,0,33.59,688.60,100.00,0.00,3170.54,1
459156,210,233,432,781,1,7,0,33.59,688.60,100.00,0.00,3170.54,1
460152,210,232,431,780,1,8,0,33.59,688.60,100.00,0.00,3170.54,1
461148,211,233,432,781,1,7,0,33.59,688.60,100.00,0.00,3170.54,1
462144,211,233,433,780,1,8,0,33.59,688.60,100.00,0.00,3170.54,1
463140,211,233,433,781,1,7,0,33.59,688.60,100.00,0.00,3170.54,1
464136,211,234,433,781,0,7,0,33.59,688.60,100.00,0.00,3170.54,1
465132,211,234,433,781,1,7,0,33.59,688.60,100.00,0.00,3170.54,1
466128,211,234,433,782,1,8,0,33.59,688.60,100.00,0.00,3170.54,1
