timestamp,NO2,C2H50H,VOC,CO,Alcohol,LPG,Benzene,Temperature,Pressure,Humidity,Gas_Resistance,Altitude,State415332,25,54,60,730,2,10,0,33.59,688.60,100.00,0.00,3170.54,1
416328,25,55,60,731,2,10,0,33.59,688.60,100.00,0.00,3170.54,1
417324,25,54,61,732,2,9,0,33.59,688.60,100.00,0.00,3170.54,1
418320,25,55,60,733,2,10,0,33.59,688.60,100.00,0.00,3170.54,1
419316,25,55,61,733,3,10,0,33.59,688.60,100.00,0.00,3170.54,1
420312,25,54,61,733,2,10,0,33.59,688.60,100.00,0.00,3170.54,1
421308,25,54,60,733,2,10,0,33.59,688.60,100.00,0.00,3170.54,1
422304,26,55,60,733,2,10,0,33.59,688.60,100.00,0.00,3170.54,1
423300,26,54,60,733,2,10,0,33.59,688.60,100.00,0.00,3170.54,1
424296,26,55,61,734,2,10,0,33.59,688.60,100.00,0.00,3170.54,1
425292,25,54,60,734,2,10,0,33.59,688.60,100.00,0.00,3170.54,1
426288,25,55,61,734,2,10,0,33.59,688.60,100.00,0.00,3170.54,1
427284,25,54,60,734,2,10,0,33.59,688.60,100.00,0.00,3170.54,1
428280,25,55,60,735,2,9,0,33.59,688.60,100.00,0.00,3170.54,1
429276,26,55,61,735,2,10,0,33.59,688.60,100.00,0.00,3170.54,1
430272,26,55,60,735,2,10,0,33.59,688.60,100.00,0.00,3170.54,1
431268,26,55,61,735,2,10,0,33.59,688.60,100.00,0.00,3170.54,1
432264,25,55,61,737,2,10,0,33.59,688.60,100.00,0.00,3170.54,1
433260,26,55,61,737,2,10,0,33.59,688.60,100.00,0.00,3170.54,1
434256,26,55,61,737,2,10,0,33.59,688.60,100.00,0.00,3170.54,1
435252,25,54,61,738,2,10,0,33.59,688.60,100.00,0.00,3170.54,1
436248,25,55,61,738,2,10,0,33.59,688.60,100.00,0.00,3170.54,1
437244,26,55,62,737,2,10,0,33.59,688.60,100.00,0.00,3170.54,1
438240,25,55,61,738,2,10,0,33.59,688.60,100.00,0.00,3170.54,1
439236,26,55,61,738,2,10,0,33.59,688.60,100.00,0.00,3170.54,1
440232,26,55,62,739,2,10,0,33.59,688.60,100.00,0.00,3170.54,1
441228,26,55,62,739,2,10,0,33.59,688.60,100.00,0.00,3170.54,1
442224,26,55,61,739,2,10,0,33.59,688.60,100.00,0.00,3170.54,1
443220,25,55,61,739,2,10,0,33.59,688.60,100.00,0.00,3170.54,1
444216,26,55,62,740,2,10,0,33.59,688.60,100.00,0.00,3170.54,1
445212,26,55,61,740,2,10,0,33.59,688.60,100.00,0.00,3170.54,1
446208,26,55,62,741,2,10,0,33.59,688.60,100.00,0.00,3170.54,1
447204,26,56,62,742,2,10,0,33.59,688.60,100.00,0.00,3170.54,1
448200,26,56,62,743,2,10,0,33.59,688.60,100.00,0.00,3170.54,1
449196,26,56,63,744,2,10,0,33.59,688.60,100.00,0.00,3170.54,1
450192,26,56,63,744,2,10,0,33.59,688.60,100.00,0.00,3170.54,1
451188,26,56,62,744,2,10,0,33.59,688.60,100.00,0.00,3170.54,1
452184,26,56,62,744,2,10,0,33.59,688.60,100.00,0.00,3170.54,1
453180,27,57,63,744,2,10,0,33.59,688.60,100.00,0.00,3170.54,1
454176,27,56,63,744,2,11,0,33.59,688.60,100.00,0.00,3170.54,1
455172,27,57,63,744,2,10,0,33.59,688.60,100.00,0.00,3170.54,1
456168,27,57,63,743,2,10,0,33.59,688.60,100.00,0.00,3170.54,1
457164,26,56,63,743,2,10,0,33.59,688.60,100.00,0.00,3170.54,1
458160,26,56,63,743,2,10,0,33.59,688.60,100.00,0.00,3170.54,1
459156,26,56,63,743,2,10,0,33.59,688.60,100.00,0.00,3170.54,1
460152,26,56,63,743,2,10,0,33.59,688.60,100.00,0.00,3170.54,1
461148,26,56,62,743,2,10,0,33.59,688.60,100.00,0.00,3170.54,1
462144,26,56,62,742,2,9,0,33.59,688.60,100.00,0.00,3170.54,1
463140,26,56,63,743,2,10,0,33.59,688.60,100.00,0.00,3170.54,1
464136,27,56,62,743,2,9,0,33.59,688.60,100.00,0.00,3170.54,1
465132,27,57,62,743,2,10,0,33.59,688.60,100.00,0.00,3170.54,1
466128,27,56,63,743,2,10,0,33.59,688.60,100.00,0.00,3170.54,1
467124,27,57,63,744,2,10,0,33.59,688.60,100.00,0.00,3170.54,1
468120,27,56,63,744,2,10,0,33.59,688.60,100.00,0.00,3170.54,1
469116,27,57,64,744,2,10,0,33.59,688.60,100.00,0.00,3170.54,1
470112,27,57,63,744,2,10,0,33.59,688.60,100.00,0.00,3170.54,1
471108,28,57,64,744,2,10,0,33.59,688.60,100.00,0.00,3170.54,1
472104,27,57,64,745,2,10,0,33.59,688.60,100.00,0.00,3170.54,1
473100,27,56,64,746,2,10,0,33.59,688.60,100.00,0.00,3170.54,1
474096,28,57,64,745,2,10,0,33.59,688.60,100.00,0.00,3170.54,1
475092,28,57,64,745,2,10,0,33.59,688.60,100.00,0.00,3170.54,1
476088,28,57,64,745,2,10,0,33.59,688.60,100.00,0.00,3170.54,1
477084,27,57,64,746,2,10,0,33.59,688.60,100.00,0.00,3170.54,1
478080,28,57,63,745,2,10,0,33.59,688.60,100.00,0.00,3170.54,1
479076,28,57,64,747,2,10,0,33.59,688.60,100.00,0.00,3170.54,1
480072,28,57,64,747,2,10,0,33.59,688.60,100.00,0.00,3170.54,1
481068,28,57,65,748,2,10,0,33.59,688.60,100.00,0.00,3170.54,1
482064,28,57,64,747,2,10,0,33.59,688.60,100.00,0.00,3170.54,1
483060,28,57,64,745,2,9,0,33.59,688.60,100.00,0.00,3170.54,1
484056,28,57,63,744,2,10,0,33.59,688.60,100.00,0.00,3170.54,1
485052,28,57,64,745,2,10,0,33.59,688.60,100.00,0.00,3170.54,1
486048,28,57,64,745,2,10,0,33.59,688.60,100.00,0.00,3170.54,1
487044,28,56,64,744,2,10,0,33.59,688.60,100.00,0.00,3170.54,1
488040,28,57,64,745,2,10,0,33.59,688.60,100.00,0.00,3170.54,1
489036,29,57,64,745,2,10,0,33.59,688.60,100.00,0.00,3170.54,1
490032,28,57,64,746,2,10,0,33.59,688.60,100.00,0.00,3170.54,1
491028,28,57,65,746,2,10,0,33.59,688.60,100.00,0.00,3170.54,1
492024,29,57,65,746,2,10,0,33.59,688.60,100.00,0.00,3170.54,1
493020,29,57,65,746,2,10,0,33.59,688.60,100.00,0.00,3170.54,1
494016,28,57,64,746,2,9,0,33.59,688.60,100.00,0.00,3170.54,1
495012,28,58,65,745,2,10,0,33.59,688.60,100.00,0.00,3170.54,1
496008,29,57,64,746,2,10,0,33.59,688.60,100.00,0.00,3170.54,1
497004,29,57,65,746,2,10,0,33.59,688.60,100.00,0.00,3170.54,1
498000,29,58,65,746,2,10,0,33.59,688.60,100.00,0.00,3170.54,1
498996,29,57,65,746,2,10,0,33.59,688.60,100.00,0.00,3170.54,1
499992,29,58,65,747,2,10,0,33.59,688.60,100.00,0.00,3170.54,1
500988,29,57,65,746,2,10,0,33.59,688.60,100.00,0.00,3170.54,1
501984,29,58,64,747,2,10,0,33.59,688.60,100.00,0.00,3170.54,1
502980,29,58,65,747,2,10,0,33.59,688.60,100.00,0.00,3170.54,1
503976,29,58,65,746,2,10,0,33.59,688.60,100.00,0.00,3170.54,1
504972,29,57,65,747,2,10,0,33.59,688.60,100.00,0.00,3170.54,1
505968,29,58,65,748,2,10,0,33.59,688.60,100.00,0.00,3170.54,1
506964,30,58,66,747,2,10,0,33.59,688.60,100.00,0.00,3170.54,1
507960,30,58,65,748,2,9,0,33.59,688.60,100.00,0.00,3170.54,1
508956,30,58,66,749,2,10,0,33.59,688.60,100.00,0.00,3170.54,1
509952,30,58,66,749,2,10,0,33.59,688.60,100.00,0.00,3170.54,1
510948,29,58,66,749,2,10,0,33.59,688.60,100.00,0.00,3170.54,1
511944,29,58,66,749,2,9,0,33.59,688.60,100.00,0.00,3170.54,1
512940,29,59,66,749,2,10,0,33.59,688.60,100.00,0.00,3170.54,1
513936,30,58,67,749,2,10,0,33.59,688.60,100.00,0.00,3170.54,1
514932,30,58,67,749,1,10,0,33.59,688.60,100.00,0.00,3170.54,1
515928,29,59,67,749,2,10,0,33.59,688.60,100.00,0.00,3170.54,1
516924,29,58,67,749,2,10,0,33.59,688.60,100.00,0.00,3170.54,1
517920,29,58,67,750,2,10,0,33.59,688.60,100.00,0.00,3170.54,1
518916,30,59,67,750,2,10,0,33.59,688.60,100.00,0.00,3170.54,1
519912,30,59,67,750,2,9,0,33.59,688.60,100.00,0.00,3170.54,1
520908,30,58,67,750,2,10,0,33.59,688.60,100.00,0.00,3170.54,1
521904,30,58,67,750,2,9,0,33.59,688.60,100.00,0.00,3170.54,1
522900,30,58,67,750,2,10,0,33.59,688.60,100.00,0.00,3170.54,1
523896,30,58,67,750,2,10,0,33.59,688.60,100.00,0.00,3170.54,1
524892,30,59,67,750,2,10,0,33.59,688.60,100.00,0.00,3170.54,1
525888,30,59,67,751,2,10,0,33.59,688.60,100.00,0.00,3170.54,1
526884,30,58,67,751,2,10,0,33.59,688.60,100.00,0.00,3170.54,1
527880,30,59,68,751,2,9,0,33.59,688.60,100.00,0.00,3170.54,1
528876,31,59,68,750,2,11,0,33.59,688.60,100.00,0.00,3170.54,1
529872,31,59,67,750,2,10,0,33.59,688.60,100.00,0.00,3170.54,1
530868,31,59,67,750,2,10,0,33.59,688.60,100.00,0.00,3170.54,1
531864,31,59,67,749,2,10,0,33.59,688.60,100.00,0.00,3170.54,1
532860,31,58,68,750,2,9,0,33.59,688.60,100.00,0.00,3170.54,1
533856,30,58,68,749,2,10,0,33.59,688.60,100.00,0.00,3170.54,1
534852,31,59,67,750,2,10,0,33.59,688.60,100.00,0.00,3170.54,1
535848,31,59,68,749,2,10,0,33.59,688.60,100.00,0.00,3170.54,1
536844,31,59,68,750,2,10,0,33.59,688.60,100.00,0.00,3170.54,1
537840,31,59,68,750,2,10,0,33.59,688.60,100.00,0.00,3170.54,1
538836,32,59,68,750,2,10,0,33.59,688.60,100.00,0.00,3170.54,1
539832,31,59,67,751,2,10,0,33.59,688.60,100.00,0.00,3170.54,1
540828,32,59,68,751,2,10,0,33.59,688.60,100.00,0.00,3170.54,1
541824,31,59,68,751,2,10,0,33.59,688.60,100.00,0.00,3170.54,1
542820,31,58,68,751,2,9,0,33.59,688.60,100.00,0.00,3170.54,1
543816,31,59,68,750,2,10,0,33.59,688.60,100.00,0.00,3170.54,1
544812,32,59,68,750,2,10,0,33.59,688.60,100.00,0.00,3170.54,1
545808,31,59,68,749,2,10,0,33.59,688.60,100.00,0.00,3170.54,1
546804,32,59,68,750,2,10,0,33.59,688.60,100.00,0.00,3170.54,1
547800,32,58,68,750,2,10,0,33.59,688.60,100.00,0.00,3170.54,1
548796,32,59,68,750,2,10,0,33.59,688.60,100.00,0.00,3170.54,1
549792,32,59,68,750,2,10,0,33.59,688.60,100.00,0.00,3170.54,1
550788,32,59,69,751,2,10,0,33.59,688.60,100.00,0.00,3170.54,1
551784,32,60,69,751,2,10,0,33.59,688.60,100.00,0.00,3170.54,1
552780,32,60,69,751,2,10,0,33.59,688.60,100.00,0.00,3170.54,1
553776,31,59,69,752,2,10,0,33.59,688.60,100.00,0.00,3170.54,1
554772,32,59,69,752,2,10,0,33.59,688.60,100.00,0.00,3170.54,1
555768,32,59,69,751,2,10,0,33.59,688.60,100.00,0.00,3170.54,1
556764,32,59,69,751,2,10,0,33.59,688.60,100.00,0.00,3170.54,1
557760,33,60,69,751,2,10,0,33.59,688.60,100.00,0.00,3170.54,1
558756,32,59,70,751,2,10,0,33.59,688.60,100.00,0.00,3170.54,1
559752,32,59,69,751,2,10,0,33.59,688.60,100.00,0.00,3170.54,1
560748,32,59,69,750,2,10,0,33.59,688.60,100.00,0.00,3170.54,1
561744,32,60,68,750,2,10,0,33.59,688.60,100.00,0.00,3170.54,1
562740,31,59,69,750,2,10,0,33.59,688.60,100.00,0.00,3170.54,1
563736,33,59,69,750,2,10,0,33.59,688.60,100.00,0.00,3170.54,1
564732,33,59,69,749,2,10,0,33.59,688.60,100.00,0.00,3170.54,1
565728,33,59,69,750,2,10,0,33.59,688.60,100.00,0.00,3170.54,1
566724,32,59,69,750,2,10,0,33.59,688.60,100.00,0.00,3170.54,1
567720,32,59,69,751,2,10,0,33.59,688.60,100.00,0.00,3170.54,1
568716,33,60,70,752,2,10,0,33.59,688.60,100.00,0.00,3170.54,1
569712,32,60,71,752,2,10,0,33.59,688.60,100.00,0.00,3170.54,1
570708,33,60,71,753,2,10,0,33.59,688.60,100.00,0.00,3170.54,1
571704,33,60,71,753,2,10,0,33.59,688.60,100.00,0.00,3170.54,1
572700,33,60,71,754,2,10,0,33.59,688.60,100.00,0.00,3170.54,1
573696,33,60,72,754,2,10,0,33.59,688.60,100.00,0.00,3170.54,1
574692,33,60,71,754,2,10,0,33.59,688.60,100.00,0.00,3170.54,1
575688,33,59,71,753,2,10,0,33.59,688.60,100.00,0.00,3170.54,1
576684,33,59,70,751,2,10,0,33.59,688.60,100.00,0.00,3170.54,1
577680,33,59,70,751,2,10,0,33.59,688.60,100.00,0.00,3170.54,1
578676,33,60,69,749,2,10,0,33.59,688.60,100.00,0.00,3170.54,1
579672,33,59,70,750,2,10,0,33.59,688.60,100.00,0.00,3170.54,1
580668,34,60,71,750,2,10,0,33.59,688.60,100.00,0.00,3170.54,1
581664,33,60,70,750,2,10,0,33.59,688.60,100.00,0.00,3170.54,1
582660,33,59,70,751,2,10,0,33.59,688.60,100.00,0.00,3170.54,1
583656,33,60,70,750,2,10,0,33.59,688.60,100.00,0.00,3170.54,1
584652,33,60,71,751,2,10,0,33.59,688.60,100.00,0.00,3170.54,1
585648,33,59,70,751,2,9,0,33.59,688.60,100.00,0.00,3170.54,1
586644,33,60,70,752,2,10,0,33.59,688.60,100.00,0.00,3170.54,1
587640,33,60,72,752,2,10,0,33.59,688.60,100.00,0.00,3170.54,1
588636,34,60,71,752,2,10,0,33.59,688.60,100.00,0.00,3170.54,1
589632,34,60,72,752,2,10,0,33.59,688.60,100.00,0.00,3170.54,1
590628,34,60,72,753,2,10,0,33.59,688.60,100.00,0.00,3170.54,1
591624,34,61,72,753,2,10,0,33.59,688.60,100.00,0.00,3170.54,1
592620,34,60,72,753,2,10,0,33.59,688.60,100.00,0.00,3170.54,1
593616,34,60,72,753,2,10,0,33.59,688.60,100.00,0.00,3170.54,1
594612,34,60,71,753,2,10,0,33.59,688.60,100.00,0.00,3170.54,1
595608,34,61,72,753,2,10,0,33.59,688.60,100.00,0.00,3170.54,1
596604,34,61,72,752,2,10,0,33.59,688.60,100.00,0.00,3170.54,1
597600,34,60,71,751,2,10,0,33.59,688.60,100.00,0.00,3170.54,1
598596,34,60,71,750,2,10,0,33.59,688.60,100.00,0.00,3170.54,1
599592,34,60,71,750,2,10,0,33.59,688.60,100.00,0.00,3170.54,1
0,33,60,71,751,2,10,0,33.59,688.60,100.00,0.00,3170.54,1
996,34,60,72,750,2,10,0,33.59,688.60,100.00,0.00,3170.54,1
1992,35,61,72,750,2,10,0,33.59,688.60,100.00,0.00,3170.54,1
2988,35,60,71,751,2,10,0,33.59,688.60,100.00,0.00,3170.54,1
3984,35,60,72,751,2,10,0,33.59,688.60,100.00,0.00,3170.54,1
4980,34,60,72,751,2,10,0,33.59,688.60,100.00,0.00,3170.54,1
5976,34,60,71,750,1,10,0,33.59,688.60,100.00,0.00,3170.54,1
6972,35,60,72,751,2,10,0,33.59,688.60,100.00,0.00,3170.54,1
7968,35,60,72,751,2,10,0,33.59,688.60,100.00,0.00,3170.54,1
8964,35,60,72,751,3,10,0,33.59,688.60,100.00,0.00,3170.54,1
9960,35,60,73,751,2,11,0,33.59,688.60,100.00,0.00,3170.54,1
10956,35,60,72,750,2,10,0,33.59,688.60,100.00,0.00,3170.54,1
11952,35,60,72,750,2,10,0,33.59,688.60,100.00,0.00,3170.54,1
12948,35,60,72,749,2,10,0,33.59,688.60,100.00,0.00,3170.54,1
13944,35,60,72,750,2,10,0,33.59,688.60,100.00,0.00,3170.54,1
14940,35,61,73,750,2,10,0,33.59,688.60,100.00,0.00,3170.54,1
15936,34,60,72,750,2,10,0,33.59,688.60,100.00,0.00,3170.54,1
16932,35,61,72,750,2,10,0,33.59,688.60,100.00,0.00,3170.54,1
17928,35,61,72,750,2,10,0,33.59,688.60,100.00,0.00,3170.54,1
18924,35,61,73,751,2,10,0,33.59,688.60,100.00,0.00,3170.54,1
19920,35,60,73,751,2,10,0,33.59,688.60,100.00,0.00,3170.54,1
20916,34,61,73,751,2,10,0,33.59,688.60,100.00,0.00,3170.54,1
21912,35,60,72,751,2,10,0,33.59,688.60,100.00,0.00,3170.54,1
22908,35,61,73,750,2,10,0,33.59,688.60,100.00,0.00,3170.54,1
23904,36,60,73,751,2,10,0,33.59,688.60,100.00,0.00,3170.54,1
24900,35,60,72,750,2,10,0,33.59,688.60,100.00,0.00,3170.54,1
25896,35,60,73,748,2,10,0,33.59,688.60,100.00,0.00,3170.54,1
26892,35,60,72,749,2,10,0,33.59,688.60,100.00,0.00,3170.54,1
27888,35,60,72,748,2,10,0,33.59,688.60,100.00,0.00,3170.54,1
28884,35,60,72,748,2,10,0,33.59,688.60,100.00,0.00,3170.54,1
29880,35,60,72,749,2,10,0,33.59,688.60,100.00,0.00,3170.54,1
30876,35,60,72,748,2,11,0,33.59,688.60,100.00,0.00,3170.54,1
31872,35,60,73,748,2,10,0,33.59,688.60,100.00,0.00,3170.54,1
32868,35,60,72,748,2,10,0,33.59,688.60,100.00,0.00,3170.54,1
33864,35,61,72,748,2,10,0,33.59,688.60,100.00,0.00,3170.54,1
34860,35,60,73,748,2,10,0,33.59,688.60,100.00,0.00,3170.54,1
35856,35,60,73,748,2,10,0,33.59,688.60,100.00,0.00,3170.54,1
36852,35,60,73,748,2,10,0,33.59,688.60,100.00,0.00,3170.54,1
37848,35,61,73,749,2,10,0,33.59,688.60,100.00,0.00,3170.54,1
38844,36,60,73,749,2,9,0,33.59,688.60,100.00,0.00,3170.54,1
39840,36,60,73,748,2,9,0,33.59,688.60,100.00,0.00,3170.54,1
40836,36,61,72,748,2,10,0,33.59,688.60,100.00,0.00,3170.54,1
41832,35,60,73,749,2,10,0,33.59,688.60,100.00,0.00,3170.54,1
42828,35,61,74,750,2,10,0,33.59,688.60,100.00,0.00,3170.54,1
43824,36,60,74,750,2,10,0,33.59,688.60,100.00,0.00,3170.54,1
44820,36,61,74,750,2,10,0,33.59,688.60,100.00,0.00,3170.54,1
45816,35,61,74,750,2,10,0,33.59,688.60,100.00,0.00,3170.54,1
46812,36,60,74,749,2,10,0,33.59,688.60,100.00,0.00,3170.54,1
47808,36,61,73,749,2,10,0,33.59,688.60,100.00,0.00,3170.54,1
48804,36,61,73,749,2,10,0,33.59,688.60,100.00,0.00,3170.54,1
49800,36,61,74,750,2,10,0,33.59,688.60,100.00,0.00,3170.54,1
50796,36,61,74,750,2,10,0,33.59,688.60,100.00,0.00,3170.54,1
51792,36,61,74,749,2,9,0,33.59,688.60,100.00,0.00,3170.54,1
52788,35,61,74,750,2,10,0,33.59,688.60,100.00,0.00,3170.54,1
53784,36,61,74,750,2,10,0,33.59,688.60,100.00,0.00,3170.54,1
54780,36,61,74,750,2,10,0,33.59,688.60,100.00,0.00,3170.54,1
55776,36,61,74,751,2,10,0,33.59,688.60,100.00,0.00,3170.54,1
56772,36,61,75,750,2,10,0,33.59,688.60,100.00,0.00,3170.54,1
57768,36,61,74,749,2,10,0,33.59,688.60,100.00,0.00,3170.54,1
58764,37,61,75,750,2,10,0,33.59,688.60,100.00,0.00,3170.54,1
59760,37,61,74,749,2,10,0,33.59,688.60,100.00,0.00,3170.54,1
60756,36,61,74,749,2,11,0,33.59,688.60,100.00,0.00,3170.54,1
61752,36,61,74,751,2,10,0,33.59,688.60,100.00,0.00,3170.54,1
62748,36,61,75,751,2,10,0,33.59,688.60,100.00,0.00,3170.54,1
63744,36,61,74,750,2,10,0,33.59,688.60,100.00,0.00,3170.54,1
64740,36,61,74,750,2,10,0,33.59,688.60,100.00,0.00,3170.54,1
65736,37,61,75,750,2,10,0,33.59,688.60,100.00,0.00,3170.54,1
66732,37,61,75,750,2,10,0,33.59,688.60,100.00,0.00,3170.54,1
67728,37,61,75,751,2,10,0,33.59,688.60,100.00,0.00,3170.54,1
68724,37,61,75,750,2,10,0,33.59,688.60,100.00,0.00,3170.54,1
69720,37,62,75,751,2,10,0,33.59,688.60,100.00,0.00,3170.54,1
70716,37,61,75,751,2,10,0,33.59,688.60,100.00,0.00,3170.54,1
71712,37,62,75,751,2,10,0,33.59,688.60,100.00,0.00,3170.54,1
72708,36,62,75,750,2,10,0,33.59,688.60,100.00,0.00,3170.54,1
73704,37,61,75,750,2,10,0,33.59,688.60,100.00,0.00,3170.54,1
74700,37,61,75,749,2,10,0,33.59,688.60,100.00,0.00,3170.54,1
75696,37,61,75,749,2,10,0,33.59,688.60,100.00,0.00,3170.54,1
76692,37,61,74,750,2,10,0,33.59,688.60,100.00,0.00,3170.54,1
77688,37,61,75,750,2,10,0,33.59,688.60,100.00,0.00,3170.54,1
78684,37,62,76,750,2,10,0,33.59,688.60,100.00,0.00,3170.54,1
79680,37,62,75,751,2,10,0,33.59,688.60,100.00,0.00,3170.54,1
80676,37,62,76,751,2,10,0,33.59,688.60,100.00,0.00,3170.54,1
81672,37,62,76,751,2,10,0,33.59,688.60,100.00,0.00,3170.54,1
82668,37,61,76,751,2,10,0,33.59,688.60,100.00,0.00,3170.54,1
83664,37,62,76,750,2,10,0,33.59,688.60,100.00,0.00,3170.54,1
84660,37,61,75,750,2,10,0,33.59,688.60,100.00,0.00,3170.54,1
85656,37,61,75,748,2,10,0,33.59,688.60,100.00,0.00,3170.54,1
86652,37,61,75,748,2,10,0,33.59,688.60,100.00,0.00,3170.54,1
87648,37,61,75,747,2,10,0,33.59,688.60,100.00,0.00,3170.54,1
88644,37,61,75,747,2,10,0,33.59,688.60,100.00,0.00,3170.54,1
89640,38,61,75,748,2,10,0,33.59,688.60,100.00,0.00,3170.54,1
90636,38,61,75,748,2,10,0,33.59,688.60,100.00,0.00,3170.54,1
91632,37,61,76,749,2,10,0,33.59,688.60,100.00,0.00,3170.54,1
92628,38,62,76,749,2,10,0,33.59,688.60,100.00,0.00,3170.54,1
93624,38,62,75,749,2,10,0,33.59,688.60,100.00,0.00,3170.54,1
94620,37,61,76,749,2,10,0,33.59,688.60,100.00,0.00,3170.54,1
95616,37,61,76,750,2,10,0,33.59,688.60,100.00,0.00,3170.54,1
96612,38,62,77,751,2,10,0,33.59,688.60,100.00,0.00,3170.54,1
97608,38,62,77,752,2,11,0,33.59,688.60,100.00,0.00,3170.54,1
98604,38,62,76,752,2,10,0,33.59,688.60,100.00,0.00,3170.54,1
99600,38,62,77,751,2,10,0,33.59,688.60,100.00,0.00,3170.54,1
100596,38,62,76,752,2,10,0,33.59,688.60,100.00,0.00,3170.54,1
101592,38,62,77,752,2,10,0,33.59,688.60,100.00,0.00,3170.54,1
102588,38,62,77,752,2,10,0,33.59,688.60,100.00,0.00,3170.54,1
103584,39,62,77,754,2,10,0,33.59,688.60,100.00,0.00,3170.54,1
104580,38,63,77,754,2,10,0,33.59,688.60,100.00,0.00,3170.54,1
105576,38,63,78,754,2,10,0,33.59,688.60,100.00,0.00,3170.54,1
106572,39,63,78,754,2,9,0,33.59,688.60,100.00,0.00,3170.54,1
107568,38,63,78,754,2,10,0,33.59,688.60,100.00,0.00,3170.54,1
108564,38,62,78,753,2,10,0,33.59,688.60,100.00,0.00,3170.54,1
109560,38,62,78,753,2,10,0,33.59,688.60,100.00,0.00,3170.54,1
110556,38,62,78,753,2,10,0,33.59,688.60,100.00,0.00,3170.54,1
111552,38,62,78,753,2,10,0,33.59,688.60,100.00,0.00,3170.54,1
112548,38,62,77,752,2,10,0,33.59,688.60,100.00,0.00,3170.54,1
113544,39,63,78,754,2,10,0,33.59,688.60,100.00,0.00,3170.54,1
114540,39,63,78,754,2,10,0,33.59,688.60,100.00,0.00,3170.54,1
115536,39,63,78,753,2,10,0,33.59,688.60,100.00,0.00,3170.54,1
116532,38,62,78,753,2,10,0,33.59,688.60,100.00,0.00,3170.54,1
117528,38,63,78,753,2,10,0,33.59,688.60,100.00,0.00,3170.54,1
118524,39,63,78,753,2,10,0,33.59,688.60,100.00,0.00,3170.54,1
119520,38,63,79,753,2,10,0,33.59,688.60,100.00,0.00,3170.54,1
120516,39,63,78,753,2,11,0,33.59,688.60,100.00,0.00,3170.54,1
121512,38,62,78,753,2,10,0,33.59,688.60,100.00,0.00,3170.54,1
122508,39,62,78,752,2,10,0,33.59,688.60,100.00,0.00,3170.54,1
123504,39,62,78,752,3,10,0,33.59,688.60,100.00,0.00,3170.54,1
124500,39,62,78,751,2,10,0,33.59,688.60,100.00,0.00,3170.54,1
125496,39,63,78,752,2,10,0,33.59,688.60,100.00,0.00,3170.54,1
126492,39,62,78,751,2,10,0,33.59,688.60,100.00,0.00,3170.54,1
127488,39,62,78,751,2,10,0,33.59,688.60,100.00,0.00,3170.54,1
128484,39,62,77,750,2,10,0,33.59,688.60,100.00,0.00,3170.54,1
129480,39,62,78,751,2,10,0,33.59,688.60,100.00,0.00,3170.54,1
130476,39,62,78,750,2,10,0,33.59,688.60,100.00,0.00,3170.54,1
131472,39,62,78,751,2,10,0,33.59,688.60,100.00,0.00,3170.54,1
132468,39,63,79,751,2,10,0,33.59,688.60,100.00,0.00,3170.54,1
133464,38,63,79,752,2,10,0,33.59,688.60,100.00,0.00,3170.54,1
134460,39,63,78,752,2,10,0,33.59,688.60,100.00,0.00,3170.54,1
135456,39,63,79,753,2,10,0,33.59,688.60,100.00,0.00,3170.54,1
136452,39,63,79,752,2,10,0,33.59,688.60,100.00,0.00,3170.54,1
137448,39,64,80,754,2,10,0,33.59,688.60,100.00,0.00,3170.54,1
138444,40,64,80,754,2,10,0,33.59,688.60,100.00,0.00,3170.54,1
139440,39,64,80,756,3,10,0,33.59,688.60,100.00,0.00,3170.54,1
140436,40,64,80,756,2,10,0,33.59,688.60,100.00,0.00,3170.54,1
141432,40,63,81,756,2,10,0,33.59,688.60,100.00,0.00,3170.54,1
142428,40,64,81,757,2,10,0,33.59,688.60,100.00,0.00,3170.54,1
143424,39,64,81,757,2,10,0,33.59,688.60,100.00,0.00,3170.54,1
144420,40,64,81,756,2,10,0,33.59,688.60,100.00,0.00,3170.54,1
145416,39,63,81,756,2,10,0,33.59,688.60,100.00,0.00,3170.54,1
146412,39,64,81,755,2,10,0,33.59,688.60,100.00,0.00,3170.54,1
147408,39,64,80,754,2,10,0,33.59,688.60,100.00,0.00,3170.54,1
148404,40,63,80,752,2,10,0,33.59,688.60,100.00,0.00,3170.54,1
149400,39,63,80,752,2,10,0,33.59,688.60,100.00,0.00,3170.54,1
150396,40,63,80,754,2,10,0,33.59,688.60,100.00,0.00,3170.54,1
151392,40,64,80,754,2,10,0,33.59,688.60,100.00,0.00,3170.54,1
152388,40,64,81,754,2,10,0,33.59,688.60,100.00,0.00,3170.54,1
153384,40,63,80,755,2,10,0,33.59,688.60,100.00,0.00,3170.54,1
154380,40,63,80,754,2,10,0,33.59,688.60,100.00,0.00,3170.54,1
155376,40,64,81,755,2,10,0,33.59,688.60,100.00,0.00,3170.54,1
156372,40,63,81,755,2,10,0,33.59,688.60,100.00,0.00,3170.54,1
157368,40,64,81,754,2,10,0,33.59,688.60,100.00,0.00,3170.54,1
158364,40,63,81,754,2,10,0,33.59,688.60,100.00,0.00,3170.54,1
159360,40,63,81,755,2,10,0,33.59,688.60,100.00,0.00,3170.54,1
160356,40,64,81,755,2,10,0,33.59,688.60,100.00,0.00,3170.54,1
161352,39,63,81,755,2,10,0,33.59,688.60,100.00,0.00,3170.54,1
162348,40,63,81,755,2,10,0,33.59,688.60,100.00,0.00,3170.54,1
163344,40,63,81,754,2,10,0,33.59,688.60,100.00,0.00,3170.54,1
164340,40,63,81,754,2,10,0,33.59,688.60,100.00,0.00,3170.54,1
165336,40,64,81,754,2,10,0,33.59,688.60,100.00,0.00,3170.54,1
166332,40,64,81,755,2,10,0,33.59,688.60,100.00,0.00,3170.54,1
167328,40,63,81,754,2,10,0,33.59,688.60,100.00,0.00,3170.54,1
168324,40,63,81,754,2,10,0,33.59,688.60,100.00,0.00,3170.54,1
169320,40,63,81,754,2,10,0,33.59,688.60,100.00,0.00,3170.54,1
170316,41,63,81,754,2,11,0,33.59,688.60,100.00,0.00,3170.54,1
171312,40,64,81,754,2,10,0,33.59,688.60,100.00,0.00,3170.54,1
172308,40,64,81,754,2,10,0,33.59,688.60,100.00,0.00,3170.54,1
173304,40,64,82,755,2,10,0,33.59,688.60,100.00,0.00,3170.54,1
174300,40,64,82,754,2,9,0,33.59,688.60,100.00,0.00,3170.54,1
175296,41,64,82,755,2,11,0,33.59,688.60,100.00,0.00,3170.54,1
176292,41,64,82,755,2,10,0,33.59,688.60,100.00,0.00,3170.54,1
177288,41,65,82,756,2,10,0,33.59,688.60,100.00,0.00,3170.54,1
178284,41,64,82,756,2,10,0,33.59,688.60,100.00,0.00,3170.54,1
179280,41,65,83,756,2,10,0,33.59,688.60,100.00,0.00,3170.54,1
180276,41,65,82,757,2,10,0,33.59,688.60,100.00,0.00,3170.54,1
181272,40,64,83,757,2,10,0,33.59,688.60,100.00,0.00,3170.54,1
182268,41,64,83,756,3,10,0,33.59,688.60,100.00,0.00,3170.54,1
183264,41,64,82,755,2,11,0,33.59,688.60,100.00,0.00,3170.54,1
184260,41,64,82,755,2,10,0,33.59,688.60,100.00,0.00,3170.54,1
185256,41,64,82,755,1,10,0,33.59,688.60,100.00,0.00,3170.54,1
186252,41,64,82,756,2,10,0,33.59,688.60,100.00,0.00,3170.54,1
187248,41,64,83,755,2,10,0,33.59,688.60,100.00,0.00,3170.54,1
188244,41,64,82,755,2,10,0,33.59,688.60,100.00,0.00,3170.54,1
189240,41,65,83,756,2,9,0,33.59,688.60,100.00,0.00,3170.54,1
190236,41,65,83,757,2,10,0,33.59,688.60,100.00,0.00,3170.54,1
191232,41,65,83,757,2,10,0,33.59,688.60,100.00,0.00,3170.54,1
192228,41,64,83,757,2,10,0,33.59,688.60,100.00,0.00,3170.54,1
193224,41,65,84,757,2,10,0,33.59,688.60,100.00,0.00,3170.54,1
194220,41,64,84,757,2,10,0,33.59,688.60,100.00,0.00,3170.54,1
195216,41,64,84,757,2,10,0,33.59,688.60,100.00,0.00,3170.54,1
196212,41,65,84,757,2,10,0,33.59,688.60,100.00,0.00,3170.54,1
197208,41,64,84,757,2,10,0,33.59,688.60,100.00,0.00,3170.54,1
198204,41,64,84,757,2,10,0,33.59,688.60,100.00,0.00,3170.54,1
199200,41,64,84,756,2,10,0,33.59,688.60,100.00,0.00,3170.54,1
200196,41,64,83,756,2,10,0,33.59,688.60,100.00,0.00,3170.54,1
201192,41,63,82,753,2,10,0,33.59,688.60,100.00,0.00,3170.54,1
202188,41,64,82,752,2,10,0,33.59,688.60,100.00,0.00,3170.54,1
203184,41,64,83,752,2,10,0,33.59,688.60,100.00,0.00,3170.54,1
204180,41,64,82,752,2,10,0,33.59,688.60,100.00,0.00,3170.54,1
205176,41,63,83,752,2,11,0,33.59,688.60,100.00,0.00,3170.54,1
206172,41,64,83,752,2,10,0,33.59,688.60,100.00,0.00,3170.54,1
207168,41,64,83,753,2,10,0,33.59,688.60,100.00,0.00,3170.54,1
208164,41,64,83,752,3,11,0,33.59,688.60,100.00,0.00,3170.54,1
209160,41,64,83,753,2,10,0,33.59,688.60,100.00,0.00,3170.54,1
210156,42,64,82,752,2,9,0,33.59,688.60,100.00,0.00,3170.54,1
211152,41,63,82,751,2,10,0,33.59,688.60,100.00,0.00,3170.54,1
212148,41,64,83,752,2,10,0,33.59,688.60,100.00,0.00,3170.54,1
213144,40,64,83,752,2,10,0,33.59,688.60,100.00,0.00,3170.54,1
214140,41,64,83,752,2,10,0,33.59,688.60,100.00,0.00,3170.54,1
215136,41,64,83,752,2,10,0,33.59,688.60,100.00,0.00,3170.54,1
216132,41,64,83,752,2,10,0,33.59,688.60,100.00,0.00,3170.54,1
217128,41,64,83,752,2,10,0,33.59,688.60,100.00,0.00,3170.54,1
218124,41,64,83,752,2,10,0,33.59,688.60,100.00,0.00,3170.54,1
219120,41,64,83,752,2,10,0,33.59,688.60,100.00,0.00,3170.54,1
220116,42,64,83,752,2,10,0,33.59,688.60,100.00,0.00,3170.54,1
221112,41,64,83,753,2,10,0,33.59,688.60,100.00,0.00,3170.54,1
222108,42,64,84,753,2,10,0,33.59,688.60,100.00,0.00,3170.54,1
223104,41,64,84,754,2,10,0,33.59,688.60,100.00,0.00,3170.54,1
224100,41,64,84,753,2,10,0,33.59,688.60,100.00,0.00,3170.54,1
225096,41,65,83,753,2,10,0,33.59,688.60,100.00,0.00,3170.54,1
226092,41,64,83,752,2,10,0,33.59,688.60,100.00,0.00,3170.54,1
227088,42,64,83,751,2,10,0,33.59,688.60,100.00,0.00,3170.54,1
228084,42,64,83,752,2,10,0,33.59,688.60,100.00,0.00,3170.54,1
229080,41,64,84,752,2,10,0,33.59,688.60,100.00,0.00,3170.54,1
230076,41,64,84,752,2,10,0,33.59,688.60,100.00,0.00,3170.54,1
231072,41,65,84,753,2,10,0,33.59,688.60,100.00,0.00,3170.54,1
232068,41,64,84,753,2,11,0,33.59,688.60,100.00,0.00,3170.54,1
233064,41,65,84,753,2,10,0,33.59,688.60,100.00,0.00,3170.54,1
234060,41,65,84,754,2,10,0,33.59,688.60,100.00,0.00,3170.54,1
235056,41,65,84,754,2,10,0,33.59,688.60,100.00,0.00,3170.54,1
236052,41,64,84,754,2,10,0,33.59,688.60,100.00,0.00,3170.54,1
237048,42,64,84,753,2,10,0,33.59,688.60,100.00,0.00,3170.54,1
238044,41,64,84,752,2,10,0,33.59,688.60,100.00,0.00,3170.54,1
239040,41,64,84,753,2,11,0,33.59,688.60,100.00,0.00,3170.54,1
240036,42,64,84,752,2,10,0,33.59,688.60,100.00,0.00,3170.54,1
241032,42,65,84,753,2,10,0,33.59,688.60,100.00,0.00,3170.54,1
242028,41,64,84,753,2,10,0,33.59,688.60,100.00,0.00,3170.54,1
243024,42,64,85,753,2,10,0,33.59,688.60,100.00,0.00,3170.54,1
244020,42,64,84,753,2,10,0,33.59,688.60,100.00,0.00,3170.54,1
245016,41,65,84,752,2,10,0,33.59,688.60,100.00,0.00,3170.54,1
246012,41,65,84,753,2,10,0,33.59,688.60,100.00,0.00,3170.54,1
247008,42,64,84,753,2,10,0,33.59,688.60,100.00,0.00,3170.54,1
248004,41,64,84,753,2,10,0,33.59,688.60,100.00,0.00,3170.54,1
249000,42,65,84,753,2,10,0,33.59,688.60,100.00,0.00,3170.54,1
249996,41,64,85,753,3,10,0,33.59,688.60,100.00,0.00,3170.54,1
250992,42,64,85,753,2,10,0,33.59,688.60,100.00,0.00,3170.54,1
251988,41,64,84,752,2,10,0,33.59,688.60,100.00,0.00,3170.54,1
252984,42,64,84,752,2,10,0,33.59,688.60,100.00,0.00,3170.54,1
253980,42,64,85,751,2,10,0,33.59,688.60,100.00,0.00,3170.54,1
254976,42,64,85,751,2,10,0,33.59,688.60,100.00,0.00,3170.54,1
255972,42,64,85,752,2,10,0,33.59,688.60,100.00,0.00,3170.54,1
256968,42,65,85,752,2,10,0,33.59,688.60,100.00,0.00,3170.54,1
257964,42,65,85,752,2,10,0,33.59,688.60,100.00,0.00,3170.54,1
258960,42,64,84,752,2,10,0,33.59,688.60,100.00,0.00,3170.54,1
259956,42,64,85,752,2,10,0,33.59,688.60,100.00,0.00,3170.54,1
260952,42,64,85,753,2,10,0,33.59,688.60,100.00,0.00,3170.54,1
261948,42,65,85,754,2,10,0,33.59,688.60,100.00,0.00,3170.54,1
262944,42,65,86,754,2,10,0,33.59,688.60,100.00,0.00,3170.54,1
263940,42,65,85,754,2,10,0,33.59,688.60,100.00,0.00,3170.54,1
264936,42,64,85,755,2,10,0,33.59,688.60,100.00,0.00,3170.54,1
265932,42,65,85,754,2,11,0,33.59,688.60,100.00,0.00,3170.54,1
266928,42,65,86,754,2,10,0,33.59,688.60,100.00,0.00,3170.54,1
267924,42,65,86,754,2,10,0,33.59,688.60,100.00,0.00,3170.54,1
268920,42,65,86,754,2,10,0,33.59,688.60,100.00,0.00,3170.54,1
269916,42,65,85,754,2,10,0,33.59,688.60,100.00,0.00,3170.54,1
270912,42,64,85,753,2,10,0,33.59,688.60,100.00,0.00,3170.54,1
271908,43,65,85,752,2,10,0,33.59,688.60,100.00,0.00,3170.54,1
272904,42,65,85,752,2,10,0,33.59,688.60,100.00,0.00,3170.54,1
273900,42,64,85,751,2,10,0,33.59,688.60,100.00,0.00,3170.54,1
274896,42,65,85,751,2,10,0,33.59,688.60,100.00,0.00,3170.54,1
275892,42,64,85,750,2,10,0,33.59,688.60,100.00,0.00,3170.54,1
276888,42,64,85,750,2,10,0,33.59,688.60,100.00,0.00,3170.54,1
277884,42,65,85,751,2,9,0,33.59,688.60,100.00,0.00,3170.54,1
278880,42,65,85,752,2,10,0,33.59,688.60,100.00,0.00,3170.54,1
279876,42,65,86,751,2,10,0,33.59,688.60,100.00,0.00,3170.54,1
280872,42,65,85,752,2,10,0,33.59,688.60,100.00,0.00,3170.54,1
281868,42,65,86,753,2,10,0,33.59,688.60,100.00,0.00,3170.54,1
282864,43,65,87,754,2,10,0,33.59,688.60,100.00,0.00,3170.54,1
283860,42,65,87,755,2,10,0,33.59,688.60,100.00,0.00,3170.54,1
284856,42,66,87,755,2,10,0,33.59,688.60,100.00,0.00,3170.54,1
285852,43,66,87,756,2,10,0,33.59,688.60,100.00,0.00,3170.54,1
286848,42,65,88,756,2,9,0,33.59,688.60,100.00,0.00,3170.54,1
287844,43,65,87,755,2,10,0,33.59,688.60,100.00,0.00,3170.54,1
288840,43,65,87,755,2,10,0,33.59,688.60,100.00,0.00,3170.54,1
289836,42,65,87,755,2,10,0,33.59,688.60,100.00,0.00,3170.54,1
290832,42,66,87,755,2,10,0,33.59,688.60,100.00,0.00,3170.54,1
291828,42,66,87,754,3,10,0,33.59,688.60,100.00,0.00,3170.54,1
292824,43,65,87,754,2,10,0,33.59,688.60,100.00,0.00,3170.54,1
293820,43,66,86,755,2,10,0,33.59,688.60,100.00,0.00,3170.54,1
294816,42,65,87,754,2,10,0,33.59,688.60,100.00,0.00,3170.54,1
295812,42,65,87,753,2,10,0,33.59,688.60,100.00,0.00,3170.54,1
296808,43,65,86,752,2,10,0,33.59,688.60,100.00,0.00,3170.54,1
297804,43,65,86,752,2,10,0,33.59,688.60,100.00,0.00,3170.54,1
298800,42,65,86,753,2,10,0,33.59,688.60,100.00,0.00,3170.54,1
299796,42,65,87,752,2,10,0,33.59,688.60,100.00,0.00,3170.54,1
300792,42,65,86,753,2,10,0,33.59,688.60,100.00,0.00,3170.54,1
301788,43,65,87,752,2,10,0,33.59,688.60,100.00,0.00,3170.54,1
302784,43,65,86,751,2,10,0,33.59,688.60,100.00,0.00,3170.54,1
303780,42,65,87,753,2,10,0,33.59,688.60,100.00,0.00,3170.54,1
304776,42,65,87,753,2,10,0,33.59,688.60,100.00,0.00,3170.54,1
305772,43,66,87,754,2,10,0,33.59,688.60,100.00,0.00,3170.54,1
306768,42,65,87,754,2,10,0,33.59,688.60,100.00,0.00,3170.54,1
307764,42,66,87,754,2,10,0,33.59,688.60,100.00,0.00,3170.54,1
308760,43,65,88,755,2,10,0,33.59,688.60,100.00,0.00,3170.54,1
309756,43,65,88,755,2,10,0,33.59,688.60,100.00,0.00,3170.54,1
310752,43,66,88,755,2,10,0,33.59,688.60,100.00,0.00,3170.54,1
311748,43,66,87,755,2,10,0,33.59,688.60,100.00,0.00,3170.54,1
312744,42,66,88,755,2,10,0,33.59,688.60,100.00,0.00,3170.54,1
313740,43,66,87,755,2,10,0,33.59,688.60,100.00,0.00,3170.54,1
314736,43,65,87,754,2,10,0,33.59,688.60,100.00,0.00,3170.54,1
315732,42,65,87,753,2,10,0,33.59,688.60,100.00,0.00,3170.54,1
316728,42,65,87,752,2,10,0,33.59,688.60,100.00,0.00,3170.54,1
317724,43,65,87,751,2,10,0,33.59,688.60,100.00,0.00,3170.54,1
318720,43,65,86,752,2,10,0,33.59,688.60,100.00,0.00,3170.54,1
319716,43,65,87,751,2,10,0,33.59,688.60,100.00,0.00,3170.54,1
320712,42,65,86,751,2,10,0,33.59,688.60,100.00,0.00,3170.54,1
321708,43,65,86,750,2,10,0,33.59,688.60,100.00,0.00,3170.54,1
322704,42,64,86,749,2,10,0,33.59,688.60,100.00,0.00,3170.54,1
323700,43,65,86,750,2,10,0,33.59,688.60,100.00,0.00,3170.54,1
324696,42,65,86,750,3,10,0,33.59,688.60,100.00,0.00,3170.54,1
325692,43,65,86,750,2,10,0,33.59,688.60,100.00,0.00,3170.54,1
326688,42,64,86,750,2,10,0,33.59,688.60,100.00,0.00,3170.54,1
327684,43,65,87,750,2,10,0,33.59,688.60,100.00,0.00,3170.54,1
328680,43,65,87,750,2,10,0,33.59,688.60,100.00,0.00,3170.54,1
329676,43,65,87,752,2,10,0,33.59,688.60,100.00,0.00,3170.54,1
330672,43,65,87,752,2,10,0,33.59,688.60,100.00,0.00,3170.54,1
331668,43,65,87,752,2,10,0,33.59,688.60,100.00,0.00,3170.54,1
332664,43,65,88,753,2,10,0,33.59,688.60,100.00,0.00,3170.54,1
333660,43,65,88,752,2,10,0,33.59,688.60,100.00,0.00,3170.54,1
334656,43,65,87,752,2,10,0,33.59,688.60,100.00,0.00,3170.54,1
335652,43,65,87,751,2,10,0,33.59,688.60,100.00,0.00,3170.54,1
336648,43,66,87,753,2,10,0,33.59,688.60,100.00,0.00,3170.54,1
337644,43,65,88,753,2,10,0,33.59,688.60,100.00,0.00,3170.54,1
338640,43,66,88,754,2,10,0,33.59,688.60,100.00,0.00,3170.54,1
339636,43,65,88,755,2,10,0,33.59,688.60,100.00,0.00,3170.54,1
340632,43,66,89,756,2,10,0,33.59,688.60,100.00,0.00,3170.54,1
341628,43,66,89,755,2,10,0,33.59,688.60,100.00,0.00,3170.54,1
342624,43,66,89,756,2,10,0,33.59,688.60,100.00,0.00,3170.54,1
343620,43,66,88,756,2,9,0,33.59,688.60,100.00,0.00,3170.54,1
344616,43,66,88,756,2,10,0,33.59,688.60,100.00,0.00,3170.54,1
345612,43,66,89,756,2,10,0,33.59,688.60,100.00,0.00,3170.54,1
346608,43,66,89,755,2,10,0,33.59,688.60,100.00,0.00,3170.54,1
347604,43,66,89,754,2,10,0,33.59,688.60,100.00,0.00,3170.54,1
348600,43,66,88,754,2,10,0,33.59,688.60,100.00,0.00,3170.54,1
349596,43,66,89,754,2,10,0,33.59,688.60,100.00,0.00,3170.54,1
350592,43,66,89,754,2,10,0,33.59,688.60,100.00,0.00,3170.54,1
351588,43,66,89,755,2,10,0,33.59,688.60,100.00,0.00,3170.54,1
352584,43,66,90,755,2,10,0,33.59,688.60,100.00,0.00,3170.54,1
353580,43,66,90,756,2,10,0,33.59,688.60,100.00,0.00,3170.54,1
354576,43,66,90,757,2,10,0,33.59,688.60,100.00,0.00,3170.54,1
355572,43,67,90,757,2,10,0,33.59,688.60,100.00,0.00,3170.54,1
356568,43,66,90,756,2,10,0,33.59,688.60,100.00,0.00,3170.54,1
357564,44,66,89,756,2,10,0,33.59,688.60,100.00,0.00,3170.54,1
358560,44,67,90,757,2,10,0,33.59,688.60,100.00,0.00,3170.54,1
359556,43,66,90,756,2,10,0,33.59,688.60,100.00,0.00,3170.54,1
360552,43,66,90,757,2,10,0,33.59,688.60,100.00,0.00,3170.54,1
361548,44,66,90,757,2,10,0,33.59,688.60,100.00,0.00,3170.54,1
362544,44,67,91,757,2,10,0,33.59,688.60,100.00,0.00,3170.54,1
363540,44,66,91,758,2,10,0,33.59,688.60,100.00,0.00,3170.54,1
364536,44,66,91,758,2,10,0,33.59,688.60,100.00,0.00,3170.54,1
365532,44,67,91,758,2,10,0,33.59,688.60,100.00,0.00,3170.54,1
366528,44,67,91,757,3,10,0,33.59,688.60,100.00,0.00,3170.54,1
367524,44,66,90,758,2,10,0,33.59,688.60,100.00,0.00,3170.54,1
368520,44,66,91,758,2,10,0,33.59,688.60,100.00,0.00,3170.54,1
369516,44,66,91,757,2,10,0,33.59,688.60,100.00,0.00,3170.54,1
370512,44,67,90,757,2,10,0,33.59,688.60,100.00,0.00,3170.54,1
371508,44,67,91,757,2,10,0,33.59,688.60,100.00,0.00,3170.54,1
372504,44,66,90,757,2,10,0,33.59,688.60,100.00,0.00,3170.54,1
373500,44,66,91,758,3,10,0,33.59,688.60,100.00,0.00,3170.54,1
374496,44,66,91,758,2,10,0,33.59,688.60,100.00,0.00,3170.54,1
375492,43,67,91,758,3,10,0,33.59,688.60,100.00,0.00,3170.54,1
376488,44,67,92,760,2,10,0,33.59,688.60,100.00,0.00,3170.54,1
377484,44,67,93,760,2,10,0,33.59,688.60,100.00,0.00,3170.54,1
378480,44,67,92,760,2,10,0,33.59,688.60,100.00,0.00,3170.54,1
379476,44,67,92,760,2,10,0,33.59,688.60,100.00,0.00,3170.54,1
380472,44,67,92,760,2,10,0,33.59,688.60,100.00,0.00,3170.54,1
381468,44,67,92,759,2,10,0,33.59,688.60,100.00,0.00,3170.54,1
382464,44,67,92,760,2,10,0,33.59,688.60,100.00,0.00,3170.54,1
383460,44,67,92,760,2,10,0,33.59,688.60,100.00,0.00,3170.54,1
384456,44,67,93,760,2,11,0,33.59,688.60,100.00,0.00,3170.54,1
385452,44,67,93,760,2,10,0,33.59,688.60,100.00,0.00,3170.54,1
386448,44,67,93,760,2,10,0,33.59,688.60,100.00,0.00,3170.54,1
387444,44,67,93,760,2,10,0,33.59,688.60,100.00,0.00,3170.54,1
388440,44,67,93,758,2,10,0,33.59,688.60,100.00,0.00,3170.54,1
389436,44,67,92,758,2,11,0,33.59,688.60,100.00,0.00,3170.54,1
390432,44,66,91,757,2,10,0,33.59,688.60,100.00,0.00,3170.54,1
391428,43,66,92,757,2,10,0,33.59,688.60,100.00,0.00,3170.54,1
392424,44,66,91,755,2,10,0,33.59,688.60,100.00,0.00,3170.54,1
393420,44,66,91,756,2,10,0,33.59,688.60,100.00,0.00,3170.54,1
394416,44,67,91,756,2,10,0,33.59,688.60,100.00,0.00,3170.54,1
395412,45,67,91,755,2,10,0,33.59,688.60,100.00,0.00,3170.54,1
396408,44,67,91,755,2,10,0,33.59,688.60,100.00,0.00,3170.54,1
397404,44,66,92,756,2,10,0,33.59,688.60,100.00,0.00,3170.54,1
398400,44,67,92,756,2,10,0,33.59,688.60,100.00,0.00,3170.54,1
399396,44,66,91,757,2,10,0,33.59,688.60,100.00,0.00,3170.54,1
400392,44,67,91,755,2,10,0,33.59,688.60,100.00,0.00,3170.54,1
401388,44,67,91,755,2,10,0,33.59,688.60,100.00,0.00,3170.54,1
402384,44,67,91,755,2,10,0,33.59,688.60,100.00,0.00,3170.54,1
403380,43,67,91,755,2,10,0,33.59,688.60,100.00,0.00,3170.54,1
404376,44,66,92,755,2,10,0,33.59,688.60,100.00,0.00,3170.54,1
405372,44,67,91,755,2,10,0,33.59,688.60,100.00,0.00,3170.54,1
406368,44,66,92,755,2,10,0,33.59,688.60,100.00,0.00,3170.54,1
407364,44,66,92,755,2,10,0,33.59,688.60,100.00,0.00,3170.54,1
408360,44,66,92,754,2,10,0,33.59,688.60,100.00,0.00,3170.54,1
409356,44,66,91,754,2,10,0,33.59,688.60,100.00,0.00,3170.54,1
410352,44,67,91,753,2,10,0,33.59,688.60,100.00,0.00,3170.54,1
411348,44,66,91,754,2,10,0,33.59,688.60,100.00,0.00,3170.54,1
412344,44,66,92,755,3,10,0,33.59,688.60,100.00,0.00,3170.54,1
413340,44,66,92,756,2,10,0,33.59,688.60,100.00,0.00,3170.54,1
414336,44,66,93,756,3,10,0,33.59,688.60,100.00,0.00,3170.54,1
415332,44,67,93,757,2,10,0,33.59,688.60,100.00,0.00,3170.54,1
416328,44,67,92,756,2,10,0,33.59,688.60,100.00,0.00,3170.54,1
417324,44,67,92,757,2,10,0,33.59,688.60,100.00,0.00,3170.54,1
418320,44,67,92,757,2,10,0,33.59,688.60,100.00,0.00,3170.54,1
