timestamp,NO2,C2H50H,VOC,CO,Alcohol,LPG,Benzene,Temperature,Pressure,Humidity,Gas_Resistance,Altitude,State20.18,1
225096,31,67,77,838,1,23,0,25.53,1014.57,38.86,236.71,20.09,1
226092,32,67,76,838,2,23,0,25.53,1014.58,38.87,237.56,20.09,1
227088,32,67,77,836,1,23,0,25.53,1014.58,38.90,237.90,20.09,1
228084,32,67,76,836,2,25,0,25.53,1014.58,38.93,237.56,20.09,1
229080,32,67,76,835,2,23,0,25.53,1014.58,38.93,239.28,20.09,1
230076,31,67,76,835,2,23,0,25.53,1014.58,38.96,239.10,20.01,1
231072,31,67,76,834,1,24,0,25.54,1014.59,38.97,239.80,20.01,1
232068,32,68,76,832,1,23,0,25.54,1014.59,38.98,240.32,20.09,1
233064,31,68,75,832,2,23,0,25.54,1014.58,38.98,240.15,20.09,1
234060,32,67,76,831,1,22,0,25.54,1014.58,38.97,241.02,20.18,1
235056,31,67,76,831,2,22,0,25.54,1014.57,38.96,241.02,20.18,1
236052,31,67,76,831,2,23,0,25.54,1014.57,38.93,240.67,20.18,1
237048,32,67,76,830,1,23,0,25.54,1014.57,38.94,242.26,20.26,1
238044,31,67,76,830,1,23,0,25.54,1014.56,38.93,240.50,20.26,1
239040,31,67,75,830,1,22,0,25.54,1014.56,38.94,240.15,20.26,1
240036,31,67,76,829,2,22,0,25.55,1014.56,38.95,240.85,20.26,1
241032,31,67,75,830,1,21,0,25.55,1014.56,38.97,242.79,20.26,1
242028,31,67,75,828,2,22,0,25.55,1014.56,38.97,242.43,20.26,1
243024,31,67,75,829,2,23,0,25.55,1014.56,38.96,241.02,20.26,1
244020,32,67,76,828,2,22,0,25.55,1014.56,38.96,243.33,20.18,1
245016,31,67,76,830,1,22,0,25.55,1014.57,38.94,242.08,20.26,1
246012,31,67,75,830,1,23,0,25.55,1014.56,38.94,242.43,20.26,1
247008,31,68,75,831,2,22,0,25.55,1014.56,38.92,243.87,20.26,1
248004,32,68,76,831,1,22,0,25.55,1014.56,38.93,244.23,20.26,1
249000,32,67,76,832,2,22,0,25.55,1014.56,38.93,243.15,20.26,1
249996,31,67,76,833,2,22,0,25.55,1014.56,38.95,244.41,20.18,1
250992,31,68,75,834,2,22,0,25.56,1014.57,38.95,243.15,20.18,1
251988,31,67,75,835,2,22,0,25.56,1014.57,38.97,243.51,20.18,1
252984,31,68,75,835,1,22,0,25.56,1014.57,38.99,244.59,20.18,1
253980,31,68,76,836,1,24,0,25.56,1014.57,39.01,244.41,20.18,1
254976,32,68,76,837,1,22,0,25.56,1014.57,39.01,244.59,20.18,1
255972,31,68,76,838,2,22,0,25.56,1014.57,39.02,245.13,20.18,1
256968,31,68,76,838,2,22,0,25.56,1014.57,39.00,243.69,20.09,1
257964,31,68,76,839,1,22,0,25.56,1014.58,38.97,244.95,20.09,1
258960,30,68,75,839,2,22,0,25.56,1014.58,38.94,245.86,20.18,1
259956,31,68,76,839,1,22,0,25.56,1014.57,38.93,244.05,20.09,1
260952,31,68,76,839,1,22,0,25.56,1014.58,38.92,245.68,20.09,1
261948,30,68,75,840,2,22,0,25.56,1014.58,38.94,246.78,20.18,1
262944,31,68,75,840,2,23,0,25.57,1014.57,38.96,246.04,20.18,1
263940,31,67,76,841,2,22,0,25.57,1014.57,38.97,247.33,20.18,1
264936,31,68,75,841,2,21,0,25.57,1014.57,38.98,245.13,20.18,1
265932,31,68,76,841,2,22,0,25.57,1014.57,38.96,246.04,20.09,1
266928,31,68,75,841,2,22,0,25.57,1014.58,38.97,246.78,20.26,1
267924,31,68,75,841,2,22,0,25.57,1014.56,38.96,245.68,20.26,1
268920,31,68,76,842,2,22,0,25.57,1014.56,38.95,246.96,20.34,1
269916,30,68,76,842,2,22,0,25.57,1014.55,38.94,247.15,20.26,1
270912,31,68,75,843,2,22,0,25.57,1014.56,38.93,245.50,20.26,1
271908,31,68,75,843,1,22,0,25.57,1014.56,38.91,247.52,20.26,1
272904,31,68,75,843,2,22,0,25.57,1014.56,38.90,247.89,20.26,1
273900,31,69,75,844,1,22,0,25.57,1014.56,38.89,246.04,20.26,1
274896,30,68,75,844,2,21,0,25.57,1014.56,38.90,246.96,20.34,1
275892,31,68,76,845,2,22,0,25.57,1014.55,38.90,246.78,20.26,1
276888,31,68,75,844,1,22,0,25.58,1014.56,38.91,247.33,20.18,1
277884,31,68,75,844,2,22,0,25.58,1014.57,38.93,248.45,20.18,1
278880,31,68,75,844,1,23,0,25.58,1014.57,38.93,247.15,20.18,1
279876,31,68,75,844,2,21,0,25.58,1014.57,38.95,247.89,20.09,1
280872,31,68,75,844,2,22,0,25.58,1014.58,38.98,247.33,20.09,1
281868,31,68,75,844,2,21,0,25.58,1014.58,39.00,246.59,20.09,1
282864,30,69,75,844,1,21,0,25.58,1014.58,39.00,246.23,20.09,1
283860,31,68,75,844,1,22,0,25.58,1014.58,39.03,247.52,20.18,1
284856,30,68,75,844,2,21,0,25.58,1014.57,39.03,247.33,20.09,1
285852,30,68,75,845,1,22,0,25.58,1014.58,39.03,248.63,20.09,1
286848,31,69,75,844,1,22,0,25.58,1014.58,39.03,247.52,20.09,1
287844,30,68,74,845,1,21,0,25.58,1014.58,39.02,248.26,20.01,1
288840,31,69,75,845,2,22,0,25.58,1014.59,39.00,247.15,20.09,1
289836,31,68,75,845,1,22,0,25.58,1014.58,38.99,249.20,20.18,1
290832,31,69,75,846,2,22,0,25.58,1014.57,38.98,246.04,20.18,1
291828,31,68,75,844,2,22,0,25.58,1014.57,38.98,249.01,20.18,1
292824,30,69,75,844,1,21,0,25.58,1014.57,39.00,249.38,20.18,1
293820,30,68,75,844,2,21,0,25.58,1014.57,39.03,247.52,20.18,1
294816,31,68,74,844,1,22,0,25.58,1014.57,39.07,249.20,20.18,1
295812,30,68,75,845,2,22,0,25.58,1014.57,39.10,248.26,20.18,1
296808,31,68,75,844,2,21,0,25.58,1014.57,39.10,247.52,20.09,1
297804,31,68,74,844,2,22,0,25.58,1014.58,39.12,248.45,20.09,1
298800,31,68,75,844,2,22,0,25.58,1014.58,39.12,246.41,20.18,1
299796,31,68,75,845,2,22,0,25.58,1014.57,39.12,248.26,20.18,1
300792,31,68,75,845,1,21,0,25.58,1014.57,39.11,246.59,20.18,1
301788,31,68,75,846,1,22,0,25.58,1014.57,39.10,248.63,20.09,1
302784,31,68,75,846,1,21,0,25.58,1014.58,39.13,247.89,20.18,1
303780,30,68,75,847,2,21,0,25.58,1014.57,39.16,248.82,20.18,1
304776,31,68,75,847,2,20,0,25.58,1014.57,39.19,247.52,20.09,1
305772,31,68,74,847,2,22,0,25.58,1014.58,39.23,247.15,20.09,1
306768,31,69,75,847,2,21,0,25.58,1014.58,39.26,247.15,20.18,1
307764,31,68,75,847,2,21,0,25.58,1014.57,39.29,248.45,20.09,1
308760,31,69,75,846,1,22,0,25.58,1014.58,39.33,246.41,20.09,1
309756,31,68,75,846,2,22,0,25.58,1014.58,39.35,246.59,20.09,1
310752,31,69,75,846,1,22,0,25.59,1014.58,39.36,248.07,20.09,1
311748,30,68,74,846,1,21,0,25.58,1014.58,39.36,247.52,20.09,1
312744,30,69,75,846,2,22,0,25.58,1014.58,39.38,246.59,20.09,1
313740,31,68,74,846,1,21,0,25.59,1014.58,39.41,245.68,20.09,1
314736,30,68,75,847,2,21,0,25.59,1014.58,39.42,246.59,20.09,1
315732,31,68,75,846,1,22,0,25.58,1014.58,39.47,246.78,20.18,1
316728,31,68,75,846,2,21,0,25.59,1014.57,39.49,246.23,20.26,1
317724,30,69,74,846,1,22,0,25.58,1014.56,39.50,244.23,20.18,1
318720,31,67,74,845,2,22,0,25.58,1014.57,39.48,246.78,20.18,1
319716,31,68,75,846,2,22,0,25.58,1014.57,39.47,245.86,20.18,1
320712,31,68,75,845,2,22,0,25.59,1014.57,39.50,246.23,20.18,1
321708,30,69,74,845,1,21,0,25.59,1014.57,39.50,245.68,20.18,1
322704,31,68,75,846,2,21,0,25.59,1014.57,39.53,246.78,20.18,1
323700,31,68,75,845,1,21,0,25.59,1014.57,39.53,246.78,20.18,1
324696,31,68,74,846,2,21,0,25.59,1014.57,39.56,245.50,20.18,1
325692,31,68,75,845,2,21,0,25.59,1014.57,39.54,246.04,20.18,1
326688,30,68,74,846,2,22,0,25.59,1014.57,39.55,246.78,20.18,1
327684,30,68,75,846,1,22,0,25.59,1014.57,39.55,245.50,20.18,1
328680,30,68,75,846,2,22,0,25.59,1014.57,39.56,244.77,20.18,1
329676,31,68,75,846,1,22,0,25.59,1014.57,39.57,244.77,20.09,1
330672,31,68,75,847,2,21,0,25.59,1014.58,39.58,244.59,20.09,1
331668,30,68,75,847,1,21,0,25.59,1014.58,39.58,245.50,20.09,1
332664,30,69,75,848,2,21,0,25.59,1014.58,39.60,245.13,20.09,1
333660,30,69,75,848,2,21,0,25.59,1014.58,39.60,244.23,20.18,1
334656,31,69,75,848,1,22,0,25.59,1014.57,39.60,244.77,20.26,1
335652,30,68,74,848,2,22,0,25.59,1014.56,39.59,245.50,20.26,1
336648,31,69,75,849,2,21,0,25.59,1014.56,39.57,245.68,20.34,1
337644,30,68,74,849,2,22,0,25.59,1014.55,39.58,246.41,20.34,1
338640,31,69,75,849,1,24,0,25.59,1014.55,39.57,244.23,20.34,1
339636,30,68,75,849,2,21,0,25.59,1014.55,39.59,243.69,20.34,1
340632,31,69,74,849,2,22,0,25.59,1014.55,39.62,245.86,20.26,1
341628,31,68,74,849,2,22,0,25.59,1014.56,39.65,244.95,20.26,1
342624,31,68,75,849,2,22,0,25.59,1014.56,39.69,244.59,20.26,1
343620,31,68,74,848,2,22,0,25.59,1014.56,39.72,244.41,20.18,1
344616,31,68,75,849,2,22,0,25.59,1014.57,39.75,244.41,20.18,1
345612,31,68,75,849,1,21,0,25.59,1014.57,39.77,244.95,20.26,1
346608,31,69,75,850,1,21,0,25.59,1014.56,39.79,243.15,20.34,1
347604,31,68,74,850,1,22,0,25.59,1014.55,39.79,242.08,20.34,1
348600,30,68,75,849,1,21,0,25.59,1014.55,39.81,243.33,20.26,1
349596,31,68,75,850,2,21,0,25.59,1014.56,39.79,243.15,20.26,1
350592,31,69,75,851,2,22,0,25.59,1014.56,39.77,244.59,20.26,1
351588,31,69,74,851,2,21,0,25.59,1014.56,39.75,242.61,20.26,1
352584,31,69,75,850,2,21,0,25.59,1014.56,39.72,245.68,20.26,1
353580,31,69,75,851,2,22,0,25.59,1014.56,39.68,244.95,20.26,1
354576,31,69,74,850,1,21,0,25.59,1014.56,39.65,243.15,20.26,1
355572,31,68,74,849,1,22,0,25.59,1014.56,39.60,243.51,20.26,1
356568,31,68,74,849,1,21,0,25.59,1014.56,39.59,244.95,20.26,1
357564,31,68,75,849,2,21,0,25.59,1014.56,39.59,244.59,20.26,1
358560,31,68,74,849,2,21,0,25.59,1014.56,39.59,243.15,20.26,1
359556,31,68,74,848,1,22,0,25.59,1014.56,39.62,243.15,20.18,1
360552,31,68,74,848,1,22,0,25.59,1014.57,39.65,243.87,20.26,1
361548,31,69,75,848,2,22,0,25.59,1014.56,39.69,241.73,20.18,1
362544,31,68,74,849,1,21,0,25.59,1014.57,39.73,242.43,20.18,1
363540,31,68,74,848,1,23,0,25.60,1014.57,39.78,243.15,20.26,1
364536,30,69,75,848,1,22,0,25.60,1014.56,39.82,242.08,20.26,1
365532,31,68,74,849,2,21,0,25.60,1014.56,39.86,242.26,20.26,1
366528,31,68,75,848,2,22,0,25.60,1014.56,39.88,243.87,20.26,1
367524,31,68,74,848,1,22,0,25.60,1014.56,39.88,242.08,20.26,1
368520,31,68,74,849,1,22,0,25.60,1014.56,39.87,241.90,20.18,1
369516,31,68,74,848,2,22,0,25.60,1014.57,39.85,242.61,20.26,1
370512,31,68,75,849,1,22,0,25.60,1014.56,39.87,241.55,20.18,1
371508,31,68,75,849,2,22,0,25.60,1014.57,39.89,241.90,20.18,1
372504,31,69,75,850,1,22,0,25.60,1014.57,39.87,241.90,20.18,1
373500,31,69,75,851,1,22,0,25.60,1014.57,39.86,243.33,20.26,1
374496,30,69,74,852,1,21,0,25.60,1014.56,39.84,243.87,20.09,1
375492,31,69,75,852,2,22,0,25.60,1014.58,39.82,241.73,20.09,1
376488,31,69,75,853,2,22,0,25.60,1014.58,39.80,242.08,20.09,1
377484,31,69,75,854,1,22,0,25.60,1014.58,39.78,241.55,20.09,1
378480,31,69,76,854,1,22,0,25.60,1014.58,39.73,242.61,20.09,1
379476,31,69,75,854,2,22,0,25.60,1014.58,39.72,243.15,20.09,1
380472,31,70,76,856,2,22,0,25.60,1014.58,39.71,243.33,20.09,1
381468,31,69,75,856,1,22,0,25.60,1014.58,39.72,241.02,20.18,1
382464,31,69,75,856,1,22,0,25.60,1014.57,39.72,242.08,20.18,1
383460,31,69,75,857,2,22,0,25.60,1014.57,39.74,241.55,20.09,1
384456,31,69,75,856,1,22,0,25.60,1014.58,39.74,241.02,20.18,1
385452,31,69,76,856,1,22,0,25.60,1014.57,39.78,240.50,20.18,1
386448,31,69,75,856,1,22,0,25.60,1014.57,39.81,241.73,20.18,1
387444,31,69,76,857,1,22,0,25.60,1014.57,39.81,241.73,20.18,1
388440,31,69,75,858,2,22,0,25.60,1014.57,39.83,241.37,20.18,1
389436,31,69,76,857,1,22,0,25.60,1014.57,39.82,241.02,20.18,1
390432,31,69,76,858,2,21,0,25.60,1014.57,39.81,241.73,20.18,1
391428,30,69,76,858,1,22,0,25.60,1014.57,39.82,242.08,20.18,1
392424,31,69,75,859,2,22,0,25.60,1014.57,39.82,241.37,20.18,1
393420,31,69,76,858,1,22,0,25.60,1014.57,39.86,240.67,20.18,1
394416,31,69,75,859,2,22,0,25.60,1014.57,39.86,240.32,20.09,1
395412,31,69,76,859,2,22,0,25.60,1014.58,39.90,240.85,20.09,1
396408,31,70,75,860,2,22,0,25.60,1014.58,39.92,242.08,20.09,1
397404,31,69,75,860,1,22,0,25.60,1014.58,39.92,240.85,20.01,1
398400,31,69,75,859,1,22,0,25.60,1014.59,39.92,241.55,20.09,1
399396,31,69,75,860,1,23,0,25.60,1014.58,39.90,241.73,20.01,1
400392,30,69,76,859,1,22,0,25.60,1014.59,39.90,242.43,20.09,1
401388,31,69,75,859,2,22,0,25.60,1014.58,39.88,241.20,20.01,1
402384,31,69,75,859,2,22,0,25.60,1014.59,39.85,240.32,20.01,1
403380,30,68,75,858,1,22,0,25.60,1014.59,39.84,241.55,19.93,1
404376,31,69,75,858,1,22,0,25.60,1014.60,39.83,242.43,19.93,1
405372,31,69,76,858,1,23,0,25.60,1014.60,39.83,240.32,20.01,1
406368,31,69,76,858,2,24,0,25.60,1014.59,39.84,240.15,19.93,1
407364,31,69,75,858,1,22,0,25.60,1014.60,39.87,239.97,20.01,1
408360,31,69,76,858,2,23,0,25.60,1014.59,39.93,241.37,19.93,1
409356,31,69,75,857,2,23,0,25.60,1014.60,40.00,239.80,19.93,1
410352,31,69,75,857,2,22,0,25.60,1014.60,40.03,240.15,19.93,1
411348,30,69,75,856,2,23,0,25.60,1014.60,40.05,240.85,19.93,1
412344,31,68,75,856,1,23,0,25.61,1014.60,40.07,239.45,19.93,1
413340,31,69,76,858,1,23,0,25.61,1014.60,40.10,238.93,19.84,1
414336,31,69,76,858,2,23,0,25.61,1014.61,40.14,239.28,19.84,1
415332,31,69,76,858,1,22,0,25.61,1014.61,40.16,238.59,19.84,1
416328,31,69,76,858,2,24,0,25.61,1014.61,40.17,238.93,19.84,1
417324,31,69,76,859,2,23,0,25.61,1014.61,40.19,238.59,19.84,1
418320,31,69,76,858,1,22,0,25.61,1014.61,40.21,238.24,19.93,1
419316,31,69,76,860,1,23,0,25.61,1014.60,40.22,239.10,19.84,1
420312,31,69,76,859,1,23,0,25.61,1014.61,40.21,237.56,19.84,1
421308,31,69,76,860,2,22,0,25.61,1014.61,40.21,238.76,19.76,1
422304,31,70,76,860,2,23,0,25.61,1014.62,40.20,239.45,19.76,1
423300,31,69,76,860,2,23,0,25.61,1014.62,40.18,237.90,19.76,1
424296,30,69,75,859,2,23,0,25.61,1014.62,40.18,237.56,19.76,1
425292,30,69,75,859,2,23,0,25.61,1014.62,40.18,238.76,19.76,1
426288,31,70,76,859,1,22,0,25.61,1014.62,40.18,239.62,19.68,1
427284,30,69,75,859,1,23,0,25.61,1014.63,40.18,238.07,19.76,1
428280,31,70,76,859,2,23,0,25.61,1014.62,40.20,238.24,19.76,1
429276,31,70,76,861,1,23,0,25.61,1014.62,40.22,236.88,19.68,1
430272,32,69,76,861,2,24,0,25.61,1014.63,40.22,239.45,19.68,1
431268,31,70,76,862,2,24,0,25.61,1014.63,40.21,237.90,19.76,1
432264,32,70,76,862,2,23,0,25.61,1014.62,40.18,238.93,19.84,1
433260,31,70,76,862,1,22,0,25.61,1014.61,40.16,238.93,19.76,1
434256,31,69,76,862,2,23,0,25.61,1014.62,40.15,238.59,19.84,1
435252,31,69,76,862,2,22,0,25.61,1014.61,40.12,238.59,19.76,1
436248,31,69,76,861,2,22,0,25.61,1014.62,40.12,239.28,19.76,1
437244,31,69,76,860,1,22,0,25.61,1014.62,40.08,238.76,19.84,1
438240,31,69,76,861,1,23,0,25.61,1014.61,40.05,238.24,19.76,1
439236,32,69,75,862,2,23,0,25.61,1014.62,40.02,237.56,19.76,1
440232,32,69,76,862,2,23,0,25.61,1014.62,40.02,237.22,19.76,1
441228,31,69,76,862,2,23,0,25.61,1014.62,40.04,237.90,19.68,1
442224,32,70,76,863,2,22,0,25.61,1014.63,40.05,236.71,19.76,1
443220,32,70,77,863,2,23,0,25.61,1014.62,40.05,238.24,19.84,1
444216,32,69,77,863,2,24,0,25.61,1014.61,40.06,237.56,19.76,1
445212,31,69,77,863,1,23,0,25.61,1014.62,40.09,237.22,19.76,1
446208,31,70,77,864,1,25,0,25.61,1014.62,40.14,237.90,19.68,1
447204,31,70,77,863,1,23,0,25.61,1014.63,40.17,237.22,19.76,1
448200,32,70,76,863,1,23,0,25.61,1014.62,40.22,237.90,19.76,1
449196,31,69,77,863,1,23,0,25.61,1014.62,40.24,237.56,19.68,1
450192,32,70,76,863,2,23,0,25.61,1014.63,40.24,236.20,19.59,1
451188,31,70,76,863,2,23,0,25.61,1014.64,40.25,237.39,19.59,1
452184,31,69,76,863,1,22,0,25.61,1014.64,40.28,236.71,19.68,1
453180,32,69,76,863,2,24,0,25.61,1014.63,40.31,236.03,19.59,1
454176,32,69,76,862,1,24,0,25.61,1014.64,40.34,236.37,19.68,1
455172,31,69,77,863,2,25,0,25.61,1014.63,40.40,236.37,19.59,1
456168,31,69,76,862,2,22,0,25.61,1014.64,40.41,236.88,19.51,1
457164,31,70,77,862,2,23,0,25.61,1014.65,40.40,235.69,19.51,1
458160,32,69,76,861,1,23,0,25.61,1014.65,40.35,235.53,19.51,1
459156,32,69,76,862,2,23,0,25.61,1014.65,40.34,236.88,19.51,1
460152,32,69,76,862,1,23,0,25.61,1014.65,40.33,235.02,19.51,1
461148,31,69,76,862,2,23,0,25.61,1014.65,40.31,236.71,19.59,1
462144,32,70,76,862,2,23,0,25.61,1014.64,40.27,235.69,19.59,1
463140,32,69,75,862,1,23,0,25.61,1014.64,40.24,237.22,19.51,1
464136,32,69,76,862,3,23,0,25.61,1014.65,40.23,236.54,19.59,1
465132,31,69,76,862,2,23,0,25.61,1014.64,40.27,235.19,19.68,1
466128,31,69,76,862,2,23,0,25.61,1014.63,40.32,235.53,19.59,1
467124,32,69,77,862,2,23,0,25.61,1014.64,40.37,235.86,19.59,1
468120,31,69,77,863,1,24,0,25.61,1014.64,40.40,234.86,19.59,1
469116,31,70,77,863,1,23,0,25.61,1014.64,40.41,235.69,19.59,1
470112,31,70,77,864,2,24,0,25.61,1014.64,40.44,236.20,19.51,1
471108,31,70,77,864,2,23,0,25.61,1014.65,40.43,235.69,19.51,1
472104,32,70,77,865,2,23,0,25.61,1014.65,40.42,234.86,19.51,1
473100,31,69,77,864,2,23,0,25.61,1014.65,40.43,234.19,19.51,1
474096,31,69,76,864,2,23,0,25.61,1014.65,40.47,234.69,19.59,1
475092,31,69,77,864,1,24,0,25.61,1014.64,40.51,232.87,19.59,1
476088,32,70,77,864,1,24,0,25.61,1014.64,40.55,235.02,19.59,1
477084,32,70,77,863,2,24,0,25.61,1014.64,40.56,234.52,19.59,1
478080,32,69,77,863,1,23,0,25.61,1014.64,40.54,232.71,19.59,1
479076,31,69,76,862,1,23,0,25.61,1014.64,40.56,233.53,19.68,1
480072,32,69,76,862,2,23,0,25.61,1014.63,40.53,233.69,19.59,1
481068,31,70,76,862,1,24,0,25.61,1014.64,40.46,234.52,19.59,1
482064,32,69,76,861,2,23,0,25.61,1014.64,40.41,234.36,19.59,1
483060,32,69,76,861,2,23,0,25.61,1014.64,40.34,234.86,19.59,1
484056,31,69,76,860,2,23,0,25.61,1014.64,40.28,234.52,19.51,1
485052,31,69,76,859,1,24,0,25.61,1014.65,40.24,234.86,19.59,1
486048,32,69,75,858,2,23,0,25.61,1014.64,40.20,235.86,19.59,1
487044,32,69,76,858,1,24,0,25.61,1014.64,40.20,234.19,19.59,1
488040,31,68,75,858,2,24,0,25.61,1014.64,40.22,234.36,19.59,1
489036,31,69,76,857,2,23,0,25.61,1014.64,40.25,235.19,19.59,1
490032,32,69,76,857,2,23,0,25.61,1014.64,40.31,233.69,19.59,1
491028,31,69,75,858,1,24,0,25.61,1014.64,40.35,235.53,19.51,1
492024,32,69,76,858,2,24,0,25.61,1014.65,40.40,234.03,19.59,1
493020,31,69,76,859,1,23,0,25.61,1014.64,40.40,234.69,19.59,1
494016,31,69,77,860,1,23,0,25.61,1014.64,40.37,234.19,19.59,1
495012,31,69,77,860,2,23,0,25.61,1014.64,40.35,234.19,19.59,1
496008,32,70,77,861,1,24,0,25.61,1014.64,40.33,233.86,19.59,1
497004,31,70,77,861,2,22,0,25.61,1014.64,40.32,233.20,19.59,1
498000,32,70,76,861,2,24,0,25.61,1014.64,40.33,234.86,19.59,1
498996,31,69,77,862,1,25,0,25.61,1014.64,40.34,233.86,19.51,1
499992,31,69,76,862,2,24,0,25.61,1014.65,40.42,233.86,19.51,1
500988,32,70,76,863,1,24,0,25.61,1014.65,40.47,234.03,19.51,1
501984,32,69,77,863,2,23,0,25.61,1014.65,40.54,232.87,19.43,1
502980,31,70,77,862,2,23,0,25.61,1014.66,40.59,232.71,19.43,1
503976,32,70,77,863,1,24,0,25.61,1014.66,40.61,233.04,19.43,1
504972,31,69,77,863,1,23,0,25.61,1014.66,40.59,232.54,19.43,1
505968,32,70,77,863,2,24,0,25.61,1014.66,40.57,233.20,19.43,1
506964,31,70,77,863,2,24,0,25.61,1014.66,40.52,233.04,19.43,1
507960,31,70,77,864,2,24,0,25.61,1014.66,40.51,233.37,19.43,1
508956,31,70,77,864,2,24,0,25.61,1014.66,40.50,233.69,19.43,1
509952,32,70,77,864,1,23,0,25.61,1014.66,40.49,234.52,19.43,1
510948,31,70,77,864,2,24,0,25.61,1014.66,40.52,232.38,19.43,1
511944,32,70,77,863,1,24,0,25.61,1014.66,40.52,233.53,19.51,1
512940,32,69,77,864,1,24,0,25.61,1014.65,40.51,232.54,19.51,1
513936,31,69,77,862,2,24,0,25.61,1014.65,40.49,232.87,19.59,1
514932,31,69,77,863,2,23,0,25.61,1014.64,40.44,232.71,19.59,1
515928,31,70,77,863,1,24,0,25.61,1014.64,40.41,233.69,19.59,1
516924,32,70,77,864,1,23,0,25.61,1014.64,40.45,233.69,19.59,1
517920,31,70,77,864,2,24,0,25.61,1014.64,40.51,232.22,19.51,1
518916,32,70,78,865,2,22,0,25.61,1014.65,40.57,233.37,19.51,1
519912,32,69,77,865,2,24,0,25.61,1014.65,40.64,232.54,19.51,1
520908,31,70,77,866,1,24,0,25.61,1014.65,40.72,232.05,19.51,1
521904,31,70,78,866,2,24,0,25.61,1014.65,40.74,231.24,19.51,1
522900,32,70,78,866,1,24,0,25.61,1014.65,40.74,231.24,19.43,1
523896,32,70,78,865,2,24,0,25.61,1014.66,40.70,230.28,19.43,1
524892,32,70,78,865,1,23,0,25.61,1014.66,40.68,231.40,19.43,1
525888,32,70,78,865,1,24,0,25.61,1014.66,40.65,232.54,19.43,1
526884,32,70,77,865,1,24,0,25.61,1014.66,40.66,231.08,19.35,1
527880,32,70,78,864,1,22,0,25.61,1014.67,40.69,230.76,19.43,1
528876,31,69,78,864,2,24,0,25.61,1014.66,40.77,232.22,19.43,1
529872,31,70,78,865,2,23,0,25.61,1014.66,40.80,230.28,19.43,1
530868,32,70,78,865,1,23,0,25.61,1014.66,40.83,229.64,19.43,1
531864,32,70,78,865,1,24,0,25.61,1014.66,40.80,230.12,19.43,1
532860,32,70,78,866,2,23,0,25.61,1014.66,40.79,230.60,19.51,1
533856,32,69,78,866,1,24,0,25.61,1014.65,40.78,230.60,19.51,1
534852,32,69,77,865,2,24,0,25.61,1014.65,40.76,230.28,19.51,1
535848,31,69,77,864,2,24,0,25.61,1014.65,40.70,231.08,19.51,1
536844,31,70,77,864,2,23,0,25.61,1014.65,40.60,231.08,19.43,1
537840,31,70,77,864,1,24,0,25.61,1014.66,40.52,231.57,19.51,1
538836,31,69,77,864,1,23,0,25.61,1014.65,40.45,232.22,19.51,1
539832,31,69,77,864,2,24,0,25.61,1014.65,40.42,231.24,19.43,1
540828,32,69,78,864,2,24,0,25.61,1014.66,40.44,232.38,19.43,1
541824,32,70,77,865,1,23,0,25.61,1014.66,40.46,230.76,19.35,1
542820,31,69,77,864,2,24,0,25.61,1014.67,40.46,231.24,19.43,1
543816,31,69,77,864,2,24,0,25.61,1014.66,40.47,232.05,19.43,1
544812,32,70,78,864,2,24,0,25.61,1014.66,40.46,231.73,19.35,1
545808,32,70,77,864,2,23,0,25.61,1014.67,40.48,230.92,19.26,1
546804,32,70,78,864,2,24,0,25.61,1014.68,40.50,231.08,19.26,1
547800,32,70,77,863,1,23,0,25.61,1014.68,40.53,230.92,19.26,1
548796,31,69,78,864,2,24,0,25.61,1014.68,40.52,231.57,19.26,1
549792,32,69,77,864,1,24,0,25.61,1014.68,40.47,232.87,19.18,1
550788,32,70,77,864,1,24,0,25.61,1014.69,40.45,229.64,19.18,1
551784,31,70,77,864,2,25,0,25.61,1014.69,40.43,231.08,19.10,1
552780,32,69,78,864,2,23,0,25.61,1014.70,40.47,231.73,19.01,1
553776,32,70,78,863,1,24,0,25.61,1014.71,40.51,230.60,19.10,1
554772,32,70,78,864,2,24,0,25.61,1014.70,40.54,231.40,19.01,1
555768,32,69,78,864,1,24,0,25.61,1014.71,40.58,229.96,19.10,1
556764,31,70,77,864,1,24,0,25.61,1014.70,40.58,231.08,19.10,1
557760,32,70,77,865,2,24,0,25.61,1014.70,40.57,230.28,19.18,1
558756,32,70,77,864,1,24,0,25.61,1014.69,40.57,231.89,19.18,1
559752,32,70,77,864,2,24,0,25.61,1014.69,40.58,231.89,19.18,1
560748,32,69,77,862,1,24,0,25.61,1014.69,40.56,230.76,19.10,1
561744,32,69,76,860,2,24,0,25.61,1014.70,40.50,231.89,19.10,1
562740,32,69,77,860,2,24,0,25.61,1014.70,40.45,231.57,19.10,1
563736,32,69,77,858,2,24,0,25.61,1014.70,40.39,231.73,19.10,1
564732,32,70,76,859,1,24,0,25.61,1014.70,40.34,232.05,19.10,1
565728,32,69,76,859,1,24,0,25.61,1014.70,40.35,233.86,19.10,1
566724,32,69,77,858,2,23,0,25.61,1014.70,40.39,232.05,19.10,1
567720,32,69,76,858,1,24,0,25.61,1014.70,40.43,231.40,19.18,1
568716,32,68,76,858,1,24,0,25.61,1014.69,40.44,231.73,19.18,1
569712,32,69,77,859,1,24,0,25.61,1014.69,40.45,231.24,19.26,1
570708,32,69,77,858,1,25,0,25.61,1014.68,40.48,231.08,19.26,1
571704,32,69,76,858,2,24,0,25.61,1014.68,40.48,232.05,19.26,1
572700,31,69,77,859,2,25,0,25.61,1014.68,40.48,231.73,19.26,1
573696,32,70,77,859,2,24,0,25.61,1014.68,40.45,230.92,19.26,1
574692,32,69,77,860,2,24,0,25.61,1014.68,40.47,231.57,19.18,1
575688,32,69,77,861,2,24,0,25.61,1014.69,40.50,230.76,19.18,1
576684,32,69,77,861,1,24,0,25.61,1014.69,40.56,232.22,19.18,1
577680,32,69,77,862,1,24,0,25.61,1014.69,40.58,230.92,19.18,1
578676,32,69,77,862,2,23,0,25.61,1014.69,40.58,231.89,19.18,1
579672,32,70,77,861,2,24,0,25.61,1014.69,40.57,231.89,19.18,1
580668,32,70,78,862,1,24,0,25.61,1014.69,40.53,230.92,19.18,1
581664,31,69,77,862,1,24,0,25.61,1014.69,40.51,230.28,19.18,1
582660,32,69,77,862,2,24,0,25.61,1014.69,40.49,230.76,19.18,1
583656,31,69,77,862,2,24,0,25.61,1014.69,40.47,231.08,19.18,1
584652,32,70,77,861,2,24,0,25.61,1014.69,40.49,230.92,19.10,1
585648,32,69,78,861,2,25,0,25.61,1014.70,40.51,232.54,19.10,1
586644,32,69,77,861,1,24,0,25.61,1014.70,40.55,231.57,19.01,1
587640,32,69,77,861,1,24,0,25.61,1014.71,40.54,230.76,19.01,1
588636,31,69,77,861,2,25,0,25.61,1014.71,40.53,230.76,19.01,1
589632,31,69,77,861,1,24,0,25.61,1014.71,40.50,231.89,19.10,1
590628,32,69,77,860,1,24,0,25.60,1014.70,40.43,231.40,19.10,1
591624,32,70,77,861,2,24,0,25.60,1014.70,40.41,233.20,19.10,1
592620,32,69,77,860,1,25,0,25.60,1014.70,40.40,231.73,19.10,1
593616,32,69,77,860,1,24,0,25.60,1014.70,40.40,231.57,19.10,1
594612,32,69,77,860,1,26,0,25.60,1014.70,40.41,231.24,19.10,1
595608,32,70,77,860,1,25,0,25.60,1014.70,40.43,232.22,19.10,1
596604,32,69,77,861,1,24,0,25.60,1014.70,40.45,231.89,19.10,1
597600,31,70,78,861,1,24,0,25.60,1014.70,40.47,232.87,19.10,1
598596,32,70,77,861,1,25,0,25.60,1014.70,40.54,229.96,19.10,1
599592,32,70,77,862,2,25,0,25.60,1014.70,40.61,230.28,19.10,1
0,30,69,77,861,1,24,0,25.60,1014.70,40.69,229.16,19.10,1
996,32,70,77,861,1,25,0,25.52,1014.70,40.88,222.83,19.10,1
1992,32,70,77,861,2,25,0,25.52,1014.70,40.97,222.83,19.10,1
2988,32,70,77,859,2,24,0,25.52,1014.70,40.98,223.88,19.10,1
3984,32,69,77,859,1,24,0,25.53,1014.70,40.96,224.95,19.01,1
4980,32,69,76,858,1,25,0,25.54,1014.71,40.91,225.41,19.01,1
5976,32,69,77,859,2,25,0,25.55,1014.71,40.89,227.27,19.01,1
6972,31,69,76,858,1,23,0,25.55,1014.71,40.90,224.95,19.01,1
7968,32,69,77,858,1,25,0,25.56,1014.71,40.92,224.19,19.01,1
8964,31,69,77,857,2,24,0,25.57,1014.71,40.95,225.87,18.93,1
9960,32,69,77,857,1,24,0,25.57,1014.72,40.96,225.25,19.01,1
10956,31,69,77,857,2,24,0,25.58,1014.71,40.95,226.33,18.93,1
11952,32,69,77,857,1,24,0,25.58,1014.72,40.90,226.49,19.01,1
12948,32,69,77,857,2,25,0,25.58,1014.71,40.85,226.33,18.93,1
13944,32,69,76,856,2,24,0,25.58,1014.72,40.80,226.18,18.93,1
14940,32,68,76,855,1,24,0,25.59,1014.72,40.78,226.80,18.93,1
15936,31,68,76,854,1,25,0,25.59,1014.72,40.75,225.87,18.85,1
16932,31,68,77,855,1,24,0,25.59,1014.73,40.69,226.18,18.85,1
17928,32,69,76,855,2,25,0,25.59,1014.73,40.66,226.80,18.85,1
18924,31,69,76,855,2,24,0,25.59,1014.73,40.68,226.96,18.76,1
19920,31,69,76,855,1,24,0,25.59,1014.74,40.70,227.27,18.76,1
20916,31,69,76,855,2,25,0,25.59,1014.74,40.72,227.74,18.76,1
21912,32,69,77,855,1,25,0,25.59,1014.74,40.72,228.05,18.85,1
22908,31,69,77,855,2,25,0,25.59,1014.73,40.70,227.74,18.85,1
23904,31,69,77,855,2,25,0,25.59,1014.73,40.65,228.05,18.85,1
24900,31,69,77,855,1,24,0,25.59,1014.73,40.62,228.05,18.76,1
25896,31,69,76,856,1,25,0,25.60,1014.74,40.59,228.21,18.76,1
26892,32,69,77,856,2,24,0,25.60,1014.74,40.56,228.68,18.76,1
27888,32,69,77,856,2,25,0,25.59,1014.74,40.54,229.00,18.76,1
28884,32,69,77,856,1,25,0,25.60,1014.74,40.51,229.64,18.76,1
29880,32,69,76,856,2,24,0,25.60,1014.74,40.55,228.68,18.76,1
30876,31,69,77,856,2,25,0,25.60,1014.74,40.60,227.74,18.68,1
31872,31,69,77,856,1,25,0,25.60,1014.75,40.61,228.21,18.68,1
32868,31,69,77,857,1,25,0,25.60,1014.75,40.58,229.00,18.68,1
33864,32,68,77,857,1,26,0,25.60,1014.75,40.54,230.28,18.68,1
34860,32,69,77,857,1,24,0,25.60,1014.75,40.47,229.16,18.68,1
35856,32,69,77,858,1,26,0,25.60,1014.75,40.43,229.64,18.68,1
36852,31,69,77,859,2,24,0,25.60,1014.75,40.39,229.32,18.68,1
37848,31,69,78,860,2,25,0,25.60,1014.75,40.42,229.64,18.60,1
38844,31,70,78,861,2,25,0,25.60,1014.76,40.45,229.00,18.60,1
39840,32,69,77,863,2,25,0,25.60,1014.76,40.50,228.37,18.60,1
40836,32,69,78,862,1,26,0,25.60,1014.76,40.58,229.16,18.60,1
41832,32,70,78,861,2,25,0,25.60,1014.76,40.63,228.37,18.60,1
42828,32,70,77,862,2,25,0,25.60,1014.76,40.71,228.53,18.68,1
43824,32,69,78,861,2,24,0,25.60,1014.75,40.77,227.74,18.60,1
44820,31,70,77,861,2,25,0,25.60,1014.76,40.80,229.48,18.60,1
45816,31,69,78,861,1,24,0,25.60,1014.76,40.82,228.37,18.60,1
46812,32,70,77,861,1,25,0,25.60,1014.76,40.81,228.21,18.60,1
47808,32,70,78,860,1,25,0,25.60,1014.76,40.81,227.58,18.60,1
48804,32,70,77,860,1,24,0,25.60,1014.76,40.78,228.37,18.51,1
49800,32,69,77,859,2,25,0,25.60,1014.77,40.74,227.58,18.51,1
50796,32,70,77,859,1,26,0,25.60,1014.77,40.73,228.68,18.60,1
51792,32,69,77,860,2,25,0,25.60,1014.76,40.73,228.05,18.51,1
52788,32,69,78,860,2,25,0,25.60,1014.77,40.71,228.68,18.60,1
53784,32,70,78,859,1,25,0,25.60,1014.76,40.73,227.90,18.51,1
54780,31,69,77,859,2,25,0,25.60,1014.77,40.70,229.16,18.51,1
55776,31,69,77,858,1,25,0,25.60,1014.77,40.67,229.00,18.51,1
56772,31,69,77,858,1,24,0,25.60,1014.77,40.64,229.00,18.51,1
57768,32,68,77,857,2,25,0,25.60,1014.77,40.61,229.00,18.51,1
58764,32,69,77,856,2,28,0,25.60,1014.77,40.63,227.74,18.43,1
59760,31,69,77,858,1,25,0,25.60,1014.78,40.62,228.84,18.35,1
60756,32,68,77,856,2,25,0,25.60,1014.79,40.60,228.68,18.35,1
61752,31,69,77,857,2,24,0,25.60,1014.79,40.58,229.32,18.35,1
62748,31,69,77,857,2,25,0,25.60,1014.79,40.59,228.37,18.27,1
63744,31,69,76,857,2,26,0,25.60,1014.80,40.60,229.00,18.35,1
64740,32,69,77,856,1,25,0,25.60,1014.79,40.60,229.48,18.27,1
65736,32,69,76,855,2,25,0,25.60,1014.80,40.58,229.00,18.27,1
66732,32,69,77,855,1,25,0,25.60,1014.80,40.55,229.64,18.35,1
67728,32,69,76,855,2,25,0,25.59,1014.79,40.54,229.32,18.35,1
68724,32,68,76,854,1,26,0,25.60,1014.79,40.50,229.48,18.35,1
69720,32,69,76,854,1,25,0,25.60,1014.79,40.49,229.64,18.35,1
70716,32,68,77,854,2,25,0,25.59,1014.79,40.47,229.00,18.35,1
71712,32,69,76,853,1,25,0,25.59,1014.79,40.42,229.80,18.43,1
72708,31,68,76,853,1,29,0,25.59,1014.78,40.42,229.96,18.35,1
73704,32,69,77,853,1,25,0,25.59,1014.79,40.44,228.37,18.35,1
74700,32,69,76,853,1,25,0,25.59,1014.79,40.46,230.12,18.35,1
75696,32,69,77,852,1,24,0,25.59,1014.79,40.45,228.21,18.27,1
76692,32,68,76,853,2,25,0,25.59,1014.80,40.44,230.44,18.27,1
77688,32,69,76,853,2,25,0,25.60,1014.80,40.41,230.44,18.27,1
78684,32,68,77,852,2,25,0,25.59,1014.80,40.37,230.60,18.27,1
79680,31,69,77,853,1,25,0,25.59,1014.80,40.35,229.96,18.35,1
80676,32,69,77,853,1,25,0,25.59,1014.79,40.34,230.60,18.35,1
81672,31,69,77,855,1,25,0,25.59,1014.79,40.34,231.57,18.35,1
82668,32,69,77,856,2,25,0,25.59,1014.79,40.32,230.28,18.27,1
83664,32,69,77,856,2,25,0,25.59,1014.80,40.31,229.96,18.35,1
84660,32,69,77,856,2,25,0,25.59,1014.79,40.28,229.80,18.35,1
85656,32,70,77,855,2,25,0,25.59,1014.79,40.29,230.28,18.35,1
86652,32,69,77,856,1,25,0,25.59,1014.79,40.33,230.44,18.27,1
87648,32,69,77,855,2,25,0,25.59,1014.80,40.39,230.44,18.35,1
88644,32,69,77,854,2,26,0,25.59,1014.79,40.44,229.32,18.35,1
89640,32,69,76,854,1,25,0,25.59,1014.79,40.46,230.76,18.27,1
90636,32,69,76,854,1,27,0,25.59,1014.80,40.46,230.76,18.35,1
91632,32,69,77,854,2,26,0,25.59,1014.79,40.45,230.60,18.35,1
92628,32,69,77,853,2,25,0,25.59,1014.79,40.48,229.32,18.27,1
93624,32,68,76,853,2,25,0,25.59,1014.80,40.51,229.00,18.27,1
94620,32,69,76,853,2,26,0,25.59,1014.80,40.53,229.64,18.27,1
95616,32,69,77,852,1,26,0,25.59,1014.80,40.56,230.12,18.27,1
96612,32,69,77,853,2,25,0,25.59,1014.80,40.55,230.76,18.35,1
97608,32,69,77,854,1,25,0,25.59,1014.79,40.54,230.28,18.27,1
98604,31,68,77,855,1,26,0,25.59,1014.80,40.52,230.44,18.27,1
99600,32,69,77,855,1,25,0,25.59,1014.80,40.49,231.57,18.35,1
100596,31,68,77,856,2,25,0,25.59,1014.79,40.45,231.40,18.27,1
101592,32,69,77,856,1,27,0,25.59,1014.80,40.40,229.48,18.27,1
102588,32,69,77,855,2,25,0,25.59,1014.80,40.35,230.92,18.27,1
103584,32,69,77,854,2,26,0,25.59,1014.80,40.34,231.24,18.27,1
104580,32,69,77,854,2,28,0,25.59,1014.80,40.33,230.76,18.35,1
105576,31,69,77,854,2,26,0,25.59,1014.79,40.32,231.89,18.35,1
106572,31,69,77,853,2,26,0,25.59,1014.79,40.34,230.28,18.27,1
107568,32,69,77,852,2,25,0,25.59,1014.80,40.39,229.48,18.27,1
108564,31,69,76,852,2,26,0,25.59,1014.80,40.41,230.44,18.35,1
109560,32,69,76,852,2,26,0,25.59,1014.79,40.43,230.92,18.43,1
110556,32,69,77,852,2,27,0,25.59,1014.78,40.41,230.92,18.43,1
111552,32,69,76,853,2,26,0,25.59,1014.78,40.40,232.05,18.35,1
112548,31,69,77,852,1,26,0,25.59,1014.79,40.39,231.08,18.35,1
113544,32,69,77,854,2,26,0,25.59,1014.79,40.40,231.57,18.35,1
114540,32,69,76,854,2,26,0,25.59,1014.79,40.39,231.40,18.35,1
115536,32,69,77,854,2,25,0,25.59,1014.79,40.41,230.28,18.35,1
116532,32,69,76,854,1,25,0,25.59,1014.79,40.44,231.24,18.35,1
117528,32,69,77,854,1,24,0,25.59,1014.79,40.45,230.92,18.35,1
118524,31,69,76,855,1,25,0,25.59,1014.79,40.47,230.92,18.35,1
119520,32,69,77,854,1,26,0,25.59,1014.79,40.50,230.60,18.35,1
120516,31,69,77,854,2,25,0,25.59,1014.79,40.55,230.92,18.35,1
121512,32,69,77,855,2,26,0,25.59,1014.79,40.58,231.24,18.35,1
122508,31,69,77,856,1,25,0,25.59,1014.79,40.59,230.28,18.27,1
123504,32,69,78,856,2,25,0,25.59,1014.80,40.67,229.48,18.35,1
124500,32,69,78,857,2,26,0,25.59,1014.79,40.75,228.37,18.27,1
125496,31,69,77,858,2,26,0,25.59,1014.80,40.85,227.74,18.27,1
126492,31,69,77,858,1,25,0,25.59,1014.80,40.97,228.21,18.35,1
127488,31,69,77,858,2,26,0,25.59,1014.79,41.06,227.58,18.35,1
128484,32,69,77,857,2,25,0,25.59,1014.79,41.13,227.74,18.27,1
129480,32,69,76,857,1,25,0,25.59,1014.80,41.18,227.42,18.35,1
130476,32,69,77,857,2,26,0,25.59,1014.79,41.18,227.58,18.27,1
131472,31,69,78,858,2,25,0,25.59,1014.80,41.13,228.37,18.27,1
132468,32,69,78,859,1,28,0,25.59,1014.80,41.07,228.37,18.27,1
133464,32,69,78,859,1,25,0,25.59,1014.80,41.04,227.90,18.27,1
134460,32,69,78,860,2,25,0,25.59,1014.80,41.03,226.80,18.18,1
135456,32,69,78,861,2,26,0,25.59,1014.81,41.02,226.80,18.18,1
136452,31,69,78,860,2,26,0,25.59,1014.81,41.03,226.33,18.18,1
137448,31,70,77,860,2,26,0,25.59,1014.81,41.04,226.18,18.18,1
138444,32,69,78,860,2,26,0,25.59,1014.81,41.06,225.87,18.18,1
139440,32,70,78,861,2,25,0,25.59,1014.81,41.07,227.27,18.18,1
140436,32,70,78,861,2,25,0,25.59,1014.81,41.05,226.03,18.18,1
141432,32,69,78,862,2,26,0,25.59,1014.81,41.02,226.96,18.18,1
142428,31,70,78,863,2,26,0,25.59,1014.81,41.02,226.96,18.18,1
143424,31,70,78,864,2,26,0,25.59,1014.81,41.07,225.25,18.10,1
144420,32,70,79,865,2,26,0,25.59,1014.82,41.14,224.79,18.10,1
145416,32,70,78,866,1,26,0,25.59,1014.82,41.19,226.65,18.18,1
146412,32,70,78,867,2,26,0,25.59,1014.81,41.23,224.19,18.10,1
147408,32,70,79,865,2,25,0,25.59,1014.82,41.23,225.10,18.10,1
148404,32,70,78,866,1,25,0,25.59,1014.82,41.22,225.25,18.18,1
149400,32,70,79,866,2,25,0,25.59,1014.81,41.18,224.64,18.18,1
150396,32,70,79,865,1,26,0,25.59,1014.81,41.18,224.95,18.18,1
151392,32,70,78,866,2,26,0,25.59,1014.81,41.18,224.64,18.18,1
152388,32,69,78,865,2,24,0,25.59,1014.81,41.20,224.95,18.18,1
153384,32,70,78,865,2,25,0,25.59,1014.81,41.18,224.95,18.18,1
154380,32,70,78,865,1,26,0,25.59,1014.81,41.15,225.25,18.18,1
155376,32,70,78,865,2,26,0,25.59,1014.81,41.09,224.79,18.10,1
156372,32,69,78,864,1,26,0,25.59,1014.82,41.07,224.95,18.10,1
157368,32,69,79,865,2,26,0,25.59,1014.82,41.07,224.64,18.10,1
158364,32,70,79,864,2,25,0,25.59,1014.82,41.12,223.58,18.02,1
159360,32,70,79,865,2,26,0,25.59,1014.83,41.20,224.64,18.10,1
160356,32,70,78,864,1,26,0,25.59,1014.82,41.28,223.88,18.02,1
161352,32,69,78,865,2,25,0,25.59,1014.83,41.34,224.03,17.93,1
162348,32,70,78,864,1,26,0,25.59,1014.84,41.37,224.03,17.93,1
163344,32,70,78,864,2,26,0,25.59,1014.84,41.36,224.64,18.02,1
164340,31,69,78,863,2,26,0,25.59,1014.83,41.32,223.73,18.02,1
165336,31,69,77,862,2,28,0,25.59,1014.83,41.29,224.64,18.02,1
166332,32,69,77,862,2,26,0,25.58,1014.83,41.23,224.64,18.02,1
167328,32,69,78,861,2,26,0,25.59,1014.83,41.16,224.34,18.02,1
168324,31,69,77,860,2,26,0,25.59,1014.83,41.06,224.49,18.02,1
169320,32,69,78,859,1,26,0,25.58,1014.83,40.99,224.79,18.02,1
170316,32,70,78,860,1,26,0,25.58,1014.83,40.96,224.95,17.93,1
171312,32,69,78,860,2,25,0,25.58,1014.84,40.96,224.95,17.93,1
172308,32,69,77,860,2,25,0,25.58,1014.84,40.98,224.95,17.93,1
173304,31,69,78,860,2,25,0,25.58,1014.84,40.97,225.25,17.93,1
174300,32,70,78,861,2,26,0,25.58,1014.84,40.99,225.56,17.85,1
175296,31,69,78,861,2,26,0,25.58,1014.85,41.03,224.34,17.85,1
176292,32,69,78,861,2,26,0,25.58,1014.85,41.07,224.95,17.85,1
177288,32,69,78,861,1,25,0,25.58,1014.85,41.09,223.73,17.85,1
178284,32,69,78,861,2,26,0,25.58,1014.85,41.07,226.33,17.85,1
179280,31,69,78,860,1,26,0,25.58,1014.85,41.09,224.49,17.85,1
180276,32,70,78,862,2,26,0,25.58,1014.85,41.15,224.03,17.93,1
181272,32,69,78,862,1,26,0,25.58,1014.84,41.18,224.03,17.85,1
182268,32,70,78,862,2,26,0,25.58,1014.85,41.18,223.88,17.85,1
183264,32,69,78,862,1,26,0,25.58,1014.85,41.15,223.43,17.77,1
184260,31,69,78,862,2,26,0,25.58,1014.86,41.11,224.95,17.85,1
185256,32,69,77,861,2,26,0,25.58,1014.85,41.04,224.49,17.85,1
186252,32,69,78,860,1,28,0,25.58,1014.85,40.99,224.34,17.77,1
187248,32,70,78,860,1,25,0,25.58,1014.86,40.93,225.10,17.77,1
188244,32,70,77,860,2,25,0,25.58,1014.86,40.87,225.56,17.77,1
189240,32,69,77,859,2,26,0,25.58,1014.86,40.83,224.95,17.77,1
190236,32,70,78,860,2,25,0,25.58,1014.86,40.85,224.03,17.77,1
191232,32,70,78,861,1,26,0,25.58,1014.86,40.92,224.03,17.77,1
192228,32,69,79,861,2,26,0,25.58,1014.86,41.02,223.13,17.85,1
193224,32,69,78,863,1,27,0,25.58,1014.85,41.10,221.93,17.77,1
194220,32,70,79,863,1,26,0,25.58,1014.86,41.19,222.98,17.85,1
195216,31,70,79,865,2,26,0,25.58,1014.85,41.31,222.68,17.85,1
196212,32,70,79,865,1,26,0,25.58,1014.85,41.39,221.78,17.85,1
197208,32,70,79,865,2,24,0,25.58,1014.85,41.49,221.63,17.85,1
198204,32,70,78,866,1,25,0,25.58,1014.85,41.58,221.04,17.85,1
199200,32,70,78,866,2,27,0,25.58,1014.85,41.63,221.33,17.77,1
200196,32,70,79,866,2,26,0,25.58,1014.86,41.67,221.18,17.77,1
201192,33,70,79,866,2,26,0,25.58,1014.86,41.70,221.63,17.77,1
202188,32,70,79,866,2,26,0,25.58,1014.86,41.76,221.04,17.85,1
203184,32,70,78,866,1,25,0,25.58,1014.85,41.75,220.30,17.85,1
204180,32,70,79,867,1,26,0,25.58,1014.85,41.70,221.18,17.85,1
205176,32,70,79,867,1,26,0,25.58,1014.85,41.66,220.15,17.85,1
206172,32,70,79,867,1,25,0,25.58,1014.85,41.63,219.28,17.77,1
207168,32,70,79,866,2,25,0,25.58,1014.86,41.58,221.18,17.77,1
208164,33,70,79,867,1,26,0,25.58,1014.86,41.51,220.74,17.85,1
209160,31,70,79,866,1,27,0,25.58,1014.85,41.44,222.08,17.85,1
210156,32,70,78,866,1,26,0,25.58,1014.85,41.36,221.93,17.85,1
211152,32,70,79,865,2,26,0,25.58,1014.85,41.28,221.48,17.85,1
