timestamp,NO2,C2H50H,VOC,CO,Alcohol,LPG,Benzene,Temperature,Pressure,Humidity,Gas_Resistance,Altitude,State434256,37,63,80,730,2,17,0,25.39,1019.07,22.79,491.10,-17.24,1
435252,37,63,80,730,2,17,0,25.40,1019.08,22.81,495.81,-17.32,1
436248,36,63,79,730,2,17,0,25.40,1019.09,22.83,494.35,-17.24,1
437244,36,63,79,729,3,18,0,25.40,1019.08,22.84,493.63,-17.24,1
438240,37,63,79,730,2,17,0,25.40,1019.08,22.85,494.35,-17.24,1
439236,36,63,79,730,3,17,0,25.40,1019.08,22.87,493.26,-17.16,1
440232,36,63,79,730,2,18,0,25.40,1019.07,22.88,492.90,-17.16,1
441228,37,63,79,730,2,17,0,25.40,1019.07,22.88,494.35,-17.24,1
442224,36,63,79,730,2,18,0,25.40,1019.08,22.91,492.90,-17.24,1
443220,37,63,79,730,2,20,0,25.40,1019.08,22.94,493.26,-17.16,1
444216,36,63,79,730,2,18,0,25.40,1019.07,22.94,493.99,-17.16,1
445212,36,63,79,730,2,17,0,25.40,1019.07,22.97,493.63,-17.24,1
446208,37,63,78,730,3,18,0,25.40,1019.08,22.99,494.72,-17.24,1
447204,37,63,79,730,2,18,0,25.40,1019.08,23.01,490.03,-17.16,1
448200,36,63,78,730,2,18,0,25.40,1019.07,23.02,496.18,-17.16,1
449196,36,63,79,730,4,18,0,25.40,1019.07,23.05,493.99,-17.16,1
450192,36,63,78,731,2,18,0,25.41,1019.07,23.06,497.28,-17.16,1
451188,36,63,78,730,2,18,0,25.41,1019.07,23.07,495.08,-17.16,1
452184,36,63,78,730,3,18,0,25.41,1019.07,23.09,494.35,-17.07,1
453180,37,62,78,731,3,18,0,25.41,1019.06,23.11,494.72,-17.16,1
454176,36,63,78,731,3,18,0,25.41,1019.07,23.11,495.45,-17.07,1
455172,36,63,78,731,3,18,0,25.41,1019.06,23.12,493.26,-17.16,1
456168,36,63,79,732,3,18,0,25.41,1019.07,23.13,495.45,-17.16,1
457164,36,63,78,732,3,17,0,25.41,1019.07,23.11,493.63,-17.07,1
458160,36,63,78,732,3,18,0,25.41,1019.06,23.09,492.54,-17.07,1
459156,36,63,78,731,2,18,0,25.41,1019.06,23.10,494.72,-17.16,1
460152,36,63,78,732,2,18,0,25.42,1019.07,23.09,496.55,-17.07,1
461148,36,63,78,732,3,18,0,25.42,1019.06,23.08,492.54,-17.07,1
462144,36,63,78,732,3,18,0,25.42,1019.06,23.08,492.90,-17.07,1
463140,36,63,78,732,3,18,0,25.42,1019.06,23.09,495.08,-17.07,1
464136,36,62,78,733,3,17,0,25.42,1019.06,23.09,492.90,-17.16,1
465132,35,63,78,733,3,17,0,25.42,1019.07,23.10,493.63,-17.16,1
466128,35,63,78,733,3,18,0,25.42,1019.07,23.11,493.99,-17.16,1
467124,36,63,78,733,3,18,0,25.42,1019.07,23.13,491.82,-17.16,1
468120,36,63,78,733,3,19,0,25.42,1019.07,23.15,492.54,-17.24,1
469116,36,63,78,734,2,18,0,25.42,1019.08,23.16,492.54,-17.16,1
470112,36,63,78,735,2,18,0,25.42,1019.07,23.17,493.99,-17.16,1
471108,36,64,78,735,2,18,0,25.42,1019.07,23.19,492.18,-17.16,1
472104,36,63,79,736,3,18,0,25.42,1019.07,23.19,493.63,-17.16,1
473100,36,63,78,736,3,18,0,25.42,1019.07,23.21,493.63,-17.16,1
474096,37,63,78,736,3,17,0,25.43,1019.07,23.23,493.26,-17.16,1
475092,36,64,78,736,3,18,0,25.43,1019.07,23.24,492.18,-17.16,1
476088,36,64,79,736,3,18,0,25.43,1019.07,23.25,491.10,-17.16,1
477084,36,64,79,736,3,17,0,25.43,1019.07,23.26,488.96,-17.07,1
478080,37,64,78,737,3,18,0,25.43,1019.06,23.28,494.72,-17.16,1
479076,37,63,78,736,3,18,0,25.43,1019.07,23.28,494.72,-17.16,1
480072,36,64,79,737,3,21,0,25.43,1019.07,23.28,487.18,-17.16,1
481068,37,64,79,736,3,18,0,25.43,1019.07,23.29,491.82,-17.07,1
482064,36,64,79,736,3,17,0,25.43,1019.06,23.26,492.54,-17.07,1
483060,37,64,78,737,3,20,0,25.43,1019.06,23.25,492.90,-17.16,1
484056,36,63,78,736,3,19,0,25.43,1019.07,23.23,491.10,-17.16,1
485052,37,64,78,736,3,21,0,25.43,1019.07,23.23,489.31,-17.16,1
486048,36,63,79,737,3,19,0,25.43,1019.07,23.21,491.46,-17.16,1
487044,36,64,79,736,4,19,0,25.43,1019.07,23.22,489.67,-17.16,1
488040,36,64,78,736,3,19,0,25.43,1019.07,23.24,488.96,-17.16,1
489036,36,63,79,735,3,19,0,25.43,1019.07,23.23,491.46,-17.16,1
490032,36,64,79,735,3,19,0,25.43,1019.07,23.24,487.54,-17.07,1
491028,36,63,78,736,4,20,0,25.43,1019.06,23.24,492.90,-17.16,1
492024,36,64,78,736,4,20,0,25.43,1019.07,23.24,490.74,-17.16,1
493020,36,64,78,736,3,20,0,25.43,1019.07,23.23,491.82,-17.24,1
494016,36,63,78,736,11,28,0,25.43,1019.08,23.23,490.38,-17.16,1
495012,36,64,78,736,9,25,0,25.43,1019.07,23.21,490.03,-17.16,1
496008,36,64,79,737,3,18,0,25.43,1019.07,23.20,487.89,-17.16,1
497004,37,64,79,737,3,17,0,25.43,1019.07,23.20,491.46,-17.16,1
498000,37,64,79,738,3,17,0,25.43,1019.07,23.22,490.03,-17.16,1
498996,36,64,79,738,2,16,0,25.43,1019.07,23.22,489.67,-17.24,1
499992,36,64,79,738,3,17,0,25.43,1019.08,23.24,490.03,-17.16,1
500988,37,65,79,738,3,16,0,25.43,1019.07,23.25,488.60,-17.24,1
501984,37,65,79,738,3,16,0,25.43,1019.08,23.26,489.67,-17.24,1
502980,36,64,80,739,2,17,0,25.44,1019.08,23.29,491.46,-17.32,1
503976,37,65,79,738,2,17,0,25.44,1019.09,23.28,486.83,-17.32,1
504972,37,64,79,739,3,17,0,25.44,1019.09,23.29,489.31,-17.32,1
505968,37,64,79,738,2,17,0,25.44,1019.09,23.29,488.60,-17.32,1
506964,36,64,79,738,3,17,0,25.44,1019.09,23.31,488.96,-17.32,1
507960,37,64,79,738,2,18,0,25.44,1019.09,23.31,485.77,-17.40,1
508956,37,64,78,737,3,17,0,25.44,1019.10,23.32,487.54,-17.32,1
509952,37,64,79,737,2,18,0,25.44,1019.09,23.32,488.60,-17.32,1
510948,36,63,79,737,2,18,0,25.44,1019.09,23.32,487.54,-17.40,1
511944,37,64,79,736,2,17,0,25.44,1019.10,23.31,488.60,-17.40,1
512940,37,64,79,737,3,18,0,25.45,1019.10,23.31,487.89,-17.40,1
513936,37,63,79,737,3,18,0,25.45,1019.10,23.30,488.60,-17.49,1
514932,36,64,79,738,3,19,0,25.45,1019.11,23.29,489.67,-17.49,1
515928,37,64,79,737,3,18,0,25.45,1019.11,23.27,486.13,-17.49,1
516924,37,64,79,737,3,17,0,25.45,1019.11,23.27,487.18,-17.49,1
517920,37,63,79,737,2,19,0,25.45,1019.11,23.27,487.18,-17.49,1
518916,37,64,79,738,3,17,0,25.45,1019.11,23.26,486.48,-17.40,1
519912,37,64,79,738,3,18,0,25.45,1019.10,23.25,486.48,-17.40,1
520908,37,64,79,738,3,18,0,25.45,1019.10,23.25,487.18,-17.40,1
521904,37,63,80,738,2,18,0,25.45,1019.10,23.24,486.83,-17.40,1
522900,37,64,79,738,3,18,0,25.45,1019.10,23.23,487.89,-17.49,1
523896,37,64,79,738,2,18,0,25.45,1019.11,23.20,485.42,-17.49,1
524892,37,64,80,738,3,18,0,25.45,1019.11,23.18,485.77,-17.49,1
525888,37,65,80,738,3,18,0,25.45,1019.11,23.17,486.83,-17.49,1
526884,37,64,80,739,3,19,0,25.45,1019.11,23.15,485.42,-17.57,1
527880,37,65,79,739,3,17,0,25.45,1019.12,23.15,486.83,-17.57,1
528876,37,64,80,740,3,17,0,25.45,1019.12,23.15,486.13,-17.57,1
529872,37,64,80,739,3,19,0,25.45,1019.12,23.16,486.48,-17.57,1
530868,37,65,80,740,3,18,0,25.45,1019.12,23.18,485.77,-17.49,1
531864,37,64,80,740,3,19,0,25.45,1019.11,23.19,483.33,-17.49,1
532860,37,65,80,739,4,19,0,25.45,1019.11,23.21,489.31,-17.57,1
533856,37,64,79,739,4,19,0,25.45,1019.12,23.25,481.94,-17.57,1
534852,37,65,79,739,4,20,0,25.45,1019.12,23.27,482.29,-17.57,1
535848,37,65,79,739,4,20,0,25.45,1019.12,23.29,484.37,-17.65,1
536844,37,64,80,740,4,20,0,25.45,1019.13,23.30,483.68,-17.74,1
537840,37,65,80,739,4,21,0,25.45,1019.14,23.32,481.60,-17.65,1
538836,37,65,80,739,5,22,0,25.45,1019.13,23.34,482.63,-17.65,1
539832,37,64,80,740,6,22,0,25.45,1019.13,23.35,481.60,-17.65,1
540828,37,65,79,740,5,22,0,25.45,1019.13,23.35,479.53,-17.74,1
541824,36,65,80,739,12,32,0,25.45,1019.14,23.35,484.03,-17.65,1
542820,37,65,80,740,4,19,0,25.45,1019.13,23.38,482.98,-17.65,1
543816,37,65,80,740,2,16,0,25.45,1019.13,23.40,484.37,-17.57,1
544812,38,65,80,740,2,15,0,25.45,1019.12,23.42,485.07,-17.57,1
545808,37,64,80,740,2,16,0,25.45,1019.12,23.43,482.98,-17.65,1
546804,38,65,80,741,2,15,0,25.45,1019.13,23.45,477.83,-17.65,1
547800,38,65,80,740,2,16,0,25.46,1019.13,23.46,481.25,-17.65,1
548796,38,65,81,741,2,16,0,25.46,1019.13,23.48,480.91,-17.65,1
549792,38,65,80,741,2,17,0,25.46,1019.13,23.49,482.63,-17.74,1
550788,38,65,81,741,2,18,0,25.46,1019.14,23.50,478.17,-17.74,1
551784,38,65,81,741,2,20,0,25.46,1019.14,23.53,480.91,-17.82,1
552780,38,64,81,740,2,17,0,25.46,1019.15,23.54,482.29,-17.74,1
553776,38,65,80,742,1,17,0,25.47,1019.14,23.54,479.88,-17.74,1
554772,38,65,81,741,2,17,0,25.47,1019.14,23.54,478.51,-17.82,1
555768,38,65,80,741,2,17,0,25.47,1019.15,23.51,478.17,-17.82,1
556764,38,65,80,741,2,17,0,25.47,1019.15,23.49,479.88,-17.82,1
557760,38,65,81,740,2,18,0,25.47,1019.15,23.46,480.56,-17.82,1
558756,39,65,80,741,2,17,0,25.47,1019.15,23.45,478.85,-17.82,1
559752,38,64,81,740,2,18,0,25.47,1019.15,23.40,477.49,-17.90,1
560748,39,65,80,740,2,17,0,25.47,1019.16,23.36,475.46,-17.82,1
561744,39,65,81,741,2,16,0,25.47,1019.15,23.34,481.25,-17.90,1
562740,39,65,81,742,1,17,0,25.47,1019.16,23.32,481.25,-17.90,1
563736,39,65,80,741,2,18,0,25.48,1019.16,23.30,478.85,-17.82,1
564732,39,65,81,740,1,17,0,25.48,1019.15,23.30,481.60,-17.90,1
565728,39,65,81,740,2,16,0,25.48,1019.16,23.27,479.88,-17.90,1
566724,38,65,81,741,2,16,0,25.48,1019.16,23.27,480.91,-17.82,1
567720,39,65,81,741,2,16,0,25.48,1019.15,23.25,481.60,-17.90,1
568716,39,65,81,742,2,17,0,25.48,1019.16,23.23,480.56,-17.90,1
569712,39,65,81,740,2,16,0,25.48,1019.16,23.22,481.25,-17.82,1
570708,39,65,81,741,1,16,0,25.48,1019.15,23.22,481.60,-17.82,1
571704,39,65,81,741,1,16,0,25.48,1019.15,23.23,485.07,-17.90,1
572700,38,65,81,741,1,16,0,25.48,1019.16,23.25,481.60,-17.90,1
573696,39,65,81,741,2,16,0,25.48,1019.16,23.26,479.53,-17.82,1
574692,39,65,81,741,1,16,0,25.48,1019.15,23.28,482.29,-17.82,1
575688,39,65,81,741,1,17,0,25.48,1019.15,23.31,478.85,-17.82,1
576684,39,65,82,741,1,17,0,25.48,1019.15,23.33,478.85,-17.74,1
577680,39,65,81,742,1,16,0,25.48,1019.14,23.34,481.60,-17.82,1
578676,39,65,82,742,1,17,0,25.48,1019.15,23.34,481.60,-17.74,1
579672,39,66,82,742,1,16,0,25.49,1019.14,23.34,478.85,-17.65,1
580668,39,65,81,743,1,16,0,25.49,1019.13,23.33,477.49,-17.74,1
581664,39,66,82,743,1,16,0,25.49,1019.14,23.33,481.60,-17.74,1
582660,39,65,81,743,1,17,0,25.49,1019.14,23.34,476.81,-17.65,1
583656,39,65,82,743,1,16,0,25.49,1019.13,23.37,478.85,-17.57,1
584652,39,65,82,743,1,16,0,25.49,1019.12,23.39,481.60,-17.65,1
585648,39,65,82,743,1,16,0,25.49,1019.13,23.40,476.81,-17.57,1
586644,40,65,82,743,1,17,0,25.49,1019.12,23.43,475.80,-17.65,1
587640,39,65,82,743,1,17,0,25.49,1019.13,23.45,477.83,-17.65,1
588636,39,65,82,744,1,16,0,25.49,1019.13,23.48,479.19,-17.57,1
589632,39,65,82,744,1,17,0,25.49,1019.12,23.52,478.85,-17.57,1
590628,39,65,82,743,1,16,0,25.49,1019.12,23.54,476.81,-17.65,1
591624,40,66,82,743,1,17,0,25.49,1019.13,23.59,474.79,-17.57,1
592620,40,66,82,743,1,18,0,25.49,1019.12,23.63,477.49,-17.57,1
593616,40,66,82,743,1,16,0,25.49,1019.12,23.66,473.45,-17.65,1
594612,39,65,82,742,2,17,0,25.49,1019.13,23.69,472.79,-17.57,1
595608,39,65,82,742,1,17,0,25.49,1019.12,23.72,471.79,-17.49,1
596604,39,65,82,743,1,18,0,25.49,1019.11,23.71,473.45,-17.49,1
597600,39,65,82,742,1,16,0,25.50,1019.11,23.72,475.12,-17.40,1
598596,39,65,82,742,1,16,0,25.50,1019.10,23.70,471.46,-17.40,1
599592,39,66,82,743,1,17,0,25.49,1019.10,23.68,474.79,-17.32,1
0,39,66,82,743,1,17,0,25.49,1019.09,23.66,471.46,-17.40,1
996,40,66,82,743,1,17,0,25.42,1019.10,23.71,462.37,-17.32,1
1992,40,65,82,742,1,16,0,25.41,1019.09,23.77,468.83,-17.32,1
2988,40,66,82,743,1,17,0,25.42,1019.09,23.79,466.87,-17.32,1
3984,39,65,82,743,1,18,0,25.43,1019.09,23.80,463.65,-17.32,1
4980,40,66,82,743,1,17,0,25.43,1019.09,23.79,467.52,-17.32,1
5976,40,65,83,743,1,17,0,25.44,1019.09,23.79,463.97,-17.32,1
6972,40,65,82,743,1,18,0,25.45,1019.09,23.77,467.20,-17.32,1
7968,40,66,82,743,2,18,0,25.46,1019.09,23.77,463.65,-17.32,1
8964,40,65,82,743,2,18,0,25.46,1019.09,23.76,463.33,-17.32,1
9960,40,66,82,743,1,17,0,25.47,1019.09,23.76,464.29,-17.32,1
10956,40,66,82,743,1,17,0,25.47,1019.09,23.75,467.85,-17.40,1
11952,40,66,82,743,1,18,0,25.48,1019.10,23.75,462.69,-17.40,1
12948,40,66,83,743,1,17,0,25.48,1019.10,23.76,463.01,-17.40,1
13944,40,65,82,743,1,17,0,25.48,1019.10,23.78,466.22,-17.40,1
14940,40,65,82,743,1,17,0,25.49,1019.10,23.79,463.01,-17.40,1
15936,40,65,83,743,1,17,0,25.49,1019.10,23.81,464.93,-17.40,1
16932,40,66,83,742,1,18,0,25.49,1019.10,23.81,461.74,-17.40,1
17928,40,66,83,743,1,18,0,25.49,1019.10,23.84,462.69,-17.32,1
18924,40,66,83,743,1,17,0,25.49,1019.09,23.84,464.29,-17.24,1
19920,40,66,83,743,1,16,0,25.49,1019.08,23.85,459.84,-17.32,1
20916,40,65,83,742,1,16,0,25.49,1019.09,23.86,461.10,-17.32,1
21912,40,66,82,742,1,16,0,25.49,1019.09,23.89,461.42,-17.32,1
22908,40,66,82,742,1,16,0,25.49,1019.09,23.91,461.10,-17.24,1
23904,40,65,82,742,2,16,0,25.49,1019.08,23.93,459.21,-17.32,1
24900,40,66,83,742,1,16,0,25.49,1019.09,23.92,458.58,-17.32,1
25896,40,66,82,741,1,16,0,25.49,1019.09,23.93,463.01,-17.40,1
26892,40,65,83,742,1,16,0,25.49,1019.10,23.92,459.84,-17.32,1
27888,40,65,83,741,1,16,0,25.50,1019.09,23.91,460.47,-17.40,1
28884,40,65,82,742,1,17,0,25.50,1019.10,23.86,460.79,-17.32,1
29880,40,66,82,742,1,16,0,25.50,1019.09,23.82,463.65,-17.24,1
30876,40,65,83,742,1,16,0,25.50,1019.08,23.79,464.61,-17.40,1
31872,40,65,83,743,1,17,0,25.50,1019.10,23.74,463.97,-17.24,1
32868,40,65,83,742,1,17,0,25.50,1019.08,23.71,463.01,-17.32,1
33864,40,65,82,743,2,16,0,25.50,1019.09,23.67,462.69,-17.32,1
34860,40,66,82,743,1,16,0,25.50,1019.09,23.65,464.61,-17.32,1
35856,41,65,83,743,1,17,0,25.50,1019.09,23.64,462.37,-17.24,1
36852,40,66,83,743,1,17,0,25.50,1019.08,23.63,461.74,-17.24,1
37848,41,66,83,743,1,17,0,25.50,1019.08,23.62,466.55,-17.24,1
38844,41,66,83,743,1,17,0,25.50,1019.08,23.63,462.06,-17.24,1
39840,40,66,83,744,1,17,0,25.50,1019.08,23.59,462.69,-17.24,1
40836,40,66,83,743,1,18,0,25.50,1019.08,23.54,466.87,-17.24,1
41832,41,66,83,743,1,17,0,25.50,1019.08,23.53,464.93,-17.24,1
42828,40,66,82,743,1,17,0,25.50,1019.08,23.51,463.01,-17.24,1
43824,40,66,83,743,1,17,0,25.50,1019.08,23.51,464.61,-17.24,1
44820,40,66,83,743,1,19,0,25.50,1019.08,23.48,464.29,-17.24,1
45816,40,66,83,743,1,17,0,25.50,1019.08,23.48,467.52,-17.24,1
46812,41,65,83,743,2,18,0,25.50,1019.08,23.44,466.55,-17.24,1
47808,41,66,83,743,1,17,0,25.50,1019.08,23.42,468.17,-17.24,1
48804,40,65,83,743,1,18,0,25.50,1019.08,23.41,470.14,-17.24,1
49800,41,66,83,743,1,17,0,25.50,1019.08,23.39,468.83,-17.16,1
50796,41,66,83,742,1,17,0,25.50,1019.07,23.41,467.85,-17.16,1
51792,41,66,83,742,1,18,0,25.50,1019.07,23.44,465.90,-17.16,1
52788,40,66,83,742,1,17,0,25.50,1019.07,23.48,467.52,-17.16,1
53784,41,66,83,743,1,18,0,25.50,1019.07,23.52,463.01,-17.16,1
54780,41,66,83,743,1,18,0,25.50,1019.07,23.57,465.25,-17.24,1
55776,41,66,84,744,1,18,0,25.50,1019.08,23.59,463.65,-17.24,1
56772,41,66,84,743,1,17,0,25.50,1019.08,23.63,463.01,-17.24,1
57768,41,66,83,744,1,18,0,25.50,1019.08,23.63,461.74,-17.24,1
58764,41,66,84,744,1,18,0,25.50,1019.08,23.63,465.90,-17.16,1
59760,41,66,84,744,1,18,0,25.50,1019.07,23.63,466.22,-17.16,1
60756,41,66,84,744,1,20,0,25.51,1019.07,23.63,465.58,-17.16,1
61752,41,66,84,744,1,20,0,25.51,1019.07,23.65,465.58,-17.16,1
62748,41,66,83,744,1,19,0,25.51,1019.07,23.66,462.37,-17.07,1
63744,41,66,84,744,1,19,0,25.51,1019.06,23.68,460.79,-17.16,1
64740,41,66,83,744,1,21,0,25.51,1019.07,23.66,464.93,-17.16,1
65736,41,66,83,744,1,20,0,25.51,1019.07,23.66,464.93,-17.16,1
66732,41,65,84,744,1,21,0,25.51,1019.07,23.62,464.93,-17.16,1
67728,41,66,84,744,1,19,0,25.51,1019.07,23.58,465.58,-17.24,1
68724,41,66,84,744,1,16,0,25.51,1019.08,23.52,465.58,-17.16,1
69720,41,66,84,744,1,17,0,25.51,1019.07,23.47,466.22,-17.07,1
70716,42,66,84,744,1,17,0,25.51,1019.06,23.45,465.58,-17.16,1
71712,41,66,84,744,1,16,0,25.51,1019.07,23.43,465.58,-17.16,1
72708,41,66,84,744,1,15,0,25.51,1019.07,23.45,466.22,-17.24,1
73704,41,66,84,744,1,15,0,25.51,1019.08,23.50,464.61,-17.16,1
74700,41,66,84,743,1,14,0,25.51,1019.07,23.52,465.58,-17.16,1
75696,42,66,84,743,1,15,0,25.51,1019.07,23.58,463.65,-17.24,1
76692,42,66,84,743,1,15,0,25.51,1019.08,23.59,463.97,-17.16,1
77688,41,66,84,744,1,16,0,25.51,1019.07,23.60,466.87,-17.16,1
78684,41,66,84,744,2,16,0,25.51,1019.07,23.63,465.58,-17.16,1
79680,41,66,84,744,1,16,0,25.51,1019.07,23.63,465.25,-17.07,1
80676,41,66,84,744,2,16,0,25.51,1019.06,23.67,464.61,-17.07,1
81672,41,66,84,744,2,15,0,25.51,1019.06,23.68,462.69,-17.07,1
82668,41,66,84,744,2,16,0,25.51,1019.06,23.73,465.58,-17.16,1
83664,41,66,84,744,2,15,0,25.51,1019.07,23.76,462.69,-17.16,1
84660,41,66,84,744,2,16,0,25.51,1019.07,23.80,461.10,-17.07,1
85656,42,66,84,744,1,15,0,25.51,1019.06,23.81,461.42,-17.07,1
86652,41,66,85,744,2,15,0,25.51,1019.06,23.82,461.10,-17.07,1
87648,41,66,84,744,2,16,0,25.51,1019.06,23.82,461.10,-17.07,1
88644,41,66,84,744,1,16,0,25.51,1019.06,23.80,461.42,-16.99,1
89640,41,66,85,744,2,16,0,25.51,1019.05,23.81,463.97,-16.99,1
90636,41,66,85,745,1,16,0,25.51,1019.05,23.80,462.37,-16.99,1
91632,41,66,85,745,1,16,0,25.51,1019.05,23.81,460.47,-17.07,1
92628,41,66,85,745,1,15,0,25.51,1019.06,23.81,460.47,-16.99,1
93624,41,66,85,745,1,16,0,25.51,1019.05,23.79,460.47,-17.07,1
94620,41,66,85,745,1,16,0,25.51,1019.06,23.80,462.69,-17.16,1
95616,41,66,85,745,2,16,0,25.51,1019.07,23.78,460.47,-17.07,1
96612,41,66,85,744,1,15,0,25.51,1019.06,23.74,461.10,-17.07,1
97608,41,66,85,745,2,15,0,25.51,1019.06,23.71,463.01,-17.07,1
98604,41,66,85,744,2,16,0,25.51,1019.06,23.68,461.74,-17.07,1
99600,41,66,85,745,1,18,0,25.51,1019.06,23.67,460.16,-16.99,1
100596,41,65,85,744,2,16,0,25.51,1019.05,23.65,463.01,-17.07,1
101592,41,66,85,744,1,15,0,25.51,1019.06,23.64,460.79,-17.07,1
102588,41,66,84,745,1,16,0,25.51,1019.06,23.67,461.74,-17.16,1
103584,42,66,85,745,2,16,0,25.51,1019.07,23.68,462.06,-17.07,1
104580,41,67,85,744,2,17,0,25.51,1019.06,23.73,460.47,-17.07,1
105576,41,66,85,744,2,16,0,25.51,1019.06,23.77,457.96,-16.99,1
106572,42,66,85,744,2,16,0,25.51,1019.05,23.82,461.10,-16.99,1
107568,42,66,85,746,1,16,0,25.51,1019.05,23.85,457.34,-16.99,1
108564,41,66,85,745,1,15,0,25.51,1019.05,23.86,458.90,-16.99,1
109560,41,66,85,744,1,17,0,25.51,1019.05,23.87,460.47,-17.07,1
110556,41,66,84,745,1,16,0,25.51,1019.06,23.85,463.33,-16.99,1
111552,41,66,85,745,2,16,0,25.51,1019.05,23.84,459.84,-16.99,1
112548,42,67,85,744,2,16,0,25.51,1019.05,23.87,458.58,-16.99,1
113544,41,66,85,744,2,16,0,25.51,1019.05,23.90,459.84,-17.07,1
114540,42,67,85,744,2,15,0,25.51,1019.06,23.92,456.71,-16.99,1
115536,42,66,85,745,1,16,0,25.51,1019.05,23.94,457.02,-17.07,1
116532,42,66,85,745,2,14,0,25.51,1019.06,23.98,458.58,-16.99,1
117528,41,66,85,744,2,17,0,25.51,1019.05,24.00,457.34,-16.99,1
118524,41,66,85,745,2,16,0,25.51,1019.05,24.00,459.21,-16.99,1
119520,42,66,85,745,2,16,0,25.51,1019.05,24.01,456.71,-17.07,1
120516,41,66,85,745,2,16,0,25.51,1019.06,24.01,456.10,-16.99,1
121512,41,66,85,745,2,16,0,25.51,1019.05,24.01,455.79,-16.99,1
122508,41,67,85,745,2,16,0,25.51,1019.05,24.01,456.10,-17.07,1
123504,41,66,85,744,2,16,0,25.51,1019.06,23.99,456.10,-16.99,1
124500,42,66,85,745,1,15,0,25.51,1019.05,24.00,457.96,-16.99,1
125496,42,66,86,745,2,16,0,25.51,1019.05,24.01,455.17,-16.99,1
126492,41,67,85,745,1,16,0,25.51,1019.05,24.03,452.11,-16.99,1
127488,41,67,85,746,2,16,0,25.51,1019.05,24.06,455.48,-16.99,1
128484,42,67,85,745,2,16,0,25.51,1019.05,24.09,456.10,-16.91,1
129480,42,67,86,745,2,16,0,25.51,1019.04,24.13,455.17,-16.99,1
130476,41,67,86,744,2,16,0,25.51,1019.05,24.18,452.11,-16.91,1
131472,41,66,85,745,2,15,0,25.51,1019.04,24.22,450.89,-16.99,1
132468,42,67,85,745,2,16,0,25.51,1019.05,24.28,450.59,-16.99,1
133464,42,67,86,746,2,16,0,25.51,1019.05,24.34,449.38,-16.99,1
134460,41,67,85,745,2,16,0,25.51,1019.05,24.39,449.68,-16.99,1
135456,41,66,86,745,2,16,0,25.51,1019.05,24.44,448.18,-16.99,1
136452,41,66,86,744,2,16,0,25.51,1019.05,24.47,448.48,-16.91,1
137448,42,67,85,746,2,16,0,25.51,1019.04,24.52,446.99,-16.91,1
138444,42,67,86,746,2,16,0,25.51,1019.04,24.56,446.10,-16.91,1
139440,42,67,86,745,2,16,0,25.51,1019.04,24.61,446.40,-16.83,1
140436,42,66,86,745,2,16,0,25.51,1019.03,24.63,445.80,-16.91,1
141432,42,66,86,745,2,16,0,25.51,1019.04,24.66,445.80,-16.91,1
142428,41,67,86,745,2,15,0,25.51,1019.04,24.68,444.04,-16.91,1
143424,42,66,85,745,2,16,0,25.51,1019.04,24.66,443.45,-16.91,1
144420,42,67,85,746,1,16,0,25.51,1019.04,24.62,442.87,-16.91,1
145416,41,66,86,745,2,16,0,25.51,1019.04,24.56,444.04,-16.91,1
146412,42,66,86,745,2,16,0,25.51,1019.04,24.48,446.40,-16.91,1
147408,42,67,86,745,2,16,0,25.51,1019.04,24.42,449.99,-16.91,1
148404,42,67,85,745,1,16,0,25.51,1019.04,24.36,444.33,-16.91,1
149400,42,67,86,746,1,16,0,25.51,1019.04,24.31,446.10,-16.99,1
150396,42,67,85,745,2,16,0,25.52,1019.05,24.26,445.80,-16.91,1
151392,42,66,86,746,2,16,0,25.52,1019.04,24.23,447.29,-16.99,1
152388,42,66,85,745,2,16,0,25.52,1019.05,24.21,446.69,-16.91,1
153384,42,66,85,746,2,16,0,25.52,1019.04,24.21,447.29,-16.91,1
154380,42,66,86,745,2,16,0,25.52,1019.04,24.23,446.99,-16.91,1
155376,42,66,86,745,2,17,0,25.52,1019.04,24.26,446.99,-16.83,1
156372,42,66,85,745,2,16,0,25.52,1019.03,24.27,445.80,-16.83,1
157368,42,67,86,745,2,18,0,25.52,1019.03,24.29,442.57,-16.83,1
158364,42,67,86,746,3,17,0,25.52,1019.03,24.31,446.40,-16.83,1
159360,42,67,85,746,2,16,0,25.52,1019.03,24.33,444.04,-16.83,1
160356,42,66,86,745,2,15,0,25.51,1019.03,24.35,444.33,-16.83,1
161352,42,67,86,745,2,16,0,25.52,1019.03,24.36,445.21,-16.83,1
162348,42,67,86,745,2,16,0,25.52,1019.03,24.36,444.04,-16.91,1
163344,42,67,86,745,2,16,0,25.52,1019.04,24.35,441.70,-16.91,1
164340,42,67,86,745,2,16,0,25.52,1019.04,24.36,444.92,-16.91,1
165336,42,66,85,745,2,16,0,25.52,1019.04,24.35,443.45,-16.91,1
166332,42,67,86,745,1,15,0,25.52,1019.04,24.34,444.04,-16.91,1
167328,42,67,85,745,2,16,0,25.52,1019.04,24.31,446.99,-16.83,1
168324,42,67,86,745,2,16,0,25.52,1019.03,24.28,445.51,-16.83,1
169320,42,67,85,745,2,17,0,25.52,1019.03,24.21,442.57,-16.83,1
170316,42,66,85,745,1,15,0,25.52,1019.03,24.14,445.51,-16.83,1
171312,42,67,85,746,1,16,0,25.52,1019.03,24.09,444.92,-16.74,1
172308,42,67,86,745,1,17,0,25.52,1019.02,24.08,445.80,-16.74,1
173304,42,67,86,745,2,17,0,25.52,1019.02,24.07,443.74,-16.74,1
174300,42,67,86,745,1,16,0,25.52,1019.02,24.07,449.99,-16.74,1
175296,42,67,86,745,1,16,0,25.52,1019.02,24.07,448.78,-16.74,1
176292,42,67,86,745,2,18,0,25.52,1019.02,24.10,444.04,-16.74,1
177288,42,66,86,746,2,16,0,25.52,1019.02,24.12,446.40,-16.74,1
178284,43,67,87,745,2,16,0,25.52,1019.02,24.14,446.40,-16.66,1
179280,42,67,87,746,1,16,0,25.52,1019.01,24.19,442.87,-16.66,1
180276,42,67,86,746,2,17,0,25.52,1019.01,24.22,444.92,-16.66,1
181272,42,67,86,746,2,15,0,25.52,1019.01,24.28,445.21,-16.66,1
182268,42,67,86,747,2,16,0,25.52,1019.01,24.33,444.04,-16.74,1
183264,43,67,87,746,2,16,0,25.52,1019.02,24.38,442.87,-16.74,1
184260,43,67,87,746,2,16,0,25.52,1019.02,24.44,443.45,-16.74,1
185256,42,67,87,746,2,15,0,25.52,1019.02,24.50,441.12,-16.74,1
186252,42,67,86,746,2,17,0,25.52,1019.02,24.54,438.24,-16.74,1
187248,43,67,87,746,2,16,0,25.52,1019.02,24.56,439.39,-16.66,1
188244,43,67,86,745,2,16,0,25.52,1019.01,24.57,443.45,-16.74,1
189240,42,67,86,746,2,17,0,25.52,1019.02,24.57,437.10,-16.74,1
190236,42,66,86,746,2,16,0,25.52,1019.02,24.59,439.97,-16.66,1
191232,42,67,86,746,2,16,0,25.52,1019.01,24.60,439.68,-16.83,1
192228,43,67,87,746,1,15,0,25.52,1019.03,24.62,436.82,-16.83,1
193224,43,67,86,746,1,16,0,25.52,1019.03,24.66,438.24,-16.83,1
194220,42,66,86,745,2,16,0,25.52,1019.03,24.68,441.99,-16.83,1
195216,43,67,86,746,2,16,0,25.52,1019.03,24.72,434.84,-16.83,1
196212,43,67,87,746,2,16,0,25.52,1019.03,24.76,439.10,-16.83,1
197208,43,67,86,746,1,15,0,25.52,1019.03,24.79,435.97,-16.83,1
198204,42,66,87,746,1,17,0,25.52,1019.03,24.80,435.12,-16.83,1
199200,42,67,87,746,2,17,0,25.52,1019.03,24.79,434.84,-16.83,1
200196,43,67,87,746,2,19,0,25.52,1019.03,24.76,436.54,-16.74,1
201192,43,67,87,746,2,16,0,25.52,1019.02,24.72,435.97,-16.74,1
202188,42,66,87,745,2,17,0,25.52,1019.02,24.65,438.24,-16.66,1
203184,42,66,86,746,2,16,0,25.52,1019.01,24.56,441.12,-16.66,1
204180,43,66,86,745,2,16,0,25.52,1019.01,24.48,437.96,-16.74,1
205176,42,67,86,745,2,16,0,25.52,1019.02,24.42,440.54,-16.74,1
206172,42,67,86,745,1,16,0,25.52,1019.02,24.36,435.69,-16.74,1
207168,43,67,87,746,2,16,0,25.52,1019.02,24.30,439.97,-16.74,1
208164,43,67,86,745,2,17,0,25.52,1019.02,24.25,442.28,-16.83,1
209160,43,67,87,745,2,17,0,25.52,1019.03,24.23,441.12,-16.91,1
210156,42,67,86,746,2,15,0,25.52,1019.04,24.21,443.45,-16.91,1
211152,42,67,87,745,2,16,0,25.52,1019.04,24.20,438.82,-16.83,1
212148,42,67,86,746,2,16,0,25.52,1019.03,24.19,442.57,-16.91,1
213144,42,67,86,745,2,17,0,25.52,1019.04,24.17,439.68,-16.91,1
214140,43,67,87,746,2,16,0,25.52,1019.04,24.16,445.51,-16.91,1
215136,42,67,86,745,2,16,0,25.52,1019.04,24.15,441.99,-16.91,1
216132,42,66,87,745,2,16,0,25.52,1019.04,24.19,441.12,-16.91,1
217128,42,67,87,745,2,16,0,25.52,1019.04,24.23,439.39,-16.91,1
218124,43,67,86,745,2,16,0,25.52,1019.04,24.29,439.39,-16.91,1
219120,42,67,87,745,2,17,0,25.52,1019.04,24.33,438.24,-16.91,1
220116,43,67,87,745,2,16,0,25.52,1019.04,24.37,440.54,-16.99,1
221112,42,67,86,745,2,16,0,25.52,1019.05,24.39,438.53,-16.91,1
222108,42,67,86,745,2,16,0,25.52,1019.04,24.41,435.97,-16.91,1
223104,43,67,86,745,1,16,0,25.52,1019.04,24.38,439.10,-16.91,1
224100,42,67,86,745,2,18,0,25.52,1019.04,24.36,441.12,-16.91,1
225096,43,66,87,745,2,16,0,25.52,1019.04,24.32,439.97,-16.83,1
226092,43,67,87,744,1,16,0,25.52,1019.03,24.29,439.68,-16.83,1
227088,43,67,87,744,2,18,0,25.52,1019.03,24.27,444.04,-16.83,1
228084,43,67,86,744,2,16,0,25.52,1019.03,24.23,440.83,-16.91,1
229080,43,67,86,744,2,16,0,25.52,1019.04,24.17,444.04,-16.91,1
230076,43,67,86,745,2,16,0,25.52,1019.04,24.12,442.87,-16.99,1
231072,43,67,87,744,2,16,0,25.52,1019.05,24.07,442.28,-16.99,1
232068,43,67,86,744,1,16,0,25.52,1019.05,24.05,443.74,-16.91,1
233064,43,67,86,745,2,16,0,25.52,1019.04,24.04,445.80,-16.91,1
234060,43,67,87,744,2,16,0,25.52,1019.04,24.06,443.16,-16.91,1
235056,43,67,87,744,1,16,0,25.52,1019.04,24.11,441.99,-16.91,1
236052,43,67,86,743,2,16,0,25.52,1019.04,24.16,439.68,-16.91,1
237048,43,67,86,744,2,16,0,25.52,1019.04,24.23,439.10,-16.91,1
238044,43,67,86,743,2,17,0,25.52,1019.04,24.28,442.28,-16.91,1
239040,42,66,86,743,1,16,0,25.52,1019.04,24.35,439.39,-16.91,1
240036,42,66,86,743,2,17,0,25.52,1019.04,24.42,438.24,-16.83,1
241032,43,67,86,742,1,17,0,25.52,1019.03,24.48,440.25,-16.83,1
242028,43,66,86,743,2,16,0,25.52,1019.03,24.55,436.25,-16.91,1
243024,43,66,86,742,2,17,0,25.52,1019.04,24.62,435.40,-16.83,1
244020,43,67,86,743,2,17,0,25.52,1019.03,24.67,432.32,-16.91,1
245016,42,66,86,743,2,17,0,25.52,1019.04,24.72,434.84,-16.91,1
246012,42,67,86,744,2,17,0,25.52,1019.04,24.76,435.12,-16.91,1
247008,43,67,87,744,2,18,0,25.52,1019.04,24.77,439.39,-16.99,1
248004,42,67,86,745,2,18,0,25.52,1019.05,24.77,435.97,-16.99,1
249000,42,67,86,744,2,18,0,25.52,1019.05,24.76,435.97,-16.99,1
249996,42,66,87,745,2,19,0,25.52,1019.05,24.71,434.56,-16.91,1
250992,43,67,86,744,2,22,0,25.52,1019.04,24.66,437.39,-16.83,1
251988,43,67,86,745,2,18,0,25.52,1019.03,24.61,436.54,-16.91,1
252984,42,67,86,744,2,19,0,25.52,1019.04,24.57,437.96,-16.91,1
253980,43,67,86,744,2,21,0,25.52,1019.04,24.56,435.40,-16.83,1
254976,43,67,87,744,2,20,0,25.53,1019.03,24.54,434.84,-16.83,1
255972,43,67,86,745,1,21,0,25.53,1019.03,24.53,439.97,-16.83,1
256968,43,67,87,745,2,18,0,25.53,1019.03,24.52,435.97,-16.83,1
257964,42,67,87,745,2,17,0,25.53,1019.03,24.53,435.12,-16.83,1
258960,43,67,87,746,2,18,0,25.53,1019.03,24.56,433.16,-16.83,1
259956,43,67,87,746,2,17,0,25.53,1019.03,24.62,437.10,-16.83,1
260952,43,67,86,746,2,16,0,25.53,1019.03,24.67,433.44,-16.83,1
261948,43,67,87,746,2,16,0,25.53,1019.03,24.74,431.77,-16.74,1
262944,43,67,87,747,2,17,0,25.53,1019.02,24.79,429.28,-16.74,1
263940,43,67,87,746,2,16,0,25.53,1019.02,24.85,431.77,-16.74,1
264936,43,67,87,746,2,16,0,25.53,1019.02,24.90,430.11,-16.83,1
265932,43,67,87,746,2,17,0,25.53,1019.03,24.95,429.28,-16.83,1
266928,43,67,87,746,2,17,0,25.53,1019.03,24.98,425.48,-16.74,1
267924,43,67,87,746,2,17,0,25.53,1019.02,24.99,429.56,-16.91,1
268920,43,67,87,746,2,17,0,25.53,1019.04,25.01,429.83,-16.91,1
269916,43,67,87,745,2,16,0,25.53,1019.04,25.01,428.19,-16.91,1
270912,43,67,87,746,2,16,0,25.53,1019.04,25.00,427.10,-16.83,1
271908,43,67,87,746,2,16,0,25.53,1019.03,24.96,428.74,-16.83,1
272904,43,66,87,746,2,16,0,25.53,1019.03,24.93,426.83,-16.83,1
273900,43,66,87,745,2,15,0,25.53,1019.03,24.85,430.66,-16.83,1
274896,42,67,87,746,2,17,0,25.53,1019.03,24.75,430.66,-16.74,1
275892,43,67,88,745,2,17,0,25.53,1019.02,24.66,432.32,-16.74,1
276888,43,67,88,746,2,16,0,25.53,1019.02,24.59,432.04,-16.74,1
277884,42,67,87,746,2,17,0,25.53,1019.02,24.51,434.28,-16.74,1
278880,43,67,88,746,2,17,0,25.53,1019.02,24.41,432.04,-16.74,1
279876,42,67,87,746,2,17,0,25.53,1019.02,24.33,436.25,-16.74,1
280872,42,67,87,745,2,17,0,25.53,1019.02,24.25,433.72,-16.66,1
281868,43,67,87,745,2,16,0,25.53,1019.01,24.20,439.68,-16.74,1
282864,43,67,87,746,1,16,0,25.53,1019.02,24.15,434.28,-16.74,1
283860,43,67,88,746,2,16,0,25.53,1019.02,24.12,438.82,-16.74,1
284856,42,67,87,746,1,17,0,25.53,1019.02,24.09,438.24,-16.74,1
285852,43,67,88,746,2,17,0,25.53,1019.02,24.05,442.28,-16.74,1
286848,43,67,87,747,2,17,0,25.53,1019.02,24.06,440.54,-16.74,1
287844,43,67,88,747,1,18,0,25.53,1019.02,24.08,439.68,-16.83,1
288840,43,67,88,748,1,18,0,25.53,1019.03,24.15,437.10,-16.83,1
289836,43,67,88,748,1,17,0,25.53,1019.03,24.21,439.68,-16.83,1
290832,43,67,88,748,2,18,0,25.53,1019.03,24.30,438.82,-16.83,1
291828,43,67,89,748,1,18,0,25.53,1019.03,24.39,434.84,-16.83,1
292824,43,67,89,748,2,18,0,25.53,1019.03,24.48,433.44,-16.74,1
293820,44,67,88,747,2,18,0,25.53,1019.02,24.55,434.84,-16.74,1
294816,43,67,88,747,2,18,0,25.53,1019.02,24.60,435.69,-16.74,1
295812,43,67,88,748,1,18,0,25.53,1019.02,24.62,435.40,-16.83,1
296808,43,68,88,747,2,18,0,25.53,1019.03,24.63,436.82,-16.74,1
297804,43,67,89,748,2,18,0,25.53,1019.02,24.61,434.56,-16.74,1
298800,43,67,89,748,1,18,0,25.53,1019.02,24.59,436.25,-16.66,1
299796,43,67,89,748,2,18,0,25.53,1019.01,24.54,433.44,-16.66,1
300792,44,67,88,748,2,19,0,25.53,1019.01,24.54,437.39,-16.66,1
301788,44,67,88,747,1,18,0,25.53,1019.01,24.55,432.88,-16.66,1
302784,43,67,88,747,1,18,0,25.53,1019.01,24.56,436.25,-16.83,1
303780,43,67,88,748,1,17,0,25.53,1019.03,24.61,433.72,-16.83,1
304776,44,67,88,748,2,17,0,25.53,1019.03,24.64,432.32,-16.74,1
305772,44,67,89,748,1,16,0,25.53,1019.02,24.70,433.44,-16.74,1
306768,44,67,89,748,2,16,0,25.53,1019.02,24.73,430.11,-16.74,1
307764,44,67,88,748,2,16,0,25.53,1019.02,24.78,430.93,-16.74,1
308760,44,67,89,748,1,15,0,25.53,1019.02,24.77,430.38,-16.74,1
309756,44,68,89,748,1,15,0,25.53,1019.02,24.74,432.04,-16.83,1
310752,44,67,88,747,2,16,0,25.53,1019.03,24.70,433.44,-16.91,1
311748,43,67,89,748,1,17,0,25.53,1019.04,24.65,432.32,-16.91,1
312744,44,67,88,748,2,16,0,25.53,1019.04,24.63,432.88,-16.91,1
313740,43,67,88,748,1,15,0,25.53,1019.04,24.62,430.38,-16.83,1
314736,44,68,88,747,1,16,0,25.53,1019.03,24.63,432.32,-16.91,1
315732,43,68,88,747,2,16,0,25.53,1019.04,24.64,429.28,-16.91,1
316728,43,67,88,746,2,17,0,25.53,1019.04,24.63,430.66,-16.83,1
317724,43,67,87,746,2,16,0,25.53,1019.03,24.62,434.28,-16.83,1
318720,44,67,88,746,1,16,0,25.53,1019.03,24.62,431.21,-16.91,1
319716,43,67,88,746,1,17,0,25.53,1019.04,24.62,430.93,-16.91,1
320712,44,67,88,747,2,16,0,25.53,1019.04,24.63,430.11,-16.91,1
321708,44,67,88,746,1,16,0,25.53,1019.04,24.67,431.49,-16.91,1
322704,43,67,88,745,2,17,0,25.53,1019.04,24.70,429.28,-16.91,1
323700,44,67,88,746,1,16,0,25.53,1019.04,24.75,428.19,-16.91,1
324696,44,67,88,746,2,16,0,25.53,1019.04,24.79,427.64,-16.91,1
325692,44,67,88,745,1,16,0,25.53,1019.04,24.83,431.21,-16.91,1
326688,44,67,88,745,1,15,0,25.53,1019.04,24.81,428.19,-16.91,1
327684,43,68,88,746,1,16,0,25.53,1019.04,24.79,426.02,-16.91,1
328680,44,67,88,745,1,16,0,25.53,1019.04,24.78,430.38,-16.91,1
329676,43,67,88,746,1,16,0,25.53,1019.04,24.77,429.83,-17.07,1
330672,43,67,87,745,2,16,0,25.53,1019.06,24.76,429.01,-16.99,1
331668,44,67,87,745,2,16,0,25.53,1019.05,24.75,429.01,-16.99,1
332664,43,67,88,744,2,16,0,25.53,1019.05,24.71,428.19,-16.99,1
333660,44,67,88,745,2,17,0,25.53,1019.05,24.69,432.32,-17.07,1
334656,43,67,88,746,2,17,0,25.53,1019.06,24.65,430.38,-16.99,1
335652,43,68,88,746,1,15,0,25.53,1019.05,24.59,431.49,-16.99,1
336648,43,67,88,745,1,16,0,25.53,1019.05,24.51,432.04,-16.99,1
337644,44,67,88,746,1,16,0,25.53,1019.05,24.45,433.72,-16.99,1
338640,44,67,88,746,2,16,0,25.53,1019.05,24.38,433.44,-16.99,1
339636,44,67,88,746,2,16,0,25.53,1019.05,24.33,433.72,-16.99,1
340632,44,67,88,746,1,16,0,25.53,1019.05,24.30,433.16,-16.91,1
341628,44,67,88,747,2,16,0,25.53,1019.04,24.29,435.12,-16.91,1
342624,44,67,88,747,2,17,0,25.53,1019.04,24.30,433.44,-16.99,1
343620,44,67,89,747,1,17,0,25.53,1019.05,24.35,431.49,-16.91,1
344616,44,67,89,747,1,16,0,25.53,1019.04,24.40,431.49,-16.99,1
345612,43,67,89,747,2,17,0,25.53,1019.05,24.45,434.56,-16.99,1
346608,44,67,88,748,1,15,0,25.53,1019.05,24.50,432.32,-16.99,1
347604,43,67,89,748,2,16,0,25.53,1019.05,24.55,430.38,-16.99,1
348600,44,68,89,748,2,16,0,25.53,1019.05,24.59,432.60,-16.91,1
349596,44,67,89,748,1,14,0,25.53,1019.04,24.62,434.00,-16.91,1
350592,44,67,89,748,1,15,0,25.53,1019.04,24.62,429.83,-16.91,1
351588,44,68,90,749,2,16,0,25.53,1019.04,24.62,433.44,-16.91,1
352584,43,67,89,748,1,16,0,25.53,1019.04,24.63,430.66,-16.99,1
353580,44,68,89,748,2,17,0,25.53,1019.05,24.63,429.56,-16.99,1
354576,44,68,88,748,1,17,0,25.53,1019.05,24.65,427.37,-16.99,1
355572,44,67,89,748,1,16,0,25.53,1019.05,24.68,428.74,-17.07,1
356568,44,68,88,747,2,17,0,25.53,1019.06,24.71,429.83,-17.07,1
357564,43,68,89,748,1,16,0,25.53,1019.06,24.76,428.19,-17.07,1
358560,44,67,88,747,1,15,0,25.53,1019.06,24.78,429.83,-17.24,1
359556,44,67,88,747,1,16,0,25.53,1019.08,24.82,429.28,-17.16,1
360552,44,67,88,747,2,17,0,25.53,1019.07,24.87,427.92,-17.24,1
361548,43,67,88,746,2,16,0,25.53,1019.08,24.90,426.02,-17.24,1
362544,44,68,89,747,1,15,0,25.53,1019.08,24.94,424.40,-17.24,1
363540,44,67,89,747,2,16,0,25.53,1019.08,24.98,422.53,-17.16,1
364536,44,67,89,747,2,16,0,25.53,1019.07,25.01,428.19,-17.16,1
365532,43,67,89,747,2,16,0,25.53,1019.07,24.99,428.74,-17.16,1
366528,43,67,89,746,2,15,0,25.53,1019.07,24.96,426.29,-17.16,1
367524,43,67,89,747,1,15,0,25.53,1019.07,24.89,426.02,-17.16,1
368520,43,67,89,747,1,16,0,25.53,1019.07,24.86,427.64,-17.16,1
369516,44,67,89,746,1,16,0,25.53,1019.07,24.84,424.40,-17.16,1
370512,44,67,88,746,1,15,0,25.54,1019.07,24.85,424.67,-17.24,1
371508,43,67,88,746,1,16,0,25.54,1019.08,24.87,426.56,-17.24,1
372504,43,67,89,746,1,16,0,25.54,1019.08,24.90,423.60,-17.24,1
373500,43,67,89,746,2,16,0,25.54,1019.08,24.93,424.13,-17.24,1
374496,43,67,88,747,2,16,0,25.54,1019.08,24.96,424.94,-17.16,1
375492,44,67,88,747,2,17,0,25.54,1019.07,24.96,424.13,-17.16,1
376488,44,68,89,747,2,16,0,25.54,1019.07,24.93,422.00,-17.24,1
377484,43,68,89,747,2,17,0,25.53,1019.08,24.87,423.06,-17.16,1
378480,44,68,89,746,2,16,0,25.54,1019.07,24.83,426.29,-17.16,1
379476,44,68,89,747,2,16,0,25.53,1019.07,24.79,425.48,-17.16,1
380472,44,67,89,747,2,17,0,25.53,1019.07,24.78,426.02,-17.16,1
381468,44,68,88,746,1,16,0,25.53,1019.07,24.78,424.94,-17.16,1
382464,44,67,89,747,2,16,0,25.53,1019.07,24.78,423.87,-17.16,1
383460,44,67,89,747,2,15,0,25.53,1019.07,24.75,427.92,-17.16,1
384456,44,67,89,747,2,16,0,25.53,1019.07,24.72,427.10,-17.16,1
385452,44,67,89,747,2,17,0,25.53,1019.07,24.70,427.37,-17.16,1
386448,43,68,89,747,1,17,0,25.53,1019.07,24.65,427.10,-17.24,1
387444,43,67,89,747,2,17,0,25.53,1019.08,24.62,427.10,-17.24,1
388440,44,67,89,747,2,17,0,25.53,1019.08,24.58,428.19,-17.32,1
389436,44,68,88,747,2,16,0,25.53,1019.09,24.56,428.46,-17.24,1
390432,43,67,88,746,2,17,0,25.53,1019.08,24.55,428.74,-17.24,1
391428,43,67,89,746,2,17,0,25.53,1019.08,24.56,427.10,-17.16,1
392424,44,68,89,746,2,16,0,25.53,1019.07,24.56,429.28,-17.16,1
393420,44,67,89,746,2,17,0,25.53,1019.07,24.54,429.01,-17.24,1
394416,43,67,89,746,2,16,0,25.53,1019.08,24.50,427.37,-17.24,1
395412,43,68,89,746,2,17,0,25.53,1019.08,24.49,428.46,-17.24,1
396408,44,68,88,746,2,17,0,25.53,1019.08,24.49,429.56,-17.16,1
397404,43,68,89,746,2,16,0,25.53,1019.07,24.50,430.38,-17.24,1
398400,44,68,88,747,2,17,0,25.53,1019.08,24.55,428.19,-17.16,1
399396,44,68,89,745,2,17,0,25.53,1019.07,24.61,429.56,-17.16,1
400392,44,67,88,746,1,17,0,25.53,1019.07,24.64,429.28,-17.16,1
401388,44,67,89,746,2,16,0,25.53,1019.07,24.66,428.74,-17.24,1
402384,44,68,89,747,2,16,0,25.53,1019.08,24.63,427.10,-17.24,1
403380,44,68,89,747,1,16,0,25.53,1019.08,24.64,427.10,-17.24,1
404376,44,68,89,747,2,15,0,25.53,1019.08,24.68,424.94,-17.24,1
405372,43,68,89,747,2,16,0,25.53,1019.08,24.72,425.48,-17.16,1
406368,43,67,90,748,2,16,0,25.53,1019.07,24.78,424.67,-17.24,1
407364,43,67,90,748,2,16,0,25.53,1019.08,24.84,429.83,-17.24,1
408360,44,68,89,748,1,16,0,25.53,1019.08,24.89,427.10,-17.32,1
409356,44,67,90,747,2,16,0,25.53,1019.09,24.95,423.33,-17.24,1
410352,44,68,89,747,2,16,0,25.53,1019.08,25.02,424.40,-17.32,1
411348,44,68,89,748,2,16,0,25.54,1019.09,25.09,418.85,-17.24,1
412344,44,68,90,747,2,16,0,25.54,1019.08,25.13,419.37,-17.24,1
