timestamp,NO2,C2H50H,VOC,CO,Alcohol,LPG,Benzene,Temperature,Pressure,Humidity,Gas_Resistance,Altitude,State4,25,0,24.75,1010.32,46.47,244.59,55.56,1
511944,28,63,60,756,4,25,0,24.75,1010.32,46.49,243.51,55.56,1
512940,28,64,61,756,5,25,0,24.75,1010.32,46.49,243.33,55.47,1
513936,28,64,61,756,4,25,0,24.75,1010.33,46.50,242.97,55.47,1
514932,28,64,61,756,4,24,0,24.75,1010.33,46.49,244.05,55.56,1
515928,28,64,61,756,4,24,0,24.75,1010.32,46.50,244.41,55.56,1
516924,28,64,61,756,4,24,0,24.75,1010.32,46.52,243.87,55.47,1
517920,28,64,60,756,5,25,0,24.75,1010.33,46.52,244.59,55.47,1
518916,28,64,61,756,4,24,0,24.75,1010.33,46.53,244.23,55.47,1
519912,28,64,61,756,4,25,0,24.75,1010.33,46.53,244.95,55.47,1
520908,28,64,61,756,4,25,0,24.75,1010.33,46.53,243.87,55.47,1
521904,28,64,61,756,4,25,0,24.75,1010.33,46.53,244.23,55.47,1
522900,28,64,61,756,4,25,0,24.75,1010.33,46.55,243.87,55.47,1
523896,28,64,61,756,4,25,0,24.75,1010.33,46.55,245.31,55.47,1
524892,28,64,61,756,4,25,0,24.75,1010.33,46.55,243.51,55.47,1
525888,28,64,61,755,4,25,0,24.76,1010.33,46.56,243.33,55.47,1
526884,28,64,61,756,4,28,0,24.76,1010.33,46.55,243.33,55.47,1
527880,28,64,61,755,4,25,0,24.76,1010.33,46.55,243.69,55.47,1
528876,28,64,61,756,4,24,0,24.76,1010.33,46.56,243.87,55.39,1
529872,28,63,61,756,4,25,0,24.76,1010.34,46.56,243.51,55.47,1
530868,28,64,61,757,4,25,0,24.76,1010.33,46.54,243.15,55.47,1
531864,28,64,61,756,4,25,0,24.76,1010.33,46.55,243.15,55.47,1
532860,28,64,61,756,4,25,0,24.76,1010.33,46.56,241.20,55.47,1
533856,28,64,62,756,4,25,0,24.76,1010.33,46.55,242.43,55.47,1
534852,28,64,61,757,4,25,0,24.76,1010.33,46.56,243.15,55.47,1
535848,28,64,61,757,4,25,0,24.76,1010.33,46.57,243.51,55.47,1
536844,29,64,61,757,4,25,0,24.76,1010.33,46.57,241.73,55.39,1
537840,28,64,61,756,4,25,0,24.76,1010.34,46.57,243.33,55.39,1
538836,28,64,62,757,4,25,0,24.76,1010.34,46.55,243.33,55.39,1
539832,29,63,62,757,4,23,0,24.76,1010.34,46.57,242.79,55.39,1
540828,29,63,62,757,4,25,0,24.76,1010.34,46.57,241.02,55.47,1
541824,29,64,62,757,4,25,0,24.76,1010.33,46.57,242.61,55.56,1
542820,29,64,61,757,4,25,0,24.76,1010.32,46.58,241.37,55.56,1
543816,29,64,62,757,4,25,0,24.76,1010.32,46.57,240.50,55.47,1
544812,28,64,62,757,4,25,0,24.76,1010.33,46.58,241.90,55.56,1
545808,29,64,62,758,4,25,0,24.76,1010.32,46.58,241.02,55.56,1
546804,29,64,62,758,4,25,0,24.77,1010.32,46.56,240.32,55.47,1
547800,29,64,62,758,4,25,0,24.77,1010.33,46.58,240.67,55.56,1
548796,29,64,62,758,4,24,0,24.77,1010.32,46.57,239.10,55.56,1
549792,29,64,62,759,4,24,0,24.77,1010.32,46.57,240.67,55.56,1
550788,29,64,63,758,4,25,0,24.77,1010.32,46.59,239.97,55.56,1
551784,29,64,62,758,4,25,0,24.77,1010.32,46.56,239.28,55.56,1
552780,29,64,63,758,4,28,0,24.77,1010.32,46.56,239.62,55.47,1
553776,29,64,62,758,4,24,0,24.77,1010.33,46.57,240.50,55.47,1
554772,29,64,63,759,4,25,0,24.77,1010.33,46.56,239.97,55.47,1
555768,30,64,63,759,4,25,0,24.77,1010.33,46.56,240.67,55.39,1
556764,29,64,62,759,4,25,0,24.77,1010.34,46.57,239.97,55.39,1
557760,29,64,63,759,4,25,0,24.77,1010.34,46.57,239.45,55.31,1
558756,29,64,63,759,5,25,0,24.77,1010.35,46.58,239.28,55.39,1
559752,29,64,63,759,4,25,0,24.77,1010.34,46.58,239.28,55.39,1
560748,29,64,63,760,4,25,0,24.77,1010.34,46.57,238.41,55.39,1
561744,30,64,63,760,4,25,0,24.77,1010.34,46.57,239.10,55.47,1
562740,29,64,63,759,4,25,0,24.78,1010.33,46.58,237.39,55.47,1
563736,30,65,63,760,5,26,0,24.78,1010.33,46.58,238.59,55.47,1
564732,30,64,63,760,4,25,0,24.78,1010.33,46.57,239.80,55.47,1
565728,30,64,63,760,4,26,0,24.78,1010.33,46.58,238.93,55.47,1
566724,30,65,63,760,4,25,0,24.78,1010.33,46.57,239.28,55.47,1
567720,29,64,64,760,4,25,0,24.78,1010.33,46.57,238.24,55.47,1
568716,30,64,63,760,4,25,0,24.78,1010.33,46.58,236.71,55.47,1
569712,30,65,63,760,4,26,0,24.78,1010.33,46.57,237.22,55.47,1
570708,30,64,64,761,4,25,0,24.78,1010.33,46.57,238.24,55.47,1
571704,30,65,64,762,5,25,0,24.78,1010.33,46.56,236.20,55.47,1
572700,30,64,64,762,4,25,0,24.78,1010.33,46.59,236.54,55.47,1
573696,30,64,64,762,4,26,0,24.78,1010.33,46.57,237.73,55.39,1
574692,31,65,64,762,4,25,0,24.78,1010.34,46.57,236.88,55.39,1
575688,30,64,64,762,5,25,0,24.78,1010.34,46.56,236.20,55.39,1
576684,30,64,65,763,4,26,0,24.78,1010.34,46.56,235.53,55.47,1
577680,31,64,64,762,4,25,0,24.78,1010.33,46.58,235.53,55.39,1
578676,30,64,64,762,4,26,0,24.78,1010.34,46.57,237.05,55.39,1
579672,31,65,65,763,4,26,0,24.78,1010.34,46.57,237.05,55.39,1
580668,30,65,65,763,6,26,0,24.78,1010.34,46.56,234.52,55.31,1
581664,31,64,65,763,5,26,0,24.78,1010.35,46.57,235.19,55.31,1
582660,31,64,65,763,4,26,0,24.78,1010.35,46.57,234.52,55.39,1
583656,31,65,65,763,4,25,0,24.79,1010.34,46.58,234.86,55.39,1
584652,31,65,65,764,4,26,0,24.79,1010.34,46.58,236.54,55.31,1
585648,31,64,65,764,4,25,0,24.79,1010.35,46.58,234.52,55.31,1
586644,31,65,66,764,4,26,0,24.79,1010.35,46.58,233.69,55.39,1
587640,31,65,66,764,5,26,0,24.79,1010.34,46.58,235.19,55.31,1
588636,31,65,66,765,4,24,0,24.79,1010.35,46.56,235.36,55.31,1
589632,31,65,66,765,4,26,0,24.79,1010.35,46.57,234.86,55.23,1
590628,31,65,66,765,4,26,0,24.79,1010.36,46.57,234.86,55.31,1
591624,32,64,66,766,4,29,0,24.79,1010.35,46.57,235.86,55.23,1
592620,31,65,66,765,4,26,0,24.79,1010.36,46.57,234.86,55.23,1
593616,32,65,66,766,5,26,0,24.79,1010.36,46.57,234.19,55.14,1
594612,32,65,67,766,4,26,0,24.79,1010.37,46.58,234.19,55.23,1
595608,31,65,67,767,4,26,0,24.79,1010.36,46.57,233.04,55.23,1
596604,32,65,67,767,4,26,0,24.79,1010.36,46.57,234.52,55.23,1
597600,32,65,67,767,4,26,0,24.79,1010.36,46.56,233.20,55.14,1
598596,32,65,68,768,4,26,0,24.79,1010.37,46.56,232.22,55.14,1
599592,32,65,67,768,4,26,0,24.79,1010.37,46.58,232.38,55.14,1
0,32,65,69,769,4,26,0,24.79,1010.37,46.56,233.20,55.14,1
996,33,65,69,769,5,27,0,24.73,1010.37,46.70,227.90,55.14,1
1992,33,65,68,770,4,25,0,24.72,1010.37,46.78,228.68,55.14,1
2988,33,65,69,770,4,26,0,24.72,1010.37,46.82,228.05,55.14,1
3984,33,65,69,770,4,26,0,24.73,1010.37,46.81,227.58,55.14,1
4980,33,65,70,771,4,26,0,24.74,1010.37,46.80,228.21,55.23,1
5976,34,66,70,771,4,26,0,24.74,1010.36,46.79,227.74,55.14,1
6972,34,65,71,772,4,26,0,24.75,1010.37,46.79,227.42,55.14,1
7968,33,65,71,771,4,26,0,24.76,1010.37,46.76,229.48,55.06,1
8964,34,65,71,772,4,27,0,24.76,1010.38,46.76,228.21,55.06,1
9960,34,66,72,772,4,26,0,24.77,1010.38,46.75,228.05,55.06,1
10956,34,65,73,771,4,26,0,24.77,1010.38,46.75,230.60,54.97,1
11952,34,65,73,772,4,26,0,24.78,1010.39,46.75,229.96,55.06,1
12948,35,66,74,772,4,29,0,24.78,1010.38,46.74,229.32,54.97,1
13944,35,66,74,773,4,26,0,24.78,1010.39,46.74,227.74,55.06,1
14940,35,65,75,773,4,26,0,24.78,1010.38,46.73,229.80,54.97,1
15936,35,66,75,773,4,26,0,24.79,1010.39,46.72,228.68,54.97,1
16932,34,66,75,774,4,27,0,24.79,1010.39,46.71,229.00,54.97,1
17928,35,66,78,775,4,26,0,24.79,1010.39,46.72,227.74,54.97,1
18924,36,66,78,775,4,26,0,24.79,1010.39,46.72,227.74,54.97,1
19920,36,66,79,775,4,27,0,24.79,1010.39,46.72,229.16,54.97,1
20916,36,66,80,775,4,26,0,24.79,1010.39,46.70,228.68,54.89,1
21912,36,66,81,776,4,27,0,24.79,1010.40,46.72,229.16,54.97,1
22908,36,66,82,776,4,26,0,24.79,1010.39,46.69,228.68,54.97,1
23904,37,66,83,775,4,26,0,24.79,1010.39,46.70,229.00,54.97,1
24900,37,66,83,775,4,27,0,24.79,1010.39,46.69,227.74,54.97,1
25896,37,66,84,776,4,26,0,24.79,1010.39,46.70,228.84,54.97,1
26892,37,66,85,776,4,27,0,24.79,1010.39,46.69,229.00,55.06,1
27888,37,66,86,775,4,25,0,24.79,1010.38,46.69,228.68,54.97,1
28884,37,66,86,775,4,26,0,24.79,1010.39,46.69,228.84,54.97,1
29880,38,66,87,776,4,26,0,24.80,1010.39,46.67,227.11,54.89,1
30876,38,66,88,775,4,27,0,24.80,1010.40,46.69,228.37,54.89,1
31872,38,66,88,775,4,27,0,24.80,1010.40,46.68,229.00,54.89,1
32868,38,66,89,775,4,27,0,24.80,1010.40,46.69,228.37,54.81,1
33864,38,66,90,776,4,27,0,24.80,1010.41,46.69,226.96,54.89,1
34860,39,66,91,778,4,27,0,24.80,1010.40,46.69,227.42,54.97,1
35856,39,67,93,778,4,26,0,24.80,1010.39,46.69,226.96,54.89,1
36852,39,67,94,778,4,27,0,24.80,1010.40,46.68,227.74,54.89,1
37848,39,67,95,778,4,27,0,24.80,1010.40,46.69,228.05,54.89,1
38844,40,67,97,778,4,27,0,24.80,1010.40,46.68,226.18,54.89,1
39840,40,67,98,778,5,27,0,24.80,1010.40,46.68,228.05,54.81,1
40836,39,67,99,777,5,27,0,24.80,1010.41,46.68,226.33,54.81,1
41832,40,67,100,778,4,27,0,24.80,1010.41,46.67,226.03,54.81,1
42828,40,67,101,778,4,30,0,24.80,1010.41,46.67,225.72,54.89,1
43824,40,67,101,778,4,27,0,24.80,1010.40,46.67,227.11,55.06,1
44820,41,67,103,777,4,27,0,24.80,1010.38,46.68,226.49,55.06,1
45816,41,67,104,777,4,27,0,24.80,1010.38,46.67,225.41,55.14,1
46812,41,67,104,777,4,27,0,24.80,1010.37,46.68,226.80,55.23,1
47808,41,67,105,777,4,27,0,24.80,1010.36,46.66,225.87,55.14,1
48804,41,67,106,777,4,27,0,24.80,1010.37,46.66,224.95,55.23,1
49800,41,67,107,778,5,27,0,24.80,1010.36,46.66,226.03,55.23,1
50796,41,67,108,778,4,27,0,24.80,1010.36,46.66,225.25,55.23,1
51792,41,67,109,779,4,25,0,24.80,1010.36,46.67,224.34,55.31,1
52788,42,67,110,778,5,27,0,24.80,1010.35,46.67,225.25,55.31,1
53784,42,67,112,778,4,26,0,24.80,1010.35,46.66,225.56,55.31,1
54780,42,67,112,778,4,27,0,24.80,1010.35,46.67,224.64,55.31,1
55776,42,67,113,778,4,27,0,24.81,1010.35,46.67,226.33,55.31,1
56772,43,68,114,778,4,27,0,24.81,1010.35,46.67,225.41,55.31,1
57768,42,67,114,778,4,27,0,24.81,1010.35,46.67,224.64,55.23,1
58764,43,67,116,778,4,27,0,24.81,1010.36,46.68,224.34,55.23,1
59760,43,67,117,778,4,27,0,24.81,1010.36,46.67,225.25,55.31,1
60756,43,68,118,779,4,27,0,24.81,1010.35,46.66,223.73,55.31,1
61752,44,68,119,779,4,26,0,24.81,1010.35,46.66,224.79,55.31,1
62748,44,68,121,780,4,27,0,24.81,1010.35,46.66,223.58,55.31,1
63744,44,67,123,780,4,30,0,24.81,1010.35,46.65,224.19,55.31,1
64740,44,68,123,779,4,27,0,24.81,1010.35,46.66,224.19,55.31,1
65736,44,68,125,780,4,27,0,24.81,1010.35,46.66,223.43,55.23,1
66732,45,68,125,779,4,27,0,24.81,1010.36,46.66,223.73,55.23,1
67728,45,68,126,779,4,27,0,24.81,1010.36,46.67,223.43,55.14,1
68724,44,68,127,779,5,27,0,24.81,1010.37,46.65,223.43,55.14,1
69720,45,68,128,779,4,27,0,24.81,1010.37,46.67,224.49,55.06,1
70716,46,68,129,778,4,28,0,24.81,1010.38,46.68,223.13,55.06,1
71712,46,68,130,779,4,27,0,24.81,1010.38,46.67,223.73,55.06,1
72708,46,68,131,778,4,27,0,24.81,1010.38,46.68,222.38,55.06,1
73704,46,68,132,779,4,27,0,24.81,1010.38,46.68,222.98,55.14,1
74700,46,68,133,780,4,27,0,24.81,1010.37,46.67,223.43,55.06,1
75696,47,68,135,780,4,26,0,24.81,1010.38,46.67,223.73,55.14,1
76692,47,68,136,780,4,28,0,24.81,1010.37,46.68,221.93,55.14,1
77688,48,68,137,780,4,27,0,24.81,1010.37,46.66,222.38,55.14,1
78684,48,69,137,780,4,27,0,24.81,1010.37,46.68,222.23,55.23,1
79680,48,69,138,780,4,28,0,24.81,1010.36,46.68,222.68,55.23,1
80676,48,68,140,780,4,28,0,24.81,1010.36,46.67,222.53,55.14,1
81672,48,68,140,779,4,28,0,24.81,1010.37,46.67,221.63,55.14,1
82668,48,69,141,780,5,26,0,24.81,1010.37,46.68,220.89,55.14,1
83664,48,68,142,779,4,28,0,24.81,1010.37,46.67,221.04,55.14,1
84660,48,69,142,779,4,27,0,24.82,1010.37,46.68,221.93,55.06,1
85656,49,69,143,780,4,28,0,24.82,1010.38,46.66,220.45,55.06,1
86652,49,69,144,780,4,27,0,24.82,1010.38,46.66,220.74,55.14,1
87648,50,69,145,779,4,27,0,24.82,1010.37,46.68,219.86,55.06,1
88644,49,69,145,779,5,28,0,24.82,1010.38,46.66,220.45,55.06,1
89640,49,69,146,780,4,28,0,24.82,1010.38,46.68,219.86,55.06,1
90636,49,69,148,779,4,28,0,24.82,1010.38,46.67,218.99,55.06,1
91632,50,69,149,780,4,28,0,24.82,1010.38,46.68,218.99,55.06,1
92628,50,69,149,779,4,29,0,24.82,1010.38,46.67,219.28,55.06,1
93624,50,69,150,780,6,28,0,24.82,1010.38,46.68,218.99,55.06,1
94620,51,69,151,780,4,28,0,24.82,1010.38,46.68,220.01,55.14,1
95616,51,70,152,780,4,27,0,24.82,1010.37,46.70,219.13,55.14,1
96612,51,69,152,780,4,28,0,24.82,1010.37,46.70,217.98,55.06,1
97608,51,69,153,781,5,28,0,24.82,1010.38,46.70,218.41,54.97,1
98604,52,69,154,780,4,28,0,24.82,1010.39,46.70,218.70,55.06,1
99600,52,69,154,779,5,28,0,24.82,1010.38,46.70,219.28,55.06,1
100596,52,70,155,780,4,28,0,24.82,1010.38,46.68,218.41,54.97,1
101592,52,70,156,780,4,31,0,24.82,1010.39,46.70,217.69,55.06,1
102588,52,70,156,780,4,28,0,24.82,1010.38,46.70,218.70,55.14,1
103584,52,70,157,779,5,28,0,24.82,1010.37,46.70,217.55,55.06,1
104580,52,70,158,780,4,28,0,24.82,1010.38,46.71,218.26,55.06,1
105576,53,70,158,780,4,28,0,24.82,1010.38,46.71,218.70,55.06,1
106572,53,70,159,779,4,28,0,24.82,1010.38,46.72,218.55,55.06,1
107568,53,70,160,779,4,28,0,24.82,1010.38,46.71,217.55,55.14,1
108564,54,69,160,779,4,28,0,24.82,1010.37,46.73,217.26,55.06,1
109560,53,70,161,780,4,28,0,24.82,1010.38,46.72,216.97,55.14,1
110556,54,70,161,779,4,28,0,24.82,1010.37,46.73,217.26,55.14,1
111552,54,70,162,779,4,30,0,24.82,1010.37,46.72,215.98,55.23,1
112548,54,70,162,780,4,28,0,24.82,1010.36,46.72,215.70,55.14,1
113544,54,70,163,779,4,28,0,24.82,1010.37,46.71,216.97,55.23,1
114540,55,70,163,779,5,28,0,24.82,1010.36,46.73,215.42,55.23,1
115536,55,70,163,779,4,28,0,24.82,1010.36,46.71,216.83,55.14,1
116532,55,70,164,779,5,28,0,24.82,1010.37,46.71,216.69,55.14,1
117528,56,70,164,779,4,28,0,24.82,1010.37,46.73,215.98,55.14,1
118524,55,70,165,780,4,28,0,24.83,1010.37,46.74,215.84,55.14,1
119520,55,70,166,780,4,28,0,24.83,1010.37,46.71,216.27,55.14,1
120516,56,71,167,780,4,26,0,24.83,1010.37,46.73,215.28,55.14,1
121512,56,70,168,781,4,28,0,24.83,1010.37,46.74,215.14,55.06,1
122508,56,70,168,781,4,28,0,24.83,1010.38,46.75,215.14,55.06,1
123504,57,70,169,781,4,28,0,24.83,1010.38,46.73,214.72,55.14,1
124500,56,71,169,781,4,28,0,24.83,1010.37,46.74,214.72,55.06,1
125496,57,70,170,780,4,28,0,24.83,1010.38,46.73,214.86,55.14,1
126492,57,70,171,781,4,28,0,24.83,1010.37,46.73,215.28,55.06,1
127488,58,70,171,781,4,28,0,24.83,1010.38,46.74,213.75,55.06,1
128484,58,70,171,780,4,28,0,24.83,1010.38,46.73,214.44,55.14,1
129480,58,71,172,780,4,28,0,24.83,1010.37,46.73,214.44,55.14,1
130476,58,71,172,780,4,31,0,24.83,1010.37,46.72,213.20,55.23,1
131472,58,71,173,780,4,28,0,24.83,1010.36,46.72,212.92,55.23,1
132468,58,71,173,779,4,32,0,24.83,1010.36,46.72,212.78,55.23,1
133464,59,71,174,779,4,28,0,24.83,1010.36,46.70,213.47,55.23,1
134460,58,71,174,780,4,28,0,24.83,1010.36,46.71,212.51,55.31,1
135456,59,71,174,779,4,28,0,24.83,1010.35,46.71,212.92,55.23,1
136452,59,71,175,779,4,28,0,24.83,1010.36,46.71,213.20,55.23,1
137448,58,71,175,779,5,28,0,24.83,1010.36,46.70,212.51,55.31,1
138444,59,71,175,778,4,28,0,24.83,1010.35,46.71,210.62,55.31,1
139440,59,71,175,779,4,29,0,24.84,1010.35,46.70,212.10,55.31,1
140436,59,71,175,779,4,28,0,24.84,1010.35,46.70,210.48,55.31,1
141432,59,71,175,777,4,28,0,24.84,1010.35,46.70,210.35,55.31,1
142428,59,71,175,778,4,28,0,24.84,1010.35,46.70,211.15,55.39,1
143424,59,71,176,778,4,29,0,24.84,1010.34,46.70,210.62,55.39,1
144420,59,71,175,778,4,28,0,24.84,1010.34,46.70,210.35,55.31,1
145416,60,72,176,778,4,29,0,24.84,1010.35,46.70,211.29,55.31,1
146412,60,71,176,777,4,28,0,24.84,1010.35,46.70,209.28,55.39,1
147408,60,72,176,777,4,28,0,24.84,1010.34,46.70,209.55,55.31,1
148404,60,71,176,777,4,30,0,24.84,1010.35,46.69,209.95,55.31,1
149400,60,71,176,778,4,29,0,24.84,1010.35,46.70,208.89,55.31,1
150396,61,72,176,778,4,28,0,24.84,1010.35,46.69,210.08,55.23,1
151392,61,72,177,778,4,26,0,24.84,1010.36,46.70,210.08,55.31,1
152388,61,71,176,779,4,28,0,24.84,1010.35,46.70,207.97,55.23,1
153384,61,72,176,779,4,29,0,24.85,1010.36,46.71,209.81,55.23,1
154380,61,71,177,779,4,28,0,24.84,1010.36,46.73,208.89,55.23,1
155376,62,71,178,780,4,29,0,24.84,1010.36,46.73,208.23,55.23,1
156372,61,72,178,779,4,28,0,24.84,1010.36,46.73,208.75,55.31,1
157368,62,72,179,780,4,28,0,24.85,1010.35,46.74,209.02,55.31,1
158364,62,72,179,779,4,28,0,24.85,1010.35,46.76,209.41,55.23,1
159360,62,72,179,779,4,28,0,24.85,1010.36,46.77,208.49,55.23,1
160356,62,72,180,780,4,28,0,24.85,1010.36,46.77,209.15,55.31,1
161352,63,72,180,781,4,29,0,24.85,1010.35,46.77,208.89,55.31,1
162348,63,72,181,781,4,29,0,24.85,1010.35,46.78,208.23,55.23,1
163344,62,72,182,781,4,31,0,24.85,1010.36,46.78,208.89,55.31,1
164340,63,72,182,781,4,28,0,24.85,1010.35,46.79,208.89,55.23,1
165336,63,72,183,780,4,28,0,24.85,1010.36,46.78,208.36,55.31,1
166332,63,72,183,780,4,29,0,24.85,1010.35,46.78,207.57,55.23,1
167328,63,72,184,781,4,29,0,24.85,1010.36,46.78,206.67,55.23,1
168324,64,73,185,781,5,29,0,24.85,1010.36,46.79,206.93,55.23,1
169320,64,72,185,782,4,29,0,24.85,1010.36,46.80,207.97,55.31,1
170316,65,73,186,782,4,29,0,24.85,1010.35,46.79,207.44,55.23,1
171312,65,73,186,782,4,29,0,24.85,1010.36,46.79,206.67,55.23,1
172308,65,73,187,781,4,29,0,24.85,1010.36,46.79,207.57,55.31,1
173304,66,73,188,781,4,29,0,24.85,1010.35,46.81,206.15,55.23,1
174300,66,73,188,782,4,28,0,24.85,1010.36,46.80,206.28,55.14,1
175296,66,73,189,782,4,29,0,24.85,1010.37,46.80,206.67,55.23,1
176292,66,73,190,782,4,29,0,24.85,1010.36,46.79,206.67,55.23,1
177288,66,72,191,782,4,28,0,24.85,1010.36,46.80,206.15,55.23,1
178284,66,73,192,783,4,29,0,24.85,1010.36,46.81,205.89,55.23,1
179280,67,73,193,783,4,30,0,24.85,1010.36,46.82,206.28,55.23,1
180276,67,73,194,784,4,29,0,24.85,1010.36,46.82,205.89,55.23,1
181272,68,73,196,784,4,29,0,24.85,1010.36,46.82,206.93,55.23,1
182268,68,73,196,783,4,29,0,24.85,1010.36,46.83,205.64,55.23,1
183264,68,73,198,783,4,29,0,24.85,1010.36,46.82,205.25,55.23,1
184260,68,73,198,784,4,29,0,24.85,1010.36,46.83,206.15,55.23,1
185256,69,73,200,784,4,29,0,24.85,1010.36,46.83,206.02,55.23,1
186252,69,74,200,783,4,29,0,24.85,1010.36,46.84,205.89,55.23,1
187248,69,73,201,784,4,28,0,24.85,1010.36,46.84,206.28,55.14,1
188244,70,74,202,783,4,29,0,24.85,1010.37,46.85,205.13,55.23,1
189240,70,74,203,783,4,29,0,24.85,1010.36,46.83,206.02,55.31,1
190236,70,74,203,784,4,29,0,24.85,1010.35,46.83,205.25,55.31,1
191232,70,74,204,783,4,29,0,24.85,1010.35,46.84,205.00,55.31,1
192228,70,73,205,783,4,29,0,24.85,1010.35,46.82,204.11,55.31,1
193224,70,74,205,783,5,29,0,24.85,1010.35,46.82,204.87,55.39,1
194220,71,74,205,783,4,29,0,24.85,1010.34,46.83,204.62,55.39,1
195216,71,74,206,782,4,29,0,24.85,1010.34,46.83,204.37,55.31,1
196212,70,74,207,783,4,29,0,24.85,1010.35,46.83,204.11,55.31,1
197208,71,74,207,783,4,29,0,24.85,1010.35,46.84,203.86,55.31,1
198204,72,74,208,783,4,29,0,24.85,1010.35,46.85,203.99,55.23,1
199200,72,74,209,784,4,29,0,24.85,1010.36,46.85,203.99,55.23,1
200196,72,74,210,784,4,29,0,24.85,1010.36,46.85,203.86,55.31,1
201192,72,74,210,784,4,29,0,24.85,1010.35,46.86,203.74,55.23,1
202188,73,74,210,783,4,29,0,24.85,1010.36,46.86,202.49,55.23,1
203184,73,74,211,784,4,29,0,24.85,1010.36,46.86,202.24,55.23,1
204180,73,74,212,784,4,29,0,24.85,1010.36,46.86,202.86,55.31,1
205176,73,75,213,783,4,29,0,24.85,1010.35,46.87,202.49,55.31,1
206172,74,74,213,783,4,27,0,24.85,1010.35,46.87,203.36,55.31,1
207168,73,75,213,782,4,29,0,24.85,1010.35,46.87,202.37,55.31,1
208164,74,75,214,783,4,29,0,24.85,1010.35,46.89,202.49,55.31,1
209160,74,75,214,783,4,29,0,24.85,1010.35,46.88,203.61,55.31,1
210156,74,74,215,783,4,29,0,24.85,1010.35,46.89,202.99,55.31,1
211152,74,75,215,783,4,29,0,24.85,1010.35,46.89,202.61,55.23,1
212148,74,75,215,783,4,29,0,24.85,1010.36,46.89,202.86,55.31,1
213144,75,75,216,783,4,29,0,24.86,1010.35,46.89,202.37,55.23,1
214140,76,75,217,783,4,30,0,24.86,1010.36,46.88,201.62,55.23,1
215136,75,75,217,783,4,29,0,24.86,1010.36,46.88,202.86,55.31,1
216132,76,75,218,783,4,33,0,24.86,1010.35,46.89,202.12,55.31,1
217128,75,75,218,783,4,33,0,24.85,1010.35,46.88,202.24,55.39,1
218124,76,75,218,783,4,30,0,24.85,1010.34,46.88,201.87,55.39,1
219120,76,75,219,783,4,30,0,24.86,1010.34,46.89,202.24,55.31,1
220116,77,75,219,783,4,29,0,24.86,1010.35,46.89,202.37,55.39,1
221112,77,75,219,783,5,29,0,24.86,1010.34,46.90,202.12,55.39,1
222108,77,75,220,782,4,29,0,24.86,1010.34,46.90,200.77,55.39,1
223104,77,75,220,782,5,30,0,24.86,1010.34,46.91,201.62,55.47,1
224100,77,75,220,782,4,30,0,24.86,1010.33,46.90,201.50,55.39,1
225096,77,75,221,782,4,29,0,24.86,1010.34,46.91,201.13,55.39,1
226092,77,75,221,781,4,29,0,24.86,1010.34,46.93,201.26,55.47,1
227088,77,76,220,781,4,29,0,24.86,1010.33,46.91,201.62,55.39,1
228084,77,76,221,782,4,29,0,24.86,1010.34,46.92,201.26,55.39,1
229080,77,75,221,782,4,29,0,24.86,1010.34,46.94,201.38,55.39,1
230076,77,75,222,781,4,29,0,24.86,1010.34,46.94,201.50,55.39,1
231072,78,75,221,782,4,29,0,24.86,1010.34,46.93,201.13,55.39,1
232068,78,75,222,782,4,28,0,24.86,1010.34,46.93,200.65,55.39,1
233064,78,76,222,782,4,29,0,24.86,1010.34,46.94,199.68,55.31,1
234060,78,75,222,781,4,29,0,24.86,1010.35,46.93,200.04,55.31,1
235056,79,75,223,781,4,29,0,24.86,1010.35,46.94,200.89,55.31,1
236052,79,76,222,781,4,32,0,24.86,1010.35,46.94,201.01,55.31,1
237048,79,76,223,781,4,28,0,24.86,1010.35,46.93,200.40,55.31,1
238044,79,76,223,781,4,29,0,24.86,1010.35,46.94,200.89,55.39,1
239040,79,76,223,781,4,29,0,24.86,1010.34,46.92,200.40,55.39,1
240036,80,76,223,781,4,29,0,24.86,1010.34,46.92,200.52,55.39,1
241032,80,76,223,781,4,28,0,24.86,1010.34,46.92,199.92,55.31,1
242028,79,76,223,781,4,30,0,24.86,1010.35,46.89,200.77,55.31,1
243024,79,76,224,781,4,30,0,24.86,1010.35,46.91,199.43,55.31,1
244020,80,76,224,781,4,30,0,24.86,1010.35,46.90,198.48,55.31,1
245016,80,76,224,782,4,29,0,24.86,1010.35,46.91,199.31,55.31,1
246012,80,76,224,782,4,29,0,24.86,1010.35,46.90,199.19,55.31,1
247008,80,76,225,782,4,30,0,24.86,1010.35,46.89,198.95,55.31,1
248004,80,76,224,781,4,30,0,24.86,1010.35,46.89,198.24,55.31,1
249000,80,76,224,781,4,29,0,24.86,1010.35,46.89,198.00,55.39,1
249996,80,76,225,782,4,29,0,24.86,1010.34,46.90,198.36,55.39,1
250992,81,76,225,780,4,30,0,24.86,1010.34,46.91,198.60,55.39,1
251988,81,77,225,781,4,30,0,24.87,1010.34,46.92,198.95,55.39,1
252984,81,76,225,781,4,30,0,24.87,1010.34,46.92,198.24,55.47,1
253980,81,76,225,782,4,30,0,24.87,1010.33,46.92,199.19,55.39,1
254976,81,76,225,782,5,29,0,24.87,1010.34,46.93,198.71,55.47,1
255972,81,76,225,782,5,30,0,24.87,1010.33,46.93,198.48,55.39,1
256968,81,77,225,782,4,28,0,24.87,1010.34,46.92,197.76,55.31,1
257964,81,77,225,782,4,30,0,24.87,1010.35,46.92,197.65,55.39,1
258960,82,77,226,781,4,30,0,24.87,1010.34,46.90,196.47,55.31,1
259956,82,77,226,782,5,29,0,24.87,1010.35,46.90,197.17,55.39,1
260952,82,76,225,781,4,30,0,24.87,1010.34,46.89,197.29,55.39,1
261948,82,77,226,781,4,30,0,24.87,1010.34,46.89,197.76,55.31,1
262944,82,76,225,780,4,30,0,24.87,1010.35,46.89,197.29,55.39,1
263940,82,77,225,780,4,30,0,24.87,1010.34,46.89,196.59,55.47,1
264936,82,77,225,780,4,30,0,24.87,1010.33,46.90,197.06,55.39,1
265932,82,77,225,780,4,29,0,24.87,1010.34,46.90,196.00,55.47,1
266928,82,77,225,780,4,30,0,24.87,1010.33,46.91,196.59,55.47,1
267924,82,77,225,779,3,30,0,24.87,1010.33,46.92,195.89,55.47,1
268920,83,77,224,779,4,30,0,24.87,1010.33,46.91,196.12,55.56,1
269916,82,77,225,779,4,28,0,24.87,1010.32,46.94,196.12,55.56,1
270912,82,76,224,779,4,30,0,24.87,1010.32,46.93,195.43,55.47,1
271908,82,77,224,779,4,30,0,24.87,1010.33,46.92,196.24,55.47,1
272904,82,77,224,779,4,30,0,24.87,1010.33,46.94,196.94,55.47,1
273900,83,77,224,780,4,30,0,24.87,1010.33,46.94,195.54,55.56,1
274896,82,77,224,779,4,30,0,24.87,1010.32,46.94,195.31,55.56,1
275892,83,78,223,779,4,27,0,24.87,1010.32,46.95,196.35,55.47,1
276888,83,77,223,779,4,30,0,24.87,1010.33,46.95,197.29,55.47,1
277884,83,77,223,779,5,28,0,24.88,1010.33,46.95,194.74,55.47,1
278880,83,77,223,780,4,30,0,24.88,1010.33,46.95,195.31,55.47,1
279876,84,77,223,780,5,28,0,24.88,1010.33,46.95,195.54,55.39,1
280872,84,78,223,779,4,30,0,24.88,1010.34,46.95,195.19,55.47,1
281868,84,77,224,781,5,30,0,24.88,1010.33,46.95,194.74,55.47,1
282864,84,77,223,780,4,30,0,24.88,1010.33,46.92,195.43,55.47,1
283860,84,78,224,780,4,30,0,24.88,1010.33,46.94,195.31,55.47,1
284856,84,78,224,780,4,30,0,24.88,1010.33,46.93,195.19,55.47,1
285852,84,78,223,779,4,30,0,24.88,1010.33,46.94,195.89,55.47,1
286848,84,78,223,780,4,32,0,24.88,1010.33,46.93,194.74,55.47,1
287844,84,78,223,780,4,31,0,24.88,1010.33,46.94,194.28,55.47,1
288840,85,78,223,780,4,30,0,24.88,1010.33,46.92,194.51,55.39,1
289836,85,78,223,780,4,30,0,24.88,1010.34,46.92,194.62,55.39,1
290832,85,78,223,779,4,30,0,24.88,1010.34,46.93,194.51,55.39,1
291828,85,78,223,780,4,30,0,24.88,1010.34,46.94,194.05,55.39,1
292824,85,78,223,780,4,30,0,24.88,1010.34,46.92,194.74,55.39,1
293820,85,78,223,779,4,30,0,24.88,1010.34,46.93,194.16,55.47,1
294816,85,78,223,779,4,30,0,24.88,1010.33,46.94,193.82,55.47,1
295812,85,78,223,779,4,30,0,24.88,1010.33,46.94,192.92,55.39,1
296808,85,78,223,779,4,30,0,24.88,1010.34,46.94,193.82,55.47,1
297804,85,78,222,779,4,30,0,24.88,1010.33,46.93,193.82,55.47,1
298800,85,78,223,779,4,30,0,24.88,1010.33,46.93,193.14,55.47,1
299796,86,78,223,779,4,28,0,24.88,1010.33,46.92,192.02,55.47,1
300792,85,78,222,779,4,30,0,24.88,1010.33,46.93,192.47,55.56,1
301788,86,78,222,778,4,30,0,24.88,1010.32,46.94,191.69,55.64,1
302784,86,78,222,778,4,30,0,24.88,1010.31,46.94,193.48,55.64,1
303780,85,79,221,778,4,30,0,24.88,1010.31,46.94,193.14,55.64,1
304776,86,78,222,778,4,29,0,24.88,1010.31,46.94,192.24,55.64,1
305772,85,78,222,778,4,28,0,24.88,1010.31,46.94,192.13,55.56,1
306768,85,79,221,778,4,30,0,24.88,1010.32,46.94,194.51,55.64,1
307764,86,78,221,778,4,29,0,24.88,1010.31,46.95,191.13,55.64,1
308760,86,79,220,778,4,30,0,24.88,1010.31,46.94,192.69,55.64,1
309756,86,78,221,778,4,28,0,24.88,1010.31,46.92,192.47,55.73,1
310752,86,79,221,778,4,31,0,24.88,1010.30,46.94,192.80,55.64,1
311748,86,79,221,778,4,30,0,24.88,1010.31,46.95,191.91,55.64,1
312744,86,78,220,778,4,30,0,24.88,1010.31,46.94,193.25,55.73,1
313740,86,79,220,778,4,30,0,24.88,1010.30,46.94,192.13,55.73,1
314736,87,79,220,778,4,35,0,24.89,1010.30,46.95,193.03,55.64,1
315732,86,79,220,777,4,30,0,24.89,1010.31,46.94,191.24,55.64,1
316728,86,78,220,778,4,30,0,24.89,1010.31,46.93,192.02,55.73,1
317724,86,79,219,777,4,30,0,24.89,1010.30,46.96,192.47,55.64,1
318720,87,79,219,777,4,30,0,24.89,1010.31,46.94,191.91,55.56,1
319716,87,79,219,777,4,30,0,24.89,1010.32,46.94,190.80,55.56,1
320712,87,79,219,777,4,30,0,24.89,1010.32,46.95,191.91,55.56,1
321708,87,79,219,777,4,30,0,24.89,1010.32,46.94,191.13,55.56,1
322704,87,78,219,777,4,30,0,24.89,1010.32,46.95,191.46,55.56,1
323700,87,79,219,778,4,30,0,24.89,1010.32,46.94,191.24,55.64,1
324696,87,79,219,778,4,30,0,24.89,1010.31,46.96,191.02,55.64,1
325692,88,79,219,777,4,30,0,24.89,1010.31,46.95,190.47,55.64,1
326688,88,79,219,778,4,30,0,24.89,1010.31,46.94,191.13,55.73,1
327684,87,79,218,778,4,30,0,24.89,1010.30,46.94,190.14,55.64,1
328680,88,79,218,778,4,30,0,24.89,1010.31,46.93,191.35,55.64,1
329676,87,79,218,778,4,30,0,24.89,1010.31,46.93,189.81,55.64,1
330672,88,79,218,778,4,30,0,24.89,1010.31,46.93,190.47,55.56,1
331668,87,80,218,778,4,30,0,24.89,1010.32,46.94,191.24,55.64,1
332664,87,79,218,778,4,30,0,24.89,1010.31,46.93,189.81,55.64,1
333660,88,79,218,777,4,30,0,24.89,1010.31,46.94,190.91,55.73,1
334656,88,79,218,778,4,30,0,24.89,1010.30,46.94,190.25,55.73,1
335652,88,79,218,777,4,30,0,24.89,1010.30,46.94,190.80,55.73,1
336648,88,80,217,778,4,30,0,24.89,1010.30,46.93,190.69,55.81,1
337644,88,80,217,777,4,30,0,24.90,1010.29,46.93,190.47,55.81,1
338640,88,80,217,778,4,30,0,24.90,1010.29,46.94,190.25,55.81,1
339636,88,80,217,778,4,30,0,24.90,1010.29,46.94,190.03,55.81,1
340632,88,80,217,778,5,30,0,24.90,1010.29,46.94,190.14,55.81,1
341628,89,80,217,778,4,30,0,24.90,1010.29,46.94,190.36,55.73,1
342624,88,80,217,777,4,30,0,24.90,1010.30,46.93,189.71,55.73,1
343620,88,80,217,778,4,29,0,24.90,1010.30,46.95,189.27,55.73,1
344616,88,79,216,777,4,28,0,24.90,1010.30,46.93,189.49,55.73,1
345612,88,80,217,777,4,30,0,24.90,1010.30,46.93,189.81,55.64,1
346608,88,80,216,777,4,30,0,24.90,1010.31,46.93,189.81,55.73,1
347604,88,80,216,777,4,29,0,24.90,1010.30,46.93,188.84,55.73,1
348600,88,80,216,777,4,28,0,24.90,1010.30,46.94,189.38,55.73,1
349596,88,80,216,777,4,34,0,24.90,1010.30,46.93,188.95,55.73,1
350592,88,80,215,776,4,30,0,24.90,1010.30,46.93,189.81,55.81,1
351588,89,80,215,777,4,30,0,24.90,1010.29,46.93,188.73,55.81,1
352584,88,80,215,777,4,34,0,24.90,1010.29,46.94,189.49,55.81,1
353580,89,80,215,776,4,30,0,24.90,1010.29,46.94,189.71,55.89,1
354576,88,80,214,777,4,31,0,24.90,1010.28,46.94,189.71,55.89,1
355572,88,80,214,776,4,30,0,24.90,1010.28,46.94,187.34,55.89,1
356568,89,80,215,777,4,31,0,24.90,1010.28,46.96,189.60,55.89,1
357564,89,80,214,776,4,30,0,24.90,1010.28,46.96,189.27,55.89,1
358560,89,81,214,776,4,33,0,24.90,1010.28,46.94,188.30,55.98,1
359556,89,80,214,776,4,30,0,24.90,1010.27,46.94,189.16,55.98,1
360552,89,80,214,776,4,31,0,24.90,1010.27,46.94,189.38,55.98,1
361548,89,80,213,776,3,31,0,24.90,1010.27,46.96,188.09,55.98,1
362544,89,80,214,776,5,31,0,24.90,1010.27,46.95,187.98,55.98,1
363540,89,81,214,776,4,31,0,24.90,1010.27,46.93,188.09,55.98,1
364536,89,80,213,776,4,29,0,24.90,1010.27,46.95,188.95,56.06,1
365532,89,80,213,777,4,31,0,24.90,1010.26,46.94,188.19,56.06,1
366528,89,81,214,777,6,30,0,24.90,1010.26,46.94,188.19,56.14,1
367524,89,81,213,777,4,30,0,24.90,1010.25,46.96,187.98,56.06,1
368520,89,80,214,777,4,31,0,24.90,1010.26,46.93,188.09,56.06,1
369516,90,81,214,778,4,31,0,24.90,1010.26,46.95,188.09,56.06,1
370512,90,81,214,778,4,31,0,24.90,1010.26,46.93,187.87,56.06,1
371508,90,80,214,778,4,30,0,24.90,1010.26,46.93,187.87,56.06,1
372504,89,80,214,777,4,30,0,24.91,1010.26,46.92,187.77,55.98,1
373500,90,81,213,777,4,30,0,24.91,1010.27,46.92,185.87,55.98,1
374496,90,80,213,778,4,29,0,24.91,1010.27,46.92,187.24,55.98,1
375492,90,80,214,777,4,31,0,24.91,1010.27,46.91,186.28,56.06,1
376488,90,81,213,777,4,30,0,24.91,1010.26,46.91,187.13,56.14,1
377484,90,81,213,777,4,30,0,24.91,1010.25,46.93,186.50,56.14,1
378480,91,80,212,777,4,30,0,24.91,1010.25,46.92,185.87,56.06,1
379476,90,81,213,777,4,31,0,24.91,1010.26,46.92,186.60,56.06,1
380472,90,81,213,776,4,30,0,24.91,1010.26,46.93,187.45,56.06,1
381468,91,81,213,777,4,30,0,24.91,1010.26,46.93,186.39,56.06,1
382464,90,81,213,777,4,30,0,24.91,1010.26,46.93,188.19,56.06,1
383460,91,81,213,777,4,34,0,24.91,1010.26,46.92,186.39,56.06,1
384456,90,81,212,777,4,30,0,24.91,1010.26,46.92,186.60,56.06,1
385452,91,81,213,777,4,31,0,24.91,1010.26,46.93,185.76,56.14,1
386448,91,81,212,777,4,30,0,24.91,1010.25,46.92,185.66,56.14,1
387444,90,81,212,776,4,31,0,24.91,1010.25,46.93,185.87,56.06,1
388440,91,81,212,777,4,29,0,24.91,1010.26,46.93,185.87,56.06,1
389436,91,81,213,777,4,30,0,24.91,1010.26,46.93,185.76,56.14,1
390432,91,81,212,777,4,30,0,24.91,1010.25,46.94,185.76,56.06,1
391428,91,81,212,777,4,31,0,24.91,1010.26,46.94,187.01,56.06,1
392424,91,81,212,777,4,31,0,24.91,1010.26,46.94,185.14,55.98,1
393420,91,81,212,777,4,31,0,24.91,1010.27,46.93,185.76,55.98,1
394416,91,82,212,777,4,31,0,24.92,1010.27,46.93,185.66,56.14,1
395412,91,81,211,777,4,31,0,24.92,1010.25,46.93,187.01,56.06,1
396408,91,82,212,777,4,31,0,24.92,1010.26,46.92,185.34,56.14,1
397404,91,82,212,777,4,31,0,24.92,1010.25,46.93,186.81,56.06,1
398400,91,81,212,777,4,31,0,24.92,1010.26,46.93,185.55,56.06,1
399396,91,81,212,777,4,31,0,24.92,1010.26,46.93,186.39,56.06,1
400392,91,82,211,777,4,31,0,24.92,1010.26,46.93,187.01,56.14,1
401388,91,81,211,778,4,31,0,24.92,1010.25,46.93,186.18,56.06,1
402384,92,82,212,778,4,28,0,24.92,1010.26,46.94,185.16,56.14,1
403380,92,81,212,778,4,31,0,24.92,1010.25,46.93,186.60,56.14,1
404376,92,82,212,778,6,31,0,24.92,1010.25,46.95,185.98,56.14,1
405372,92,82,211,778,4,31,0,24.92,1010.25,46.95,185.77,56.14,1
406368,92,82,211,778,4,31,0,24.92,1010.25,46.95,185.98,56.14,1
407364,92,82,211,778,4,34,0,24.92,1010.25,46.95,185.57,56.14,1
408360,92,82,212,778,4,31,0,24.92,1010.25,46.95,185.36,56.14,1
409356,92,82,212,779,6,31,0,24.92,1010.25,46.94,185.16,56.06,1
410352,92,82,212,778,4,30,0,24.92,1010.26,46.95,185.77,56.14,1
411348,92,82,211,779,4,31,0,24.92,1010.25,46.97,185.57,56.06,1
412344,93,82,212,778,4,32,0,24.92,1010.26,46.96,185.16,56.06,1
413340,92,82,212,778,4,31,0,24.92,1010.26,46.95,184.96,56.06,1
414336,93,82,211,778,4,31,0,24.92,1010.26,46.95,186.81,56.06,1
415332,92,82,211,778,4,31,0,24.92,1010.26,46.97,184.96,56.14,1
416328,92,82,211,778,4,31,0,24.93,1010.25,46.96,185.16,56.06,1
417324,93,82,211,778,4,33,0,24.93,1010.26,46.97,185.77,56.14,1
418320,93,83,212,778,4,31,0,24.93,1010.25,46.97,185.36,56.14,1
419316,93,82,212,778,4,31,0,24.93,1010.25,46.97,185.16,56.14,1
420312,93,83,211,778,4,31,0,24.93,1010.25,46.98,184.75,56.23,1
421308,93,82,212,778,4,31,0,24.93,1010.24,46.97,185.36,56.23,1
422304,93,83,211,778,4,31,0,24.93,1010.24,46.95,185.36,56.23,1
423300,93,82,211,778,4,31,0,24.93,1010.24,46.97,185.57,56.23,1
424296,93,82,211,778,4,35,0,24.93,1010.24,46.96,185.77,56.23,1
425292,93,83,212,778,4,31,0,24.93,1010.24,46.95,184.96,56.23,1
426288,93,83,212,778,4,31,0,24.93,1010.24,46.94,184.96,56.23,1
427284,94,83,212,778,4,31,0,24.93,1010.24,46.94,184.55,56.23,1
428280,93,83,211,778,4,31,0,24.93,1010.24,46.94,184.96,56.23,1
429276,94,83,212,778,4,31,0,24.93,1010.24,46.95,184.55,56.23,1
430272,94,82,211,779,4,31,0,24.93,1010.24,46.96,184.75,56.23,1
431268,93,83,211,779,4,31,0,24.93,1010.24,46.93,184.55,56.23,1
432264,94,83,212,778,4,31,0,24.93,1010.24,46.93,184.55,56.14,1
433260,94,83,212,779,4,31,0,24.93,1010.25,46.93,185.16,56.14,1
434256,94,83,211,779,4,31,0,24.93,1010.25,46.92,184.55,56.23,1
435252,94,83,211,780,4,31,0,24.93,1010.24,46.92,185.36,56.14,1
436248,94,83,211,780,4,31,0,24.93,1010.25,46.93,184.75,56.14,1
437244,95,83,212,779,4,31,0,24.93,1010.25,46.92,184.75,56.14,1
438240,95,83,211,779,4,31,0,24.93,1010.25,46.94,184.75,56.14,1
439236,95,83,211,780,4,31,0,24.93,1010.25,46.94,184.75,56.14,1
440232,95,84,212,780,4,35,0,24.93,1010.25,46.93,184.55,56.06,1
441228,95,83,211,780,4,31,0,24.93,1010.26,46.94,184.55,56.06,1
442224,95,84,212,779,4,31,0,24.93,1010.26,46.94,184.96,56.06,1
443220,95,83,212,780,4,31,0,24.93,1010.26,46.94,185.36,56.14,1
444216,95,83,212,779,4,31,0,24.93,1010.25,46.94,183.94,56.06,1
445212,95,83,211,779,5,31,0,24.93,1010.26,46.93,184.55,56.06,1
446208,96,84,212,779,4,31,0,24.94,1010.26,46.95,184.55,56.14,1
447204,96,83,212,779,4,31,0,24.94,1010.25,46.94,184.55,56.14,1
448200,96,84,212,779,4,31,0,24.94,1010.25,46.93,184.55,56.14,1
449196,95,83,212,779,5,31,0,24.94,1010.25,46.94,184.15,56.14,1
450192,95,83,211,779,4,30,0,24.94,1010.25,46.92,184.75,56.14,1
451188,95,84,211,779,4,32,0,24.94,1010.25,46.94,183.94,56.14,1
452184,96,83,211,779,4,30,0,24.94,1010.25,46.94,183.94,56.14,1
453180,95,84,211,779,4,31,0,24.94,1010.25,46.93,184.15,56.14,1
454176,96,83,211,779,5,32,0,24.94,1010.25,46.94,184.15,56.06,1
455172,96,84,212,779,5,31,0,24.94,1010.26,46.92,183.54,56.14,1
456168,96,84,212,779,4,29,0,24.94,1010.25,46.91,183.74,56.14,1
457164,96,84,211,779,4,31,0,24.94,1010.25,46.92,184.15,56.14,1
458160,96,84,211,779,5,31,0,24.94,1010.25,46.92,183.74,56.14,1
459156,96,84,212,779,4,31,0,24.94,1010.25,46.91,183.74,56.23,1
460152,96,84,212,779,4,31,0,24.94,1010.24,46.92,183.54,56.23,1
461148,96,83,212,779,4,31,0,24.94,1010.24,46.92,184.15,56.14,1
462144,96,84,211,779,4,33,0,24.94,1010.25,46.92,183.54,56.06,1
463140,97,84,211,779,4,31,0,24.94,1010.26,46.93,183.54,56.14,1
464136,96,84,212,779,4,32,0,24.94,1010.25,46.93,183.54,56.14,1
465132,96,84,212,779,4,31,0,24.94,1010.25,46.93,183.34,56.23,1
466128,96,84,211,779,4,31,0,24.94,1010.24,46.92,183.74,56.31,1
467124,96,83,211,779,4,32,0,24.94,1010.23,46.93,182.94,56.31,1
468120,96,84,212,779,4,32,0,24.94,1010.23,46.93,182.74,56.23,1
469116,96,84,211,780,4,31,0,24.94,1010.24,46.92,182.94,56.23,1
470112,96,85,212,779,4,32,0,24.94,1010.24,46.93,183.34,56.31,1
471108,97,84,212,779,4,31,0,24.94,1010.23,46.92,183.94,56.31,1
472104,96,84,211,779,4,31,0,24.94,1010.23,46.91,183.34,56.31,1
473100,97,85,212,778,4,32,0,24.95,1010.23,46.92,183.34,56.39,1
474096,97,84,211,778,4,32,0,24.95,1010.22,46.93,183.34,56.31,1
475092,97,84,212,779,5,32,0,24.95,1010.23,46.92,182.74,56.31,1
476088,97,84,212,778,4,31,0,24.95,1010.23,46.91,182.94,56.39,1
477084,97,85,212,779,4,32,0,24.95,1010.22,46.93,183.34,56.39,1
478080,97,85,211,779,4,31,0,24.95,1010.22,46.93,183.14,56.39,1
479076,97,84,211,778,4,32,0,24.95,1010.22,46.92,183.14,56.39,1
480072,97,85,212,779,4,31,0,24.95,1010.22,46.92,183.14,56.39,1
481068,97,85,211,779,4,32,0,24.95,1010.22,46.92,182.74,56.39,1
482064,97,84,212,779,4,31,0,24.95,1010.22,46.93,182.35,56.39,1
483060,97,85,212,779,4,31,0,24.95,1010.22,46.91,182.35,56.39,1
484056,97,85,212,779,4,32,0,24.95,1010.22,46.93,183.14,56.39,1
485052,98,85,212,780,4,31,0,24.95,1010.22,46.91,182.94,56.48,1
486048,98,85,212,779,4,32,0,24.95,1010.21,46.92,182.94,56.48,1
487044,98,85,212,779,4,32,0,24.95,1010.21,46.93,182.55,56.39,1
488040,98,85,212,780,4,32,0,24.95,1010.22,46.93,182.74,56.48,1
489036,99,84,213,780,4,30,0,24.95,1010.21,46.92,182.74,56.48,1
490032,98,85,213,780,4,31,0,24.95,1010.21,46.91,181.36,56.56,1
491028,99,85,213,780,4,31,0,24.95,1010.20,46.92,182.15,56.48,1
492024,99,85,213,781,4,31,0,24.95,1010.21,46.91,182.55,56.48,1
493020,99,85,213,780,4,31,0,24.95,1010.21,46.92,182.15,56.48,1
494016,99,85,213,781,4,32,0,24.95,1010.21,46.90,182.15,56.39,1
495012,99,85,213,781,4,31,0,24.95,1010.22,46.92,181.95,56.31,1
496008,99,86,213,780,4,32,0,24.95,1010.23,46.91,182.15,56.39,1
497004,99,85,213,781,4,32,0,24.95,1010.22,46.91,182.94,56.31,1
498000,99,85,213,780,4,32,0,24.95,1010.23,46.91,180.59,56.31,1
498996,99,85,213,780,4,31,0,24.95,1010.23,46.92,181.36,56.39,1
499992,100,85,214,780,4,32,0,24.95,1010.22,46.92,181.76,56.48,1
500988,99,85,213,780,4,32,0,24.95,1010.21,46.91,181.56,56.48,1
501984,100,86,214,780,4,32,0,24.95,1010.21,46.91,181.76,56.48,1
502980,100,86,214,780,4,32,0,24.95,1010.21,46.91,181.76,56.48,1
503976,100,85,214,780,4,29,0,24.96,1010.21,46.91,180.97,56.48,1
504972,100,85,214,780,4,32,0,24.96,1010.21,46.91,181.17,56.48,1
505968,100,86,214,780,4,32,0,24.95,1010.21,46.92,181.36,56.48,1
506964,100,86,214,781,4,32,0,24.96,1010.21,46.91,181.17,56.39,1
507960,100,86,214,781,5,32,0,24.96,1010.22,46.91,181.17,56.48,1
508956,100,86,214,781,4,32,0,24.96,1010.21,46.91,181.17,56.39,1
509952,101,86,214,781,4,32,0,24.96,1010.22,46.91,180.59,56.39,1
510948,101,86,214,781,4,33,0,24.96,1010.22,46.91,180.97,56.39,1
511944,100,86,215,782,4,32,0,24.96,1010.22,46.90,180.59,56.31,1
512940,100,86,215,781,4,32,0,24.96,1010.23,46.90,180.00,56.31,1
513936,100,86,215,781,4,31,0,24.96,1010.23,46.91,181.17,56.31,1
514932,100,86,215,782,4,32,0,24.96,1010.23,46.90,180.97,56.31,1
