timestamp,NO2,C2H50H,VOC,CO,Alcohol,LPG,Benzene,Temperature,Pressure,Humidity,Gas_Resistance,Altitude,State-9.45,1
34860,57,85,133,777,1,23,4294967295,25.46,1018.14,20.61,165.31,-9.54,1
35856,57,84,133,777,2,26,4294967295,25.45,1018.15,20.60,165.31,-9.62,1
36852,57,85,133,779,2,25,4294967295,25.45,1018.16,20.62,165.64,-9.70,1
37848,57,85,132,777,2,24,4294967295,25.45,1018.17,20.63,164.83,-9.70,1
38844,57,84,131,777,2,25,4294967295,25.44,1018.17,20.62,165.64,-9.78,1
39840,56,85,130,777,2,24,4294967295,25.44,1018.18,20.63,164.34,-9.78,1
40836,56,85,131,779,2,25,4294967295,25.44,1018.18,20.63,165.64,-9.78,1
41832,56,85,132,781,2,24,4294967295,25.44,1018.18,20.67,165.64,-9.87,1
42828,56,84,132,781,2,24,4294967295,25.44,1018.19,20.69,165.64,-9.87,1
43824,56,84,132,782,2,24,4294967295,25.44,1018.19,20.71,164.99,-9.95,1
44820,55,84,131,783,2,24,4294967295,25.44,1018.20,20.75,165.31,-9.95,1
45816,55,85,131,783,2,24,4294967295,25.44,1018.20,20.77,166.46,-9.95,1
46812,55,85,130,782,2,24,4294967295,25.44,1018.20,20.79,165.15,-9.87,1
47808,55,84,130,782,1,24,4294967295,25.44,1018.19,20.80,165.80,-9.95,1
48804,55,84,129,781,2,25,4294967295,25.44,1018.20,20.82,164.83,-9.87,1
49800,55,84,128,781,2,24,4294967295,25.44,1018.19,20.83,165.31,-9.78,1
50796,55,84,128,780,2,23,4294967295,25.44,1018.18,20.86,164.83,-9.78,1
51792,55,85,128,781,2,24,4294967295,25.44,1018.18,20.87,164.67,-9.70,1
52788,55,84,127,782,1,24,4294967295,25.45,1018.17,20.87,165.31,-9.70,1
53784,55,84,128,784,2,24,4294967295,25.45,1018.17,20.91,164.67,-9.70,1
54780,55,84,128,785,2,24,4294967295,25.45,1018.17,20.92,164.50,-9.62,1
55776,55,85,127,786,2,25,4294967295,25.45,1018.16,20.93,164.83,-9.54,1
56772,54,85,127,787,2,25,4294967295,25.45,1018.15,20.94,165.15,-9.45,1
57768,54,84,126,787,3,24,4294967295,25.46,1018.14,20.95,164.67,-9.37,1
58764,55,84,126,786,2,24,4294967295,25.46,1018.13,20.93,164.99,-9.29,1
59760,54,84,126,786,2,23,4294967295,25.46,1018.12,20.94,165.15,-9.20,1
60756,55,84,126,786,2,25,4294967295,25.46,1018.11,20.93,165.31,-9.12,1
61752,54,84,125,786,2,24,4294967295,25.46,1018.10,20.93,165.64,-9.12,1
62748,54,85,125,787,2,23,4294967295,25.47,1018.10,20.93,164.83,-9.20,1
63744,54,85,124,788,2,24,4294967295,25.47,1018.11,20.91,167.12,-9.12,1
64740,54,84,124,789,2,23,4294967295,25.47,1018.10,20.88,166.29,-9.12,1
65736,54,85,125,790,2,24,4294967295,25.47,1018.10,20.87,166.29,-9.12,1
66732,54,85,124,791,2,24,4294967295,25.47,1018.10,20.86,166.29,-9.20,1
67728,54,85,125,792,3,26,4294967295,25.47,1018.11,20.86,165.31,-9.20,1
68724,54,86,126,794,2,25,4294967295,25.48,1018.11,20.85,166.13,-9.29,1
69720,54,86,126,796,2,24,4294967295,25.48,1018.12,20.84,166.13,-9.29,1
70716,54,86,126,797,2,25,4294967295,25.48,1018.12,20.84,166.29,-9.29,1
71712,54,86,125,798,2,25,4294967295,25.48,1018.12,20.82,165.97,-9.29,1
72708,54,86,125,799,2,24,4294967295,25.48,1018.12,20.81,166.29,-9.20,1
73704,54,85,125,799,2,24,4294967295,25.48,1018.11,20.81,166.29,-9.29,1
74700,54,86,124,799,2,25,4294967295,25.48,1018.12,20.81,166.29,-9.29,1
75696,54,85,124,799,2,25,4294967295,25.49,1018.12,20.80,167.46,-9.29,1
76692,54,85,124,799,2,25,4294967295,25.49,1018.12,20.79,166.29,-9.29,1
77688,53,85,124,799,2,26,4294967295,25.49,1018.12,20.78,166.96,-9.29,1
78684,54,85,125,800,2,24,4294967295,25.49,1018.12,20.79,165.80,-9.37,1
79680,54,85,124,801,2,26,4294967295,25.49,1018.13,20.80,166.46,-9.37,1
80676,54,86,123,802,2,25,4294967295,25.49,1018.13,20.80,166.62,-9.37,1
81672,54,85,124,801,2,25,4294967295,25.49,1018.13,20.81,166.62,-9.54,1
82668,54,85,124,803,2,25,4294967295,25.49,1018.15,20.80,166.29,-9.54,1
83664,54,85,124,802,2,25,4294967295,25.50,1018.15,20.81,166.13,-9.62,1
84660,54,86,124,804,2,25,4294967295,25.50,1018.16,20.83,166.96,-9.62,1
85656,53,85,125,805,2,26,4294967295,25.50,1018.16,20.84,165.97,-9.70,1
86652,54,86,125,805,2,25,4294967295,25.50,1018.17,20.86,166.29,-9.78,1
87648,54,85,125,806,2,25,4294967295,25.50,1018.18,20.87,166.13,-9.87,1
88644,54,86,124,806,2,24,4294967295,25.50,1018.19,20.88,167.29,-9.87,1
89640,54,85,125,806,2,24,4294967295,25.51,1018.19,20.89,165.80,-9.87,1
90636,54,86,125,807,2,25,4294967295,25.51,1018.19,20.89,166.29,-9.78,1
91632,55,85,125,808,2,25,4294967295,25.51,1018.18,20.90,165.97,-9.78,1
92628,54,85,125,809,2,25,4294967295,25.51,1018.18,20.91,166.62,-9.78,1
93624,54,86,125,809,2,25,4294967295,25.51,1018.18,20.90,165.80,-9.70,1
94620,54,86,125,809,2,25,4294967295,25.51,1018.17,20.90,165.64,-9.54,1
95616,55,86,125,810,2,25,4294967295,25.52,1018.15,20.90,167.29,-9.54,1
96612,54,85,125,811,2,25,4294967295,25.52,1018.15,20.89,166.13,-9.54,1
97608,55,86,125,812,2,26,4294967295,25.52,1018.15,20.89,167.46,-9.45,1
98604,55,85,126,811,2,25,4294967295,25.52,1018.14,20.90,166.29,-9.37,1
99600,55,86,126,812,2,25,4294967295,25.52,1018.13,20.90,166.29,-9.37,1
100596,55,86,126,812,2,25,4294967295,25.52,1018.13,20.93,166.13,-9.37,1
101592,54,85,124,812,2,25,4294967295,25.52,1018.13,20.94,165.31,-9.45,1
102588,55,85,125,812,2,25,4294967295,25.52,1018.14,20.98,165.97,-9.54,1
103584,55,85,125,812,2,25,4294967295,25.53,1018.15,20.99,165.64,-9.54,1
104580,55,86,124,811,2,25,4294967295,25.53,1018.15,21.00,165.80,-9.62,1
105576,55,85,124,811,2,26,4294967295,25.53,1018.16,21.00,165.48,-9.70,1
106572,55,85,124,811,2,26,4294967295,25.53,1018.17,21.02,165.80,-9.78,1
107568,55,85,124,809,2,25,4294967295,25.53,1018.18,21.03,165.97,-9.87,1
108564,55,85,124,809,2,26,4294967295,25.53,1018.19,21.07,165.48,-9.87,1
109560,54,85,124,808,2,26,4294967295,25.53,1018.19,21.09,164.99,-9.87,1
110556,55,85,124,809,2,25,4294967295,25.53,1018.19,21.11,164.34,-9.87,1
111552,54,84,124,810,2,26,4294967295,25.53,1018.19,21.15,163.70,-9.70,1
112548,54,85,124,809,3,26,4294967295,25.53,1018.17,21.18,164.02,-9.62,1
113544,54,84,124,811,2,26,4294967295,25.53,1018.16,21.24,162.75,-9.62,1
114540,54,85,124,810,2,26,4294967295,25.54,1018.16,21.28,163.39,-9.54,1
115536,55,85,124,810,2,27,4294967295,25.54,1018.15,21.31,163.07,-9.45,1
116532,55,85,125,812,2,26,4294967295,25.54,1018.14,21.36,162.60,-9.45,1
117528,54,85,124,811,2,26,4294967295,25.54,1018.14,21.40,162.60,-9.45,1
118524,55,85,124,811,2,25,4294967295,25.54,1018.14,21.42,161.04,-9.54,1
119520,55,85,124,812,2,26,4294967295,25.54,1018.15,21.46,161.66,-9.54,1
120516,55,85,124,811,2,26,4294967295,25.54,1018.15,21.48,160.88,-9.62,1
121512,54,85,124,811,2,26,4294967295,25.54,1018.16,21.51,161.35,-9.62,1
122508,54,85,124,812,2,25,4294967295,25.54,1018.16,21.54,161.97,-9.62,1
123504,54,84,123,811,2,26,4294967295,25.55,1018.16,21.56,160.73,-9.62,1
124500,55,85,123,811,2,25,4294967295,25.55,1018.16,21.59,161.19,-9.62,1
125496,55,85,123,810,2,25,4294967295,25.55,1018.16,21.59,159.66,-9.54,1
126492,55,84,122,810,2,26,4294967295,25.55,1018.15,21.60,160.58,-9.54,1
127488,55,85,123,811,2,25,4294967295,25.55,1018.15,21.61,159.97,-9.45,1
128484,55,84,123,811,2,26,4294967295,25.55,1018.14,21.63,159.36,-9.45,1
129480,54,85,123,811,2,26,4294967295,25.55,1018.14,21.65,160.27,-9.45,1
130476,54,84,124,811,2,26,4294967295,25.55,1018.14,21.66,160.88,-9.45,1
131472,55,85,123,812,2,26,4294967295,25.55,1018.14,21.68,160.58,-9.37,1
132468,54,84,123,812,2,25,4294967295,25.55,1018.13,21.67,159.51,-9.37,1
133464,55,84,122,812,2,25,4294967295,25.55,1018.13,21.65,159.81,-9.37,1
134460,55,85,123,811,2,25,4294967295,25.55,1018.13,21.62,160.42,-9.45,1
135456,55,85,123,811,2,25,4294967295,25.55,1018.14,21.57,159.81,-9.45,1
136452,55,85,123,812,2,25,4294967295,25.56,1018.14,21.54,161.50,-9.45,1
137448,55,85,122,811,2,25,4294967295,25.56,1018.14,21.52,160.12,-9.45,1
138444,55,85,123,812,2,25,4294967295,25.56,1018.14,21.52,159.36,-9.37,1
139440,55,85,123,812,2,25,4294967295,25.56,1018.13,21.54,160.88,-9.29,1
140436,54,85,123,814,2,25,4294967295,25.56,1018.12,21.57,159.36,-9.29,1
141432,55,84,123,814,2,25,4294967295,25.56,1018.12,21.62,158.46,-9.29,1
142428,55,85,123,813,2,26,4294967295,25.56,1018.12,21.67,158.61,-9.29,1
143424,54,84,123,813,2,26,4294967295,25.56,1018.12,21.72,158.61,-9.29,1
144420,55,84,123,814,2,26,4294967295,25.56,1018.12,21.76,158.46,-9.37,1
145416,54,84,123,813,2,25,4294967295,25.56,1018.13,21.79,158.31,-9.29,1
146412,55,85,124,813,2,26,4294967295,25.56,1018.12,21.81,157.86,-9.29,1
147408,55,84,123,813,2,26,4294967295,25.56,1018.12,21.84,156.98,-9.20,1
148404,55,84,123,814,2,26,4294967295,25.56,1018.11,21.88,156.69,-9.12,1
149400,55,84,123,815,2,25,4294967295,25.56,1018.10,21.92,156.40,-9.04,1
150396,55,84,124,814,2,25,4294967295,25.56,1018.09,21.97,156.54,-8.95,1
151392,55,85,124,813,2,26,4294967295,25.57,1018.08,22.01,155.53,-8.95,1
152388,56,84,123,814,2,26,4294967295,25.57,1018.08,22.04,155.81,-8.95,1
153384,55,84,122,812,2,26,4294967295,25.57,1018.08,22.07,154.95,-8.95,1
154380,55,84,123,812,2,25,4294967295,25.57,1018.08,22.11,154.67,-8.87,1
155376,55,84,122,812,2,26,4294967295,25.57,1018.07,22.11,154.67,-8.87,1
156372,55,85,123,812,2,25,4294967295,25.57,1018.07,22.14,154.81,-8.87,1
157368,55,84,122,812,2,25,4294967295,25.57,1018.07,22.15,155.24,-8.87,1
158364,55,84,122,812,2,26,4294967295,25.57,1018.07,22.15,155.24,-8.87,1
159360,55,84,123,812,2,25,4294967295,25.57,1018.07,22.17,154.38,-8.95,1
160356,55,83,122,814,2,26,4294967295,25.57,1018.08,22.18,155.24,-8.87,1
161352,55,84,122,813,2,25,4294967295,25.58,1018.07,22.19,154.53,-8.87,1
162348,55,84,123,814,2,25,4294967295,25.58,1018.07,22.20,154.38,-8.87,1
163344,55,84,123,814,1,25,4294967295,25.58,1018.07,22.21,153.68,-8.87,1
164340,56,84,122,813,2,25,4294967295,25.58,1018.07,22.20,154.95,-8.95,1
165336,55,84,122,813,2,26,4294967295,25.58,1018.08,22.18,154.24,-8.95,1
166332,55,84,122,814,2,24,4294967295,25.58,1018.08,22.14,154.95,-8.95,1
167328,55,84,122,813,2,25,4294967295,25.58,1018.08,22.09,155.24,-8.95,1
168324,55,84,123,813,2,25,4294967295,25.58,1018.08,22.08,154.67,-8.95,1
169320,55,84,122,813,2,26,4294967295,25.58,1018.08,22.06,155.81,-8.95,1
170316,55,84,122,813,2,26,4294967295,25.58,1018.08,22.07,154.38,-8.95,1
171312,55,83,122,813,2,25,4294967295,25.58,1018.08,22.07,154.81,-8.95,1
172308,55,84,122,813,2,25,4294967295,25.58,1018.08,22.10,154.67,-8.95,1
173304,55,84,122,814,2,25,4294967295,25.58,1018.08,22.12,153.54,-9.12,1
174300,55,84,122,814,2,25,4294967295,25.58,1018.10,22.17,153.54,-9.12,1
175296,55,84,123,813,2,26,4294967295,25.58,1018.10,22.21,153.26,-9.04,1
176292,55,84,122,814,2,26,4294967295,25.58,1018.09,22.25,152.98,-9.04,1
177288,56,84,122,813,2,25,4294967295,25.58,1018.09,22.24,154.24,-8.95,1
178284,55,84,122,813,2,25,4294967295,25.58,1018.08,22.21,153.40,-8.95,1
179280,55,84,121,812,2,26,4294967295,25.58,1018.08,22.21,153.68,-8.87,1
180276,56,84,122,812,2,26,4294967295,25.58,1018.07,22.23,153.26,-8.87,1
181272,55,83,121,811,2,25,4294967295,25.58,1018.07,22.26,153.12,-8.79,1
182268,54,84,122,812,2,26,4294967295,25.59,1018.06,22.28,152.56,-8.79,1
183264,55,84,122,813,2,26,4294967295,25.59,1018.06,22.33,152.15,-8.79,1
184260,55,84,122,814,2,25,4294967295,25.59,1018.06,22.38,152.43,-8.87,1
185256,55,84,122,814,2,26,4294967295,25.59,1018.07,22.42,151.06,-8.79,1
186252,55,84,122,813,2,26,4294967295,25.59,1018.06,22.45,151.60,-8.79,1
187248,55,84,121,813,2,25,4294967295,25.59,1018.06,22.50,151.06,-8.79,1
188244,55,84,122,813,2,25,4294967295,25.59,1018.06,22.53,150.25,-8.79,1
189240,56,84,123,814,2,26,4294967295,25.59,1018.06,22.59,150.38,-8.71,1
190236,56,84,122,815,2,25,4294967295,25.59,1018.05,22.62,150.11,-8.71,1
191232,56,84,122,815,2,27,4294967295,25.59,1018.05,22.65,149.98,-8.79,1
192228,56,84,122,814,2,26,4294967295,25.59,1018.06,22.68,149.98,-8.79,1
193224,56,84,122,814,2,25,4294967295,25.59,1018.06,22.71,149.71,-8.71,1
194220,55,84,122,814,2,26,4294967295,25.59,1018.05,22.74,149.05,-8.71,1
195216,56,84,122,815,2,27,4294967295,25.59,1018.05,22.76,149.31,-8.79,1
196212,55,84,121,814,2,28,4294967295,25.59,1018.06,22.78,148.39,-8.87,1
197208,55,83,121,812,2,26,4294967295,25.59,1018.07,22.80,149.18,-9.04,1
198204,56,84,121,812,2,26,4294967295,25.59,1018.09,22.84,149.05,-9.04,1
199200,55,83,121,813,2,27,4294967295,25.59,1018.09,22.84,147.87,-9.04,1
200196,55,84,121,812,2,27,4294967295,25.59,1018.09,22.83,148.65,-8.95,1
201192,55,84,121,812,2,26,4294967295,25.59,1018.08,22.82,149.05,-8.95,1
202188,55,84,120,812,2,26,4294967295,25.59,1018.08,22.76,149.71,-8.95,1
203184,55,83,121,813,2,26,4294967295,25.59,1018.08,22.73,149.98,-8.95,1
204180,55,84,120,813,2,26,4294967295,25.60,1018.08,22.68,150.92,-8.95,1
205176,55,84,121,814,2,27,4294967295,25.60,1018.08,22.63,150.38,-8.95,1
206172,55,83,121,813,2,26,4294967295,25.60,1018.08,22.61,151.33,-8.87,1
207168,55,83,120,813,2,25,4294967295,25.60,1018.07,22.59,150.65,-8.95,1
208164,55,84,120,812,2,26,4294967295,25.60,1018.08,22.54,150.65,-8.95,1
209160,55,83,120,811,2,26,4294967295,25.60,1018.08,22.52,151.87,-8.95,1
210156,55,83,120,812,2,26,4294967295,25.60,1018.08,22.50,150.92,-8.95,1
211152,55,83,120,811,2,26,4294967295,25.60,1018.08,22.48,150.51,-8.95,1
212148,55,83,119,810,2,25,4294967295,25.60,1018.08,22.51,150.38,-8.87,1
213144,55,83,119,811,2,27,4294967295,25.60,1018.07,22.53,150.11,-8.87,1
214140,55,83,119,810,2,26,4294967295,25.60,1018.07,22.56,149.71,-8.79,1
215136,55,83,119,810,2,26,4294967295,25.60,1018.06,22.61,149.84,-8.87,1
216132,55,83,120,811,2,26,4294967295,25.60,1018.07,22.65,149.71,-8.79,1
217128,54,83,120,812,2,26,4294967295,25.60,1018.06,22.69,149.05,-8.79,1
218124,55,83,120,812,2,26,4294967295,25.60,1018.06,22.71,148.78,-8.79,1
219120,56,84,121,813,2,26,4294967295,25.60,1018.06,22.73,148.91,-8.79,1
220116,56,84,121,814,2,26,4294967295,25.60,1018.06,22.72,150.25,-8.79,1
221112,55,84,120,815,2,26,4294967295,25.60,1018.06,22.67,150.51,-8.79,1
222108,55,84,121,814,2,25,4294967295,25.60,1018.06,22.64,149.98,-8.87,1
223104,55,84,120,815,2,26,4294967295,25.60,1018.07,22.62,149.98,-8.87,1
224100,55,83,120,814,2,26,4294967295,25.60,1018.07,22.61,149.18,-8.95,1
225096,55,83,120,814,2,27,4294967295,25.61,1018.08,22.61,149.98,-8.87,1
226092,56,83,121,815,2,26,4294967295,25.60,1018.07,22.61,149.31,-8.87,1
227088,55,83,120,814,2,27,4294967295,25.61,1018.07,22.62,149.98,-8.95,1
228084,55,83,120,815,2,26,4294967295,25.61,1018.08,22.62,149.98,-8.95,1
229080,55,83,120,813,2,26,4294967295,25.61,1018.08,22.64,149.98,-8.87,1
230076,55,83,120,813,2,25,4294967295,25.61,1018.07,22.64,150.25,-8.87,1
231072,55,83,120,814,2,25,4294967295,25.61,1018.07,22.66,149.71,-8.87,1
232068,55,83,119,813,2,26,4294967295,25.61,1018.07,22.69,148.65,-8.87,1
233064,55,83,120,813,2,26,4294967295,25.61,1018.07,22.71,149.31,-8.87,1
234060,55,83,119,812,2,26,4294967295,25.61,1018.07,22.73,148.91,-8.79,1
235056,55,83,119,813,2,25,4294967295,25.61,1018.06,22.74,148.91,-8.79,1
236052,55,83,120,814,2,25,4294967295,25.61,1018.06,22.75,149.31,-8.79,1
237048,55,83,120,813,2,25,4294967295,25.61,1018.06,22.75,149.44,-8.79,1
238044,55,83,120,814,2,25,4294967295,25.61,1018.06,22.75,149.31,-8.87,1
239040,55,83,120,814,2,26,4294967295,25.61,1018.07,22.75,150.25,-8.87,1
240036,56,82,120,814,2,26,4294967295,25.61,1018.07,22.74,149.18,-8.95,1
241032,55,83,120,814,2,27,4294967295,25.61,1018.08,22.77,148.39,-8.95,1
242028,55,83,120,814,2,25,4294967295,25.61,1018.08,22.83,148.52,-9.04,1
243024,55,83,120,815,2,26,4294967295,25.61,1018.09,22.88,148.26,-9.12,1
244020,55,83,120,815,2,27,4294967295,25.61,1018.10,22.94,148.39,-9.12,1
245016,56,83,120,815,2,26,4294967295,25.61,1018.10,22.98,147.61,-9.20,1
246012,55,83,120,816,2,26,4294967295,25.61,1018.11,23.00,148.52,-9.20,1
247008,56,83,121,816,2,27,4294967295,25.61,1018.11,23.00,147.22,-9.29,1
248004,56,83,120,817,2,26,4294967295,25.61,1018.12,23.03,147.09,-9.37,1
249000,55,83,120,817,2,27,4294967295,25.61,1018.13,23.04,147.09,-9.45,1
249996,55,83,120,816,2,27,4294967295,25.61,1018.14,23.09,147.35,-9.45,1
250992,55,83,121,815,2,27,4294967295,25.62,1018.14,23.13,146.07,-9.45,1
251988,55,83,121,816,2,26,4294967295,25.61,1018.14,23.18,145.81,-9.54,1
252984,56,83,121,816,2,27,4294967295,25.62,1018.15,23.22,146.32,-9.54,1
253980,55,83,121,817,2,26,4294967295,25.62,1018.15,23.26,145.56,-9.54,1
254976,55,84,122,818,2,27,4294967295,25.61,1018.15,23.31,145.44,-9.45,1
255972,56,84,121,817,2,27,4294967295,25.61,1018.14,23.35,145.18,-9.54,1
256968,56,84,121,818,2,26,4294967295,25.62,1018.15,23.39,144.06,-9.54,1
257964,56,84,121,818,2,27,4294967295,25.62,1018.15,23.44,144.44,-9.54,1
258960,56,84,122,818,2,29,4294967295,25.61,1018.15,23.47,143.70,-9.54,1
259956,56,84,121,818,2,27,4294967295,25.62,1018.15,23.52,143.33,-9.54,1
260952,56,83,122,819,2,27,4294967295,25.62,1018.15,23.58,143.33,-9.37,1
261948,56,83,120,818,2,28,4294967295,25.62,1018.13,23.61,143.33,-9.37,1
262944,55,84,121,818,2,26,4294967295,25.62,1018.13,23.66,143.09,-9.29,1
263940,55,83,121,818,2,26,4294967295,25.62,1018.12,23.68,142.96,-9.20,1
264936,56,83,121,818,2,26,4294967295,25.62,1018.11,23.71,142.60,-9.12,1
265932,56,83,121,817,2,27,4294967295,25.62,1018.10,23.75,142.84,-9.12,1
266928,56,83,120,817,2,27,4294967295,25.62,1018.10,23.75,142.24,-9.04,1
267924,56,83,121,816,2,26,4294967295,25.62,1018.09,23.76,142.12,-9.04,1
268920,56,83,121,815,2,27,4294967295,25.62,1018.09,23.76,142.48,-8.95,1
269916,55,83,120,816,2,27,4294967295,25.62,1018.08,23.78,142.48,-8.95,1
270912,56,83,121,816,3,27,4294967295,25.62,1018.08,23.78,142.00,-8.87,1
271908,56,83,121,817,2,27,4294967295,25.62,1018.07,23.79,142.36,-8.79,1
272904,56,84,120,817,2,26,4294967295,25.62,1018.06,23.81,142.96,-8.71,1
273900,56,84,120,818,2,26,4294967295,25.62,1018.05,23.83,141.64,-8.62,1
274896,56,83,120,817,2,26,4294967295,25.62,1018.04,23.85,141.28,-8.71,1
275892,56,84,120,818,2,26,4294967295,25.62,1018.05,23.87,141.40,-8.71,1
276888,56,83,120,818,2,26,4294967295,25.62,1018.05,23.88,140.57,-8.71,1
277884,56,83,121,817,2,26,4294967295,25.62,1018.05,23.92,142.00,-8.79,1
278880,56,83,121,817,2,26,4294967295,25.62,1018.06,23.94,140.69,-8.79,1
279876,56,83,121,816,2,26,4294967295,25.62,1018.06,23.95,141.28,-8.87,1
280872,56,83,121,816,2,26,4294967295,25.63,1018.07,23.97,140.46,-8.95,1
281868,56,83,121,816,2,26,4294967295,25.63,1018.08,24.01,140.22,-8.95,1
282864,56,83,121,816,2,26,4294967295,25.63,1018.08,24.05,139.41,-9.20,1
283860,56,83,121,815,2,27,4294967295,25.63,1018.11,24.06,139.99,-9.12,1
284856,56,83,120,815,2,26,4294967295,25.63,1018.10,24.06,140.46,-9.20,1
285852,56,83,121,816,2,26,4294967295,25.63,1018.11,24.09,139.41,-9.20,1
286848,56,83,121,816,2,26,4294967295,25.63,1018.11,24.11,139.29,-9.20,1
287844,56,83,121,816,2,26,4294967295,25.63,1018.11,24.13,139.41,-9.12,1
288840,56,83,121,817,2,26,4294967295,25.63,1018.10,24.14,139.75,-9.04,1
289836,56,83,121,817,2,25,4294967295,25.63,1018.09,24.15,139.29,-8.95,1
290832,56,83,121,816,2,28,4294967295,25.63,1018.08,24.17,139.29,-8.87,1
291828,56,83,121,817,2,26,4294967295,25.63,1018.07,24.19,140.34,-8.79,1
292824,56,83,120,816,2,26,4294967295,25.63,1018.06,24.21,139.52,-8.79,1
293820,56,83,121,817,2,26,4294967295,25.63,1018.06,24.24,139.87,-8.79,1
294816,56,83,121,817,2,26,4294967295,25.63,1018.06,24.26,139.18,-8.79,1
295812,56,83,121,816,2,26,4294967295,25.64,1018.06,24.26,138.83,-8.79,1
296808,56,83,121,817,2,27,4294967295,25.64,1018.06,24.27,138.49,-8.79,1
297804,56,82,121,817,2,28,4294967295,25.64,1018.06,24.28,139.52,-8.79,1
298800,56,83,121,817,2,26,4294967295,25.64,1018.06,24.27,139.29,-8.87,1
299796,56,83,121,817,2,27,4294967295,25.64,1018.07,24.28,139.75,-8.87,1
300792,56,83,121,817,2,27,4294967295,25.64,1018.07,24.24,139.29,-8.87,1
301788,56,83,121,818,2,28,4294967295,25.64,1018.07,24.19,140.46,-9.04,1
302784,56,83,121,818,2,27,4294967295,25.64,1018.09,24.11,140.81,-9.12,1
303780,57,83,122,819,2,26,4294967295,25.64,1018.10,24.08,140.22,-9.12,1
304776,56,84,122,819,2,26,4294967295,25.64,1018.10,24.02,140.46,-9.12,1
305772,56,84,123,819,2,26,4294967295,25.64,1018.10,23.97,140.81,-9.12,1
306768,56,83,122,818,2,26,4294967295,25.64,1018.10,23.91,141.40,-9.20,1
307764,57,83,123,819,2,27,4294967295,25.64,1018.11,23.84,142.24,-9.20,1
308760,56,83,122,819,2,26,4294967295,25.64,1018.11,23.76,142.84,-9.29,1
309756,57,83,122,819,2,26,4294967295,25.64,1018.12,23.71,142.48,-9.29,1
310752,57,83,122,819,2,27,4294967295,25.64,1018.12,23.66,142.84,-9.29,1
311748,56,83,121,818,2,27,4294967295,25.64,1018.12,23.59,143.45,-9.29,1
312744,57,83,122,819,3,28,4294967295,25.64,1018.12,23.52,143.70,-9.29,1
313740,57,83,122,819,2,27,4294967295,25.64,1018.12,23.45,144.93,-9.29,1
314736,57,83,122,819,2,27,4294967295,25.64,1018.12,23.36,145.81,-9.29,1
315732,57,83,121,819,2,27,4294967295,25.64,1018.12,23.30,144.68,-9.37,1
316728,57,83,122,818,2,28,4294967295,25.64,1018.13,23.28,145.18,-9.45,1
317724,56,83,122,819,2,27,4294967295,25.64,1018.14,23.26,144.81,-9.45,1
318720,57,83,122,818,2,28,4294967295,25.64,1018.14,23.28,145.31,-9.45,1
319716,57,83,123,819,2,27,4294967295,25.64,1018.14,23.32,144.06,-9.45,1
320712,57,83,123,819,2,27,4294967295,25.64,1018.14,23.38,144.44,-9.45,1
321708,57,83,122,819,3,27,4294967295,25.64,1018.14,23.47,143.33,-9.45,1
322704,57,83,122,819,2,26,4294967295,25.64,1018.14,23.54,143.33,-9.45,1
323700,57,83,123,818,3,27,4294967295,25.64,1018.14,23.60,142.96,-9.37,1
324696,57,83,122,819,2,27,4294967295,25.64,1018.13,23.64,142.72,-9.37,1
325692,57,83,122,819,2,27,4294967295,25.64,1018.13,23.67,143.33,-9.45,1
326688,56,83,123,819,2,26,4294967295,25.64,1018.14,23.72,142.48,-9.37,1
327684,57,83,123,820,2,27,4294967295,25.64,1018.13,23.75,142.12,-9.45,1
328680,56,83,123,819,2,27,4294967295,25.64,1018.14,23.80,142.00,-9.45,1
329676,57,83,122,820,3,27,4294967295,25.64,1018.14,23.81,142.48,-9.37,1
330672,57,83,122,820,2,26,4294967295,25.64,1018.13,23.79,142.36,-9.37,1
331668,58,84,123,821,2,26,4294967295,25.64,1018.13,23.73,143.33,-9.29,1
332664,57,84,123,821,2,26,4294967295,25.64,1018.12,23.67,143.33,-9.29,1
333660,57,84,123,821,2,27,4294967295,25.64,1018.12,23.61,144.31,-9.29,1
334656,58,83,123,820,2,26,4294967295,25.64,1018.12,23.56,143.94,-9.29,1
335652,58,84,123,821,2,27,4294967295,25.64,1018.12,23.55,143.09,-9.29,1
336648,57,84,123,821,2,27,4294967295,25.64,1018.12,23.55,143.57,-9.29,1
337644,57,83,123,821,2,27,4294967295,25.65,1018.12,23.60,143.82,-9.20,1
338640,57,83,122,820,2,27,4294967295,25.65,1018.11,23.64,143.57,-9.20,1
339636,57,83,123,821,2,27,4294967295,25.65,1018.11,23.68,142.96,-9.29,1
340632,57,83,123,819,2,28,4294967295,25.65,1018.12,23.67,143.70,-9.29,1
341628,57,83,123,821,2,27,4294967295,25.65,1018.12,23.63,143.94,-9.37,1
342624,57,83,123,819,2,27,4294967295,25.65,1018.13,23.58,144.44,-9.37,1
343620,57,83,124,820,2,26,4294967295,25.65,1018.13,23.53,144.06,-9.45,1
344616,57,84,124,820,2,27,4294967295,25.65,1018.14,23.50,144.31,-9.45,1
345612,57,83,123,821,2,27,4294967295,25.65,1018.14,23.48,144.81,-9.45,1
346608,57,84,124,822,2,26,4294967295,25.65,1018.14,23.48,143.82,-9.37,1
347604,58,84,124,821,2,27,4294967295,25.65,1018.13,23.51,144.31,-9.37,1
348600,58,83,124,822,2,26,4294967295,25.65,1018.13,23.56,143.33,-9.45,1
349596,57,83,124,822,2,26,4294967295,25.65,1018.14,23.62,142.84,-9.45,1
350592,58,84,124,822,2,27,4294967295,25.65,1018.14,23.70,141.64,-9.45,1
351588,57,83,125,822,2,26,4294967295,25.65,1018.14,23.78,142.84,-9.45,1
352584,58,84,125,823,2,26,4294967295,25.65,1018.14,23.85,141.52,-9.45,1
353580,58,83,125,823,2,27,4294967295,25.65,1018.14,23.92,141.88,-9.54,1
354576,58,83,125,823,2,27,4294967295,25.65,1018.15,23.96,142.00,-9.54,1
355572,58,84,124,822,2,28,4294967295,25.65,1018.15,23.99,140.46,-9.45,1
356568,58,84,124,822,2,28,4294967295,25.65,1018.14,24.03,140.34,-9.54,1
357564,58,83,124,823,2,28,4294967295,25.65,1018.15,24.09,140.69,-9.54,1
358560,58,83,124,822,2,27,4294967295,25.65,1018.15,24.14,140.10,-9.54,1
359556,58,83,124,822,2,28,4294967295,25.65,1018.15,24.21,139.75,-9.54,1
360552,57,83,123,822,2,28,4294967295,25.65,1018.15,24.24,139.06,-9.54,1
361548,58,83,124,821,2,27,4294967295,25.65,1018.15,24.30,139.18,-9.62,1
362544,58,84,124,822,2,27,4294967295,25.65,1018.16,24.35,139.52,-9.54,1
363540,57,83,124,822,2,28,4294967295,25.65,1018.15,24.39,138.49,-9.62,1
364536,58,84,124,822,2,26,4294967295,25.65,1018.16,24.41,139.99,-9.54,1
365532,58,84,125,822,2,27,4294967295,25.65,1018.15,24.41,139.75,-9.45,1
366528,58,84,125,822,2,27,4294967295,25.65,1018.14,24.41,139.18,-9.45,1
367524,58,83,125,822,2,26,4294967295,25.65,1018.14,24.41,139.64,-9.45,1
368520,58,83,125,822,2,27,4294967295,25.65,1018.14,24.41,138.83,-9.45,1
369516,58,84,125,822,2,27,4294967295,25.65,1018.14,24.44,138.83,-9.45,1
370512,58,83,124,823,2,26,4294967295,25.65,1018.14,24.47,138.72,-9.45,1
371508,58,83,125,822,2,28,4294967295,25.65,1018.14,24.49,139.29,-9.37,1
372504,59,83,125,822,2,26,4294967295,25.65,1018.13,24.55,138.37,-9.45,1
373500,58,84,124,822,2,27,4294967295,25.65,1018.14,24.57,138.15,-9.45,1
374496,59,84,125,822,2,27,4294967295,25.65,1018.14,24.63,137.69,-9.54,1
375492,58,84,125,822,2,26,4294967295,25.65,1018.15,24.65,138.37,-9.54,1
376488,58,83,125,822,2,27,4294967295,25.66,1018.15,24.70,137.58,-9.45,1
377484,58,83,125,821,2,27,4294967295,25.66,1018.14,24.73,136.35,-9.45,1
378480,59,83,125,822,2,28,4294967295,25.66,1018.14,24.78,136.35,-9.45,1
379476,58,84,124,821,2,27,4294967295,25.65,1018.14,24.84,135.26,-9.62,1
380472,58,83,124,821,2,27,4294967295,25.66,1018.16,24.88,135.80,-9.54,1
381468,58,84,124,821,2,29,4294967295,25.66,1018.15,24.93,135.47,-9.54,1
382464,58,84,124,821,2,27,4294967295,25.66,1018.15,24.97,135.26,-9.54,1
383460,59,84,125,822,2,28,4294967295,25.66,1018.15,25.02,135.37,-9.62,1
384456,59,83,125,822,2,27,4294967295,25.66,1018.16,25.05,135.04,-9.62,1
385452,59,83,125,822,2,26,4294967295,25.66,1018.16,25.09,134.93,-9.70,1
386448,58,84,125,822,2,27,4294967295,25.66,1018.17,25.10,134.18,-9.70,1
387444,58,84,125,822,2,29,4294967295,25.66,1018.17,25.12,134.61,-9.70,1
388440,59,84,126,823,2,28,4294967295,25.66,1018.17,25.11,135.15,-9.62,1
389436,59,84,125,822,2,27,4294967295,25.66,1018.16,25.10,135.26,-9.62,1
390432,59,84,125,823,2,27,4294967295,25.66,1018.16,25.08,135.26,-9.62,1
391428,58,84,125,822,1,27,4294967295,25.66,1018.16,25.03,135.04,-9.62,1
392424,59,84,124,822,2,27,4294967295,25.66,1018.16,24.96,136.35,-9.62,1
393420,58,84,125,822,2,28,4294967295,25.66,1018.16,24.90,136.02,-9.70,1
394416,58,84,125,822,2,27,4294967295,25.66,1018.17,24.86,136.24,-9.78,1
395412,58,83,125,822,3,27,4294967295,25.66,1018.18,24.81,136.80,-9.70,1
396408,59,84,125,822,2,28,4294967295,25.66,1018.17,24.76,136.24,-9.70,1
397404,58,84,125,822,2,28,4294967295,25.66,1018.17,24.73,136.69,-9.62,1
398400,59,84,125,822,2,27,4294967295,25.66,1018.16,24.73,136.46,-9.70,1
399396,59,84,126,822,2,28,4294967295,25.66,1018.17,24.71,135.91,-9.70,1
400392,59,84,126,822,3,31,4294967295,25.66,1018.17,24.72,136.57,-9.62,1
401388,59,84,126,823,3,31,4294967295,25.66,1018.16,24.74,136.24,-9.54,1
402384,58,84,125,823,3,30,4294967295,25.66,1018.15,24.77,136.35,-9.54,1
403380,58,84,126,822,2,27,4294967295,25.66,1018.15,24.79,136.35,-9.45,1
404376,58,84,125,822,2,28,4294967295,25.66,1018.14,24.80,136.57,-9.45,1
405372,59,84,125,822,3,28,4294967295,25.66,1018.14,24.81,136.57,-9.45,1
406368,59,84,125,822,2,28,4294967295,25.66,1018.14,24.77,137.69,-9.45,1
407364,59,84,124,822,3,29,4294967295,25.65,1018.14,24.74,137.47,-9.54,1
408360,59,84,125,821,2,28,4294967295,25.66,1018.15,24.67,137.02,-9.54,1
409356,58,84,125,822,3,28,4294967295,25.65,1018.15,24.61,138.03,-9.45,1
410352,58,83,125,821,3,29,4294967295,25.66,1018.14,24.54,138.49,-9.45,1
411348,58,84,125,820,3,30,4294967295,25.66,1018.14,24.47,138.37,-9.37,1
412344,59,83,125,820,2,28,4294967295,25.66,1018.13,24.44,138.60,-9.37,1
413340,58,84,125,821,2,29,4294967295,25.66,1018.13,24.42,139.06,-9.29,1
414336,58,83,126,822,3,28,4294967295,25.65,1018.12,24.43,138.72,-9.20,1
415332,58,83,126,822,2,28,4294967295,25.66,1018.11,24.47,138.26,-9.20,1
416328,59,84,126,822,2,28,4294967295,25.66,1018.11,24.50,137.58,-9.12,1
417324,58,83,125,822,2,27,4294967295,25.66,1018.10,24.54,137.69,-9.04,1
418320,58,84,125,823,2,28,4294967295,25.66,1018.09,24.57,138.03,-8.95,1
419316,58,84,125,822,2,26,4294967295,25.66,1018.08,24.62,137.81,-8.87,1
420312,59,83,126,822,2,27,4294967295,25.66,1018.07,24.65,137.36,-8.79,1
421308,58,83,125,822,2,27,4294967295,25.66,1018.06,24.68,138.15,-8.79,1
422304,58,83,126,822,2,28,4294967295,25.66,1018.06,24.73,136.46,-8.71,1
423300,59,83,126,822,2,28,4294967295,25.66,1018.05,24.77,136.02,-8.62,1
424296,59,84,126,823,2,29,4294967295,25.66,1018.04,24.84,136.35,-8.54,1
425292,59,84,126,823,2,28,4294967295,25.66,1018.03,24.90,135.91,-8.54,1
426288,59,83,126,821,2,28,4294967295,25.66,1018.03,24.94,135.80,-8.54,1
427284,59,83,125,822,2,29,4294967295,25.66,1018.03,24.99,135.80,-8.46,1
428280,58,83,126,822,3,29,4294967295,25.66,1018.02,25.02,135.26,-8.46,1
429276,59,83,125,822,2,28,4294967295,25.66,1018.02,25.06,135.80,-8.46,1
430272,59,83,126,821,3,29,4294967295,25.66,1018.02,25.10,135.58,-8.46,1
431268,58,84,125,822,2,29,4294967295,25.66,1018.02,25.14,135.15,-8.46,1
432264,59,83,126,821,2,28,4294967295,25.66,1018.02,25.16,135.47,-8.46,1
433260,59,83,125,821,2,29,4294967295,25.66,1018.02,25.19,134.61,-8.46,1
434256,58,83,125,821,2,28,4294967295,25.66,1018.02,25.22,134.82,-8.46,1
435252,59,83,125,820,2,28,4294967295,25.66,1018.02,25.24,134.61,-8.46,1
436248,59,83,125,820,2,29,4294967295,25.66,1018.02,25.26,134.39,-8.37,1
437244,59,83,125,821,2,29,4294967295,25.66,1018.01,25.30,134.39,-8.46,1
438240,58,83,125,820,2,28,4294967295,25.66,1018.02,25.31,134.18,-8.46,1
439236,59,83,125,820,2,28,4294967295,25.66,1018.02,25.35,134.50,-8.46,1
440232,59,83,125,820,2,28,4294967295,25.66,1018.02,25.37,133.96,-8.46,1
441228,58,83,125,820,3,28,4294967295,25.66,1018.02,25.42,132.59,-8.54,1
442224,59,83,125,820,2,29,4294967295,25.66,1018.03,25.46,132.80,-8.46,1
443220,59,83,125,821,2,28,4294967295,25.66,1018.02,25.50,133.01,-8.46,1
444216,58,83,125,821,3,29,4294967295,25.66,1018.02,25.57,133.12,-8.37,1
445212,58,83,126,820,2,28,4294967295,25.66,1018.01,25.62,131.86,-8.46,1
446208,59,83,125,820,2,29,4294967295,25.66,1018.02,25.68,131.86,-8.37,1
447204,58,83,125,821,2,28,4294967295,25.66,1018.01,25.73,131.55,-8.37,1
448200,59,83,125,821,3,29,4294967295,25.66,1018.01,25.79,131.25,-8.46,1
449196,58,83,125,819,2,28,4294967295,25.66,1018.02,25.83,130.23,-8.46,1
450192,58,83,125,820,2,29,4294967295,25.67,1018.02,25.89,130.53,-8.46,1
451188,58,83,125,820,2,28,4294967295,25.67,1018.02,25.93,130.43,-8.54,1
452184,58,83,126,820,2,29,4294967295,25.67,1018.03,25.98,131.04,-8.46,1
453180,59,83,126,821,4,29,4294967295,25.67,1018.02,26.03,130.03,-8.37,1
454176,58,83,126,821,2,29,4294967295,25.67,1018.01,26.05,129.03,-8.37,1
455172,58,83,126,821,2,29,4294967295,25.67,1018.01,26.09,130.03,-8.46,1
456168,59,83,126,821,2,29,4294967295,25.67,1018.02,26.11,129.53,-8.46,1
457164,59,83,126,821,2,28,4294967295,25.67,1018.02,26.16,129.43,-8.54,1
458160,59,83,126,821,3,30,4294967295,25.67,1018.03,26.19,129.13,-8.54,1
459156,58,83,126,821,3,29,4294967295,25.67,1018.03,26.21,128.83,-8.46,1
460152,58,83,126,821,3,31,4294967295,25.67,1018.02,26.25,128.14,-8.54,1
461148,59,83,126,821,3,30,4294967295,25.67,1018.03,26.28,128.44,-8.54,1
462144,59,83,126,821,2,27,4294967295,25.67,1018.03,26.30,128.24,-8.54,1
463140,59,83,126,821,2,28,4294967295,25.67,1018.03,26.33,128.53,-8.46,1
464136,59,83,126,821,2,27,4294967295,25.67,1018.02,26.36,127.27,-8.54,1
465132,59,83,126,821,2,28,4294967295,25.67,1018.03,26.39,127.56,-8.54,1
466128,58,83,126,821,2,28,4294967295,25.67,1018.03,26.42,127.17,-8.54,1
467124,59,83,126,821,2,28,4294967295,25.67,1018.03,26.44,126.98,-8.54,1
468120,59,83,126,821,2,27,4294967295,25.67,1018.03,26.46,126.89,-8.46,1
469116,59,83,126,821,2,27,4294967295,25.68,1018.02,26.47,125.94,-8.54,1
470112,59,83,125,820,2,30,4294967295,25.68,1018.03,26.49,127.56,-8.46,1
471108,58,83,125,820,2,28,4294967295,25.68,1018.02,26.49,127.17,-8.46,1
472104,59,83,126,821,2,29,4294967295,25.67,1018.02,26.51,126.89,-8.37,1
473100,59,83,126,821,2,29,4294967295,25.68,1018.01,26.51,126.12,-8.29,1
474096,58,83,126,820,2,29,4294967295,25.67,1018.00,26.52,126.50,-8.21,1
475092,59,82,126,821,2,29,4294967295,25.67,1017.99,26.54,126.69,-8.21,1
476088,58,83,126,820,2,29,4294967295,25.67,1017.99,26.53,127.08,-8.13,1
477084,58,83,126,820,2,29,4294967295,25.67,1017.98,26.54,126.22,-8.13,1
478080,58,83,126,821,2,28,4294967295,25.67,1017.98,26.55,125.94,-7.96,1
479076,59,83,126,822,2,31,4294967295,25.67,1017.96,26.56,126.50,-7.88,1
480072,59,83,126,821,2,30,4294967295,25.67,1017.95,26.56,126.50,-7.71,1
481068,59,83,126,821,2,30,4294967295,25.67,1017.93,26.56,126.41,-7.63,1
482064,59,82,127,821,3,30,4294967295,25.67,1017.92,26.56,126.22,-7.63,1
483060,58,83,126,821,3,29,4294967295,25.67,1017.92,26.57,125.94,-7.71,1
484056,59,83,126,821,2,29,4294967295,25.67,1017.93,26.58,125.94,-7.71,1
485052,58,83,127,822,2,28,4294967295,25.67,1017.93,26.58,125.94,-7.71,1
486048,59,83,126,822,2,29,4294967295,25.67,1017.93,26.59,126.12,-7.79,1
487044,58,83,126,822,2,28,4294967295,25.68,1017.94,26.61,125.94,-7.88,1
488040,59,84,127,822,2,29,4294967295,25.68,1017.95,26.62,125.94,-7.88,1
489036,58,83,127,822,2,29,4294967295,25.68,1017.95,26.62,126.22,-7.79,1
490032,59,83,127,823,3,29,4294967295,25.68,1017.94,26.62,125.75,-7.79,1
491028,58,83,127,822,2,29,4294967295,25.68,1017.94,26.63,125.75,-7.79,1
492024,58,83,126,822,3,30,4294967295,25.68,1017.94,26.64,125.94,-7.79,1
493020,59,83,127,822,2,29,4294967295,25.68,1017.94,26.65,125.65,-7.88,1
494016,58,83,127,822,3,29,4294967295,25.68,1017.95,26.67,125.28,-7.79,1
495012,59,83,126,821,2,29,4294967295,25.68,1017.94,26.67,126.31,-7.79,1
496008,59,83,126,822,2,29,4294967295,25.68,1017.94,26.67,125.65,-7.79,1
497004,59,83,127,822,2,29,4294967295,25.68,1017.94,26.68,125.65,-7.79,1
498000,59,83,126,821,2,29,4294967295,25.68,1017.94,26.69,125.75,-7.79,1
498996,59,84,127,822,2,29,4294967295,25.68,1017.94,26.70,125.00,-7.88,1
499992,59,83,127,822,2,29,4294967295,25.68,1017.95,26.69,125.47,-7.88,1
500988,59,83,127,823,2,29,4294967295,25.68,1017.95,26.69,125.65,-7.79,1
501984,59,83,128,823,2,28,4294967295,25.68,1017.94,26.69,125.65,-7.88,1
502980,59,83,127,823,2,28,4294967295,25.68,1017.95,26.70,125.56,-7.88,1
503976,59,83,127,822,2,28,4294967295,25.68,1017.95,26.69,125.28,-7.79,1
504972,59,83,126,822,2,28,4294967295,25.68,1017.94,26.69,125.84,-7.71,1
505968,59,83,126,823,2,27,4294967295,25.68,1017.93,26.67,126.22,-7.79,1
506964,59,83,127,822,2,30,4294967295,25.68,1017.94,26.66,126.60,-7.79,1
507960,59,83,127,822,2,29,4294967295,25.68,1017.94,26.65,125.84,-7.79,1
508956,59,83,127,823,2,29,4294967295,25.68,1017.94,26.65,126.69,-7.71,1
509952,59,83,128,823,2,30,4294967295,25.68,1017.93,26.63,125.84,-7.63,1
510948,58,84,127,823,2,28,4294967295,25.68,1017.92,26.66,126.22,-7.63,1
511944,59,83,127,823,2,29,4294967295,25.68,1017.92,26.66,126.31,-7.63,1
512940,58,83,127,823,2,29,4294967295,25.68,1017.92,26.67,125.56,-7.63,1
513936,59,84,128,823,2,29,4294967295,25.68,1017.92,26.70,125.65,-7.55,1
514932,59,82,128,823,2,29,4294967295,25.68,1017.91,26.70,126.50,-7.63,1
515928,59,83,127,822,2,29,4294967295,25.68,1017.92,26.72,125.94,-7.71,1
516924,59,83,127,823,2,29,4294967295,25.68,1017.93,26.74,125.94,-7.71,1
517920,59,82,127,822,2,29,4294967295,25.68,1017.93,26.76,125.75,-7.79,1
518916,59,82,127,822,2,30,4294967295,25.68,1017.94,26.78,126.22,-7.79,1
519912,59,83,128,823,2,30,4294967295,25.68,1017.94,26.81,125.09,-7.88,1
520908,59,83,127,822,2,29,4294967295,25.68,1017.95,26.82,125.56,-7.88,1
521904,59,83,128,822,2,30,4294967295,25.68,1017.95,26.87,125.28,-7.88,1
522900,59,83,127,823,3,30,4294967295,25.68,1017.95,26.89,125.19,-7.79,1
523896,59,83,128,822,2,30,4294967295,25.68,1017.94,26.91,125.19,-7.88,1
524892,59,83,127,822,2,28,4294967295,25.68,1017.95,26.95,124.63,-7.88,1
525888,59,83,128,822,2,29,4294967295,25.68,1017.95,26.98,124.63,-7.88,1
526884,59,83,127,822,2,29,4294967295,25.68,1017.95,27.03,125.00,-7.88,1
527880,59,83,126,822,2,29,4294967295,25.68,1017.95,27.05,124.08,-7.88,1
528876,59,83,127,822,2,29,4294967295,25.68,1017.95,27.10,124.26,-7.88,1
529872,59,83,127,822,2,29,4294967295,25.68,1017.95,27.12,123.71,-7.88,1
530868,59,83,127,822,2,29,4294967295,25.68,1017.95,27.16,124.08,-7.79,1
531864,59,83,127,822,2,29,4294967295,25.68,1017.94,27.18,123.62,-7.88,1
532860,59,83,127,822,2,29,4294967295,25.68,1017.95,27.20,123.98,-7.88,1
533856,59,82,127,822,2,28,4294967295,25.68,1017.95,27.21,123.08,-7.79,1
534852,59,83,127,821,2,29,4294967295,25.68,1017.94,27.23,123.53,-7.71,1
535848,59,82,127,821,2,29,4294967295,25.69,1017.93,27.24,123.80,-7.63,1
536844,58,83,127,821,2,30,4294967295,25.69,1017.92,27.25,123.44,-7.63,1
537840,58,83,127,821,2,29,4294967295,25.69,1017.92,27.28,123.35,-7.63,1
538836,58,82,127,820,2,29,4294967295,25.69,1017.92,27.29,123.08,-7.63,1
539832,59,83,126,820,2,29,4294967295,25.69,1017.92,27.30,123.26,-7.71,1
540828,59,83,127,820,2,30,4294967295,25.69,1017.93,27.31,122.90,-7.79,1
541824,59,82,126,820,2,31,4294967295,25.69,1017.94,27.33,122.81,-7.79,1
542820,59,82,128,820,2,29,4294967295,25.69,1017.94,27.35,123.17,-7.88,1
543816,59,82,127,821,3,31,4294967295,25.69,1017.95,27.37,122.63,-7.96,1
544812,58,82,128,821,2,30,4294967295,25.69,1017.96,27.38,122.54,-8.04,1
545808,59,82,128,821,2,30,4294967295,25.69,1017.97,27.40,123.17,-8.13,1
546804,58,82,127,820,2,30,4294967295,25.69,1017.98,27.41,122.01,-8.13,1
547800,58,83,127,821,2,29,4294967295,25.69,1017.98,27.44,122.27,-8.21,1
548796,59,83,127,821,2,29,4294967295,25.69,1017.99,27.46,122.81,-8.21,1
549792,59,83,127,821,2,30,4294967295,25.69,1017.99,27.48,122.18,-8.21,1
550788,58,83,126,822,2,29,4294967295,25.69,1017.99,27.48,122.01,-8.21,1
551784,59,83,127,821,2,29,4294967295,25.69,1017.99,27.50,122.01,-8.13,1
552780,59,83,128,822,2,31,4294967295,25.69,1017.98,27.52,121.65,-8.04,1
553776,59,83,127,822,2,29,4294967295,25.69,1017.97,27.53,122.09,-8.04,1
554772,59,83,128,822,2,29,4294967295,25.69,1017.97,27.55,121.74,-7.96,1
555768,59,82,128,823,2,30,4294967295,25.69,1017.96,27.57,121.92,-7.96,1
556764,59,83,128,822,2,29,4294967295,25.69,1017.96,27.59,122.09,-8.04,1
557760,59,83,128,822,2,29,4294967295,25.69,1017.97,27.59,122.09,-7.96,1
558756,59,82,129,823,2,30,4294967295,25.69,1017.96,27.62,121.39,-7.96,1
559752,59,83,128,823,2,30,4294967295,25.69,1017.96,27.63,121.74,-8.13,1
560748,59,83,129,823,2,29,4294967295,25.69,1017.98,27.64,121.39,-8.04,1
561744,58,83,129,824,2,30,4294967295,25.69,1017.97,27.66,121.48,-8.21,1
562740,59,83,127,824,2,30,4294967295,25.69,1017.99,27.68,120.78,-8.29,1
563736,59,83,128,825,2,30,4294967295,25.69,1018.00,27.69,120.69,-8.29,1
564732,59,82,129,824,2,29,4294967295,25.69,1018.00,27.72,120.69,-8.37,1
565728,59,83,128,823,2,30,4294967295,25.69,1018.01,27.72,120.52,-8.37,1
566724,59,82,129,824,2,29,4294967295,25.69,1018.01,27.73,120.69,-8.37,1
567720,59,83,128,824,2,30,4294967295,25.69,1018.01,27.75,120.17,-8.37,1
568716,59,83,128,824,2,30,4294967295,25.69,1018.01,27.76,120.69,-8.46,1
569712,59,83,129,824,2,29,4294967295,25.69,1018.02,27.78,120.52,-8.37,1
570708,58,83,129,824,2,29,4294967295,25.69,1018.01,27.78,120.52,-8.37,1
571704,58,82,129,824,2,29,4294967295,25.70,1018.01,27.79,121.04,-8.37,1
572700,59,82,129,824,1,30,4294967295,25.70,1018.01,27.81,120.87,-8.29,1
573696,59,83,128,824,2,31,4294967295,25.70,1018.00,27.82,120.69,-8.13,1
574692,59,83,129,824,2,30,4294967295,25.70,1017.98,27.82,120.17,-8.13,1
575688,59,83,129,824,2,30,4294967295,25.70,1017.98,27.83,120.78,-8.13,1
576684,59,83,129,824,2,30,4294967295,25.70,1017.98,27.85,120.52,-8.13,1
577680,59,83,129,824,2,30,4294967295,25.70,1017.98,27.85,120.26,-8.13,1
578676,59,82,129,824,2,30,4294967295,25.70,1017.98,27.86,120.26,-8.13,1
579672,59,83,128,824,2,30,4294967295,25.70,1017.98,27.87,119.66,-8.13,1
580668,59,83,128,824,2,30,4294967295,25.70,1017.98,27.88,120.69,-8.04,1
581664,59,83,128,823,2,30,4294967295,25.70,1017.97,27.89,120.17,-8.04,1
582660,58,83,128,822,2,30,4294967295,25.70,1017.97,27.90,119.83,-8.13,1
583656,59,83,128,822,2,29,4294967295,25.70,1017.98,27.91,119.66,-8.21,1
584652,59,83,127,823,2,30,4294967295,25.70,1017.99,27.92,119.49,-8.21,1
585648,59,83,128,823,2,30,4294967295,25.70,1017.99,27.92,120.52,-8.21,1
586644,59,83,128,823,2,30,4294967295,25.70,1017.99,27.94,120.61,-8.21,1
587640,59,83,128,823,2,29,4294967295,25.70,1017.99,27.96,119.92,-8.21,1
588636,59,83,128,823,2,32,4294967295,25.70,1017.99,27.98,119.32,-8.21,1
589632,59,83,129,823,2,30,4294967295,25.70,1017.99,28.00,119.32,-8.21,1
590628,59,83,128,823,2,32,4294967295,25.70,1017.99,28.02,119.15,-8.13,1
591624,59,83,129,823,2,32,4294967295,25.70,1017.98,28.04,118.98,-8.21,1
592620,59,83,129,824,2,30,4294967295,25.70,1017.99,28.07,119.49,-8.21,1
593616,59,83,129,823,2,31,4294967295,25.70,1017.99,28.10,119.49,-8.21,1
594612,59,82,128,824,2,29,4294967295,25.70,1017.99,28.11,118.56,-8.21,1
595608,59,82,129,825,2,30,4294967295,25.70,1017.99,28.14,118.98,-8.21,1
596604,59,82,129,824,2,30,4294967295,25.70,1017.99,28.16,119.07,-8.13,1
597600,60,83,129,825,2,29,4294967295,25.70,1017.98,28.19,119.15,-8.13,1
598596,59,83,129,824,2,30,4294967295,25.70,1017.98,28.21,118.56,-8.21,1
599592,59,83,129,825,2,32,4294967295,25.70,1017.99,28.23,118.31,-8.29,1
0,58,83,129,825,2,29,4294967295,25.70,1018.00,28.24,118.15,-8.37,1
996,59,83,129,824,2,31,4294967295,25.62,1018.01,28.39,113.37,-8.37,1
1992,59,83,129,825,2,29,4294967295,25.61,1018.01,28.48,113.83,-8.46,1
2988,59,84,129,825,2,30,4294967295,25.62,1018.02,28.51,114.45,-8.54,1
3984,59,83,129,824,2,30,4294967295,25.63,1018.03,28.54,114.29,-8.54,1
4980,60,84,129,825,2,30,4294967295,25.64,1018.03,28.56,114.37,-8.46,1
5976,59,83,129,825,2,29,4294967295,25.65,1018.02,28.55,114.76,-8.46,1
6972,59,83,129,825,2,31,4294967295,25.65,1018.02,28.56,114.92,-8.37,1
7968,60,83,130,826,2,30,4294967295,25.66,1018.01,28.57,114.45,-8.37,1
8964,60,83,130,826,2,31,4294967295,25.67,1018.01,28.56,115.31,-8.37,1
9960,60,83,130,826,2,30,4294967295,25.67,1018.01,28.57,114.60,-8.29,1
10956,60,83,129,826,2,30,4294967295,25.68,1018.00,28.58,114.76,-8.29,1
11952,60,84,129,826,2,30,4294967295,25.68,1018.00,28.56,114.92,-8.13,1
12948,59,83,130,825,2,30,4294967295,25.68,1017.98,28.56,115.71,-8.13,1
13944,59,84,129,826,2,31,4294967295,25.69,1017.98,28.56,115.87,-8.13,1
14940,60,83,130,826,2,30,4294967295,25.69,1017.98,28.56,115.07,-8.13,1
15936,59,83,129,826,3,31,4294967295,25.69,1017.98,28.57,114.76,-8.21,1
16932,60,84,130,826,2,31,4294967295,25.69,1017.99,28.57,114.60,-8.21,1
17928,60,84,130,826,2,30,4294967295,25.69,1017.99,28.55,115.07,-8.21,1
18924,60,83,130,826,2,32,4294967295,25.69,1017.99,28.55,115.39,-8.21,1
19920,59,83,130,826,2,33,4294967295,25.69,1017.99,28.53,115.31,-8.29,1
20916,60,83,130,827,2,32,4294967295,25.69,1018.00,28.51,115.71,-8.37,1
21912,59,84,130,827,2,32,4294967295,25.70,1018.01,28.47,116.19,-8.46,1
22908,59,84,130,828,3,31,4294967295,25.70,1018.02,28.43,116.67,-8.46,1
23904,60,83,130,828,2,30,4294967295,25.70,1018.02,28.38,117.16,-8.46,1
24900,59,84,130,828,2,31,4294967295,25.70,1018.02,28.33,117.32,-8.54,1
25896,59,84,130,829,2,29,4294967295,25.70,1018.03,28.25,117.57,-8.37,1
26892,60,84,130,829,2,29,4294967295,25.70,1018.01,28.17,118.82,-8.46,1
27888,60,84,131,829,2,30,4294967295,25.70,1018.02,28.06,118.65,-8.37,1
28884,60,84,131,830,2,30,4294967295,25.70,1018.01,27.93,119.83,-8.37,1
29880,60,85,131,830,2,29,4294967295,25.70,1018.01,27.75,121.04,-8.37,1
30876,60,84,132,832,2,30,4294967295,25.70,1018.01,27.52,122.99,-8.37,1
31872,60,84,133,831,2,29,4294967295,25.70,1018.01,27.28,123.71,-8.29,1
32868,61,85,132,832,2,29,4294967295,25.70,1018.00,27.09,123.80,-8.29,1
33864,60,85,133,833,2,29,4294967295,25.70,1018.00,26.95,124.35,-8.21,1
34860,61,85,132,834,2,30,4294967295,25.70,1017.99,26.84,124.54,-8.21,1
35856,61,85,133,834,2,29,4294967295,25.70,1017.99,26.76,125.28,-8.21,1
36852,61,85,134,834,2,30,4294967295,25.70,1017.99,26.69,125.75,-8.21,1
37848,61,85,133,834,2,29,4294967295,25.70,1017.99,26.63,126.31,-8.13,1
38844,61,85,133,834,2,29,4294967295,25.70,1017.98,26.58,126.50,-8.13,1
39840,61,85,134,835,2,29,4294967295,25.70,1017.98,26.53,127.17,-8.13,1
40836,61,85,134,835,2,29,4294967295,25.70,1017.98,26.42,127.85,-8.13,1
41832,61,84,133,835,2,29,4294967295,25.70,1017.98,26.31,128.93,-8.13,1
42828,61,85,133,835,2,29,4294967295,25.70,1017.98,26.16,130.53,-8.13,1
43824,61,85,134,834,2,29,4294967295,25.70,1017.98,25.98,131.86,-8.13,1
44820,61,85,133,834,1,29,4294967295,25.70,1017.98,25.79,131.97,-8.13,1
45816,62,85,134,834,2,30,4294967295,25.70,1017.98,25.62,132.90,-8.13,1
46812,61,85,134,834,2,29,4294967295,25.70,1017.98,25.48,133.75,-8.04,1
47808,61,85,134,835,2,29,4294967295,25.70,1017.97,25.38,134.28,-8.13,1
48804,61,85,135,836,2,29,4294967295,25.70,1017.98,25.35,133.33,-8.21,1
49800,61,85,135,836,2,29,4294967295,25.70,1017.99,25.38,133.33,-8.13,1
50796,61,85,135,836,2,30,4294967295,25.70,1017.98,25.46,133.12,-8.13,1
51792,62,85,134,836,2,28,4294967295,25.70,1017.98,25.58,132.59,-8.13,1
52788,62,85,135,836,2,29,4294967295,25.70,1017.98,25.74,132.49,-8.29,1
53784,61,85,134,834,2,29,4294967295,25.70,1018.00,25.91,131.25,-8.29,1
54780,61,85,134,835,2,29,4294967295,25.70,1018.00,26.09,130.53,-8.29,1
55776,62,85,134,835,2,30,4294967295,25.70,1018.00,26.25,129.43,-8.29,1
56772,62,85,134,834,1,30,4294967295,25.70,1018.00,26.35,129.63,-8.29,1
