timestamp,NO2,C2H50H,VOC,CO,Alcohol,LPG,Benzene,Temperature,Pressure,Humidity,Gas_Resistance,Altitude,State542820,59,145,208,903,5,275,4294967295,25.59,1018.85,25.04,180.39,-15.25,1
543816,59,145,207,901,5,261,4294967295,25.58,1018.84,25.02,181.36,-15.33,1
544812,59,144,207,900,5,259,4294967295,25.58,1018.85,25.01,184.96,-15.25,1
545808,58,144,206,899,5,256,4294967295,25.58,1018.84,25.01,185.34,-15.33,1
546804,59,143,205,898,5,246,4294967295,25.58,1018.85,25.02,186.71,-15.33,1
547800,59,144,205,897,5,231,4294967295,25.58,1018.85,25.02,189.38,-15.25,1
548796,58,143,205,896,5,247,4294967295,25.58,1018.84,25.05,191.02,-15.33,1
549792,58,143,203,894,5,243,4294967295,25.57,1018.85,25.03,193.14,-15.25,1
550788,57,142,204,894,5,246,4294967295,25.57,1018.84,25.04,194.16,-15.25,1
551784,57,143,203,891,5,255,4294967295,25.57,1018.84,25.05,196.35,-15.25,1
552780,57,143,203,891,5,282,4294967295,25.57,1018.84,25.04,198.48,-15.33,1
553776,57,142,202,890,5,226,4294967295,25.57,1018.85,25.05,200.77,-15.42,1
554772,57,142,202,889,5,230,4294967295,25.57,1018.86,25.03,201.99,-15.42,1
555768,57,142,201,888,5,230,4294967295,25.57,1018.86,25.05,203.36,-15.50,1
556764,57,142,201,887,5,227,4294967295,25.57,1018.87,25.06,205.38,-15.50,1
557760,57,141,200,887,5,221,4294967295,25.57,1018.87,25.06,206.79,-15.50,1
558756,56,140,200,886,5,224,4294967295,25.57,1018.87,25.06,208.62,-15.50,1
559752,56,141,199,884,5,225,4294967295,25.57,1018.87,25.06,209.41,-15.58,1
560748,56,141,199,884,5,223,4294967295,25.57,1018.88,25.07,211.29,-15.50,1
561744,56,141,199,884,5,237,4294967295,25.57,1018.87,25.07,212.51,-15.50,1
562740,56,140,198,884,5,221,4294967295,25.57,1018.87,25.07,212.92,-15.50,1
563736,56,140,198,885,4,220,4294967295,25.57,1018.87,25.07,214.58,-15.42,1
564732,56,140,197,887,5,214,4294967295,25.57,1018.86,25.07,216.41,-15.50,1
565728,56,140,198,890,5,223,4294967295,25.57,1018.87,25.06,216.97,-15.42,1
566724,55,140,197,894,5,200,4294967295,25.57,1018.86,25.06,219.13,-15.42,1
567720,55,140,197,898,5,213,4294967295,25.57,1018.86,25.06,220.15,-15.42,1
568716,55,140,197,901,5,213,4294967295,25.57,1018.86,25.04,221.93,-15.50,1
569712,54,140,197,904,5,199,4294967295,25.57,1018.87,25.03,222.08,-15.50,1
570708,55,140,197,906,5,208,4294967295,25.57,1018.87,25.04,223.73,-15.50,1
571704,55,140,197,908,5,211,4294967295,25.58,1018.87,25.04,221.48,-15.50,1
572700,55,140,197,910,5,215,4294967295,25.58,1018.87,25.05,220.15,-15.50,1
573696,55,140,197,914,5,221,4294967295,25.58,1018.87,25.05,219.71,-15.50,1
574692,55,140,198,918,5,215,4294967295,25.58,1018.87,25.07,218.55,-15.50,1
575688,55,141,197,919,5,217,4294967295,25.58,1018.87,25.07,217.98,-15.50,1
576684,55,141,196,919,5,216,4294967295,25.58,1018.87,25.08,219.13,-15.50,1
577680,55,140,197,919,6,216,4294967295,25.58,1018.87,25.07,218.55,-15.50,1
578676,54,140,196,920,5,203,4294967295,25.58,1018.87,25.10,218.70,-15.50,1
579672,55,140,197,921,5,216,4294967295,25.58,1018.87,25.09,218.55,-15.50,1
580668,55,140,196,922,5,215,4294967295,25.58,1018.87,25.08,218.84,-15.50,1
581664,55,141,197,925,5,213,4294967295,25.58,1018.87,25.10,217.55,-15.50,1
582660,54,141,198,928,5,208,4294967295,25.58,1018.87,25.11,216.69,-15.58,1
583656,55,141,197,931,5,216,4294967295,25.58,1018.88,25.13,216.41,-15.50,1
584652,55,142,198,934,5,219,4294967295,25.58,1018.87,25.12,216.27,-15.50,1
585648,54,141,198,935,5,216,4294967295,25.58,1018.87,25.14,216.55,-15.50,1
586644,54,142,198,936,5,218,4294967295,25.58,1018.87,25.14,217.12,-15.42,1
587640,55,141,198,936,5,200,4294967295,25.58,1018.86,25.14,216.97,-15.42,1
588636,54,142,198,937,5,217,4294967295,25.58,1018.86,25.14,213.20,-15.33,1
589632,55,141,199,939,5,215,4294967295,25.58,1018.85,25.18,209.15,-15.42,1
590628,55,142,199,940,5,218,4294967295,25.59,1018.86,25.21,203.49,-15.42,1
591624,55,141,199,940,5,199,4294967295,25.59,1018.86,25.28,199.56,-15.50,1
592620,55,142,198,940,5,216,4294967295,25.59,1018.87,25.33,196.82,-15.50,1
593616,54,142,198,939,5,220,4294967295,25.59,1018.87,25.36,194.74,-15.50,1
594612,55,141,197,938,5,218,4294967295,25.59,1018.87,25.39,192.58,-15.58,1
595608,55,141,197,937,5,217,4294967295,25.59,1018.88,25.43,188.30,-15.50,1
596604,55,141,196,936,5,218,4294967295,25.59,1018.87,25.48,186.60,-15.50,1
597600,55,141,197,936,5,218,4294967295,25.59,1018.87,25.53,184.55,-15.50,1
598596,54,141,198,937,5,218,4294967295,25.59,1018.87,25.57,180.20,-15.58,1
599592,55,141,197,939,5,258,4294967295,25.59,1018.88,25.61,174.95,-15.50,1
0,54,141,200,944,5,221,4294967295,25.59,1018.87,25.68,171.03,-15.50,1
996,54,142,199,945,5,244,4294967295,25.53,1018.87,25.84,163.86,-15.42,1
1992,55,142,200,947,5,218,4294967295,25.52,1018.86,25.90,164.34,-15.42,1
2988,55,142,201,947,5,220,4294967295,25.52,1018.86,25.89,164.83,-15.42,1
3984,55,142,201,948,5,221,4294967295,25.53,1018.86,25.89,166.29,-15.50,1
4980,56,142,201,948,5,249,4294967295,25.54,1018.87,25.87,164.34,-15.50,1
5976,55,143,201,949,5,220,4294967295,25.55,1018.87,25.88,161.04,-15.58,1
6972,55,143,202,951,5,218,4294967295,25.56,1018.88,25.90,158.76,-15.67,1
7968,56,142,203,952,4,205,4294967295,25.56,1018.89,25.90,158.16,-15.58,1
8964,56,143,203,954,5,220,4294967295,25.57,1018.88,25.88,156.98,-15.58,1
9960,55,143,202,954,6,220,4294967295,25.57,1018.88,25.88,155.24,-15.67,1
10956,56,144,203,954,5,221,4294967295,25.57,1018.89,25.90,154.10,-15.67,1
11952,56,143,202,955,5,225,4294967295,25.58,1018.89,25.89,153.26,-15.67,1
12948,55,144,203,955,5,207,4294967295,25.58,1018.89,25.88,152.84,-15.58,1
13944,55,144,204,956,5,222,4294967295,25.58,1018.88,25.87,154.38,-15.58,1
14940,56,144,204,956,5,223,4294967295,25.58,1018.88,25.84,156.25,-15.58,1
15936,56,144,205,957,5,222,4294967295,25.58,1018.88,25.80,156.98,-15.58,1
16932,56,144,204,957,5,206,4294967295,25.58,1018.88,25.77,159.06,-15.58,1
17928,56,144,204,957,5,223,4294967295,25.59,1018.88,25.72,160.88,-15.50,1
18924,56,144,205,957,4,224,4294967295,25.59,1018.87,25.69,163.39,-15.50,1
19920,56,144,205,957,5,224,4294967295,25.59,1018.87,25.65,164.67,-15.50,1
20916,56,144,205,958,5,226,4294967295,25.59,1018.87,25.62,166.13,-15.58,1
21912,56,145,205,959,5,228,4294967295,25.59,1018.88,25.58,165.97,-15.67,1
22908,56,145,206,960,5,225,4294967295,25.59,1018.89,25.54,167.96,-15.67,1
23904,56,145,206,960,5,219,4294967295,25.59,1018.89,25.52,167.96,-15.58,1
24900,57,145,206,960,5,221,4294967295,25.59,1018.88,25.51,168.97,-15.67,1
25896,56,145,207,961,5,228,4294967295,25.59,1018.89,25.50,169.14,-15.67,1
26892,57,145,207,962,5,224,4294967295,25.59,1018.89,25.48,170.17,-15.67,1
27888,57,146,207,962,5,234,4294967295,25.59,1018.89,25.48,168.29,-15.75,1
28884,57,146,207,962,5,223,4294967295,25.59,1018.90,25.47,166.96,-15.75,1
29880,57,145,208,962,5,224,4294967295,25.59,1018.90,25.51,164.02,-15.67,1
30876,57,146,207,962,7,227,4294967295,25.60,1018.89,25.54,162.44,-15.67,1
31872,57,146,207,962,5,223,4294967295,25.59,1018.89,25.56,163.23,-15.67,1
32868,57,145,206,962,5,228,4294967295,25.60,1018.89,25.58,162.60,-15.67,1
33864,57,146,206,962,5,232,4294967295,25.60,1018.89,25.59,163.07,-15.58,1
34860,57,145,204,961,5,211,4294967295,25.60,1018.88,25.59,161.97,-15.58,1
35856,57,145,204,959,6,250,4294967295,25.60,1018.88,25.62,159.97,-15.58,1
36852,57,145,205,959,5,230,4294967295,25.60,1018.88,25.66,157.71,-15.50,1
37848,57,144,204,958,5,234,4294967295,25.60,1018.87,25.68,156.83,-15.50,1
38844,57,143,203,956,6,238,4294967295,25.60,1018.87,25.69,155.24,-15.58,1
39840,56,143,202,954,7,276,4294967295,25.60,1018.88,25.74,154.10,-15.58,1
40836,57,144,204,953,5,237,4294967295,25.60,1018.88,25.77,153.12,-15.58,1
41832,57,143,204,953,4,230,4294967295,25.60,1018.88,25.78,152.70,-15.58,1
42828,57,144,204,954,5,232,4294967295,25.60,1018.88,25.77,153.26,-15.50,1
43824,57,144,204,954,7,232,4294967295,25.60,1018.87,25.76,153.82,-15.50,1
44820,57,144,204,954,5,236,4294967295,25.60,1018.87,25.76,154.53,-15.50,1
45816,57,144,205,954,5,238,4294967295,25.60,1018.87,25.74,154.24,-15.42,1
46812,57,144,205,954,5,273,4294967295,25.60,1018.86,25.73,152.43,-15.42,1
47808,58,144,204,955,5,240,4294967295,25.60,1018.86,25.77,151.74,-15.42,1
48804,58,144,204,955,7,239,4294967295,25.60,1018.86,25.75,151.87,-15.50,1
49800,58,144,204,955,5,243,4294967295,25.60,1018.87,25.76,151.60,-15.58,1
50796,58,143,204,954,5,246,4294967295,25.60,1018.88,25.75,151.87,-15.58,1
51792,58,144,205,954,6,246,4294967295,25.60,1018.88,25.75,152.15,-15.67,1
52788,58,144,205,955,5,240,4294967295,25.60,1018.89,25.75,151.19,-15.67,1
53784,58,144,206,955,5,238,4294967295,25.60,1018.89,25.75,151.46,-15.67,1
54780,57,144,206,955,5,242,4294967295,25.60,1018.89,25.75,152.29,-15.67,1
55776,58,143,205,954,6,247,4294967295,25.60,1018.89,25.76,151.33,-15.67,1
56772,58,143,205,954,5,247,4294967295,25.61,1018.89,25.76,150.65,-15.75,1
57768,57,143,205,953,5,247,4294967295,25.61,1018.90,25.77,151.33,-15.83,1
58764,58,143,205,954,4,248,4294967295,25.61,1018.91,25.76,150.92,-15.75,1
59760,58,144,205,955,5,248,4294967295,25.61,1018.90,25.77,150.51,-15.75,1
60756,58,144,205,955,5,246,4294967295,25.61,1018.90,25.78,149.84,-15.75,1
61752,58,144,205,956,6,252,4294967295,25.61,1018.90,25.78,149.18,-15.83,1
62748,58,144,205,957,6,246,4294967295,25.61,1018.91,25.80,149.71,-15.83,1
63744,58,144,205,957,5,249,4294967295,25.61,1018.91,25.79,151.33,-15.83,1
64740,58,144,204,957,5,249,4294967295,25.60,1018.91,25.77,151.74,-15.83,1
65736,58,144,204,956,5,251,4294967295,25.60,1018.91,25.75,152.98,-15.83,1
66732,58,144,205,956,5,252,4294967295,25.60,1018.91,25.73,153.40,-15.83,1
67728,58,144,206,957,5,253,4294967295,25.60,1018.91,25.72,153.68,-15.83,1
68724,58,144,207,958,5,256,4294967295,25.60,1018.91,25.71,152.43,-15.83,1
69720,58,145,207,959,6,258,4294967295,25.60,1018.91,25.72,150.38,-15.83,1
70716,58,145,207,960,6,254,4294967295,25.61,1018.91,25.75,149.44,-15.83,1
71712,58,145,208,960,6,253,4294967295,25.61,1018.91,25.77,148.26,-15.75,1
72708,59,145,207,960,6,254,4294967295,25.61,1018.90,25.78,145.31,-15.75,1
73704,58,144,207,959,6,257,4294967295,25.61,1018.90,25.84,143.57,-15.83,1
74700,58,144,206,958,6,251,4294967295,25.61,1018.91,25.88,142.84,-15.83,1
75696,58,143,205,957,6,257,4294967295,25.61,1018.91,25.90,142.72,-15.83,1
76692,58,144,206,957,6,257,4294967295,25.61,1018.91,25.90,143.82,-15.83,1
77688,58,143,207,957,6,255,4294967295,25.61,1018.91,25.90,144.19,-15.83,1
78684,59,144,208,958,6,263,4294967295,25.61,1018.91,25.89,144.56,-15.91,1
79680,58,144,208,959,6,258,4294967295,25.61,1018.92,25.87,145.31,-15.91,1
80676,59,145,208,960,6,260,4294967295,25.61,1018.92,25.87,144.56,-16.00,1
81672,59,144,209,960,6,259,4294967295,25.61,1018.93,25.88,143.94,-15.91,1
82668,59,144,209,960,5,257,4294967295,25.61,1018.92,25.87,143.70,-15.91,1
83664,59,144,209,961,6,262,4294967295,25.61,1018.92,25.87,142.60,-15.91,1
84660,59,145,209,961,6,257,4294967295,25.61,1018.92,25.88,143.09,-15.83,1
85656,59,145,209,961,6,301,4294967295,25.60,1018.91,25.87,143.94,-15.75,1
86652,59,145,208,961,6,257,4294967295,25.60,1018.90,25.86,144.68,-15.75,1
87648,59,145,208,961,7,259,4294967295,25.61,1018.90,25.85,144.56,-15.75,1
88644,59,145,209,961,6,264,4294967295,25.61,1018.90,25.85,143.70,-15.83,1
89640,59,144,208,959,6,259,4294967295,25.61,1018.91,25.87,143.09,-15.83,1
90636,59,143,206,958,6,253,4294967295,25.61,1018.91,25.90,142.00,-15.83,1
91632,59,143,207,956,6,256,4294967295,25.61,1018.91,25.92,142.12,-15.75,1
92628,60,143,207,956,5,252,4294967295,25.61,1018.90,25.92,141.88,-15.75,1
93624,59,144,208,957,5,238,4294967295,25.61,1018.90,25.92,142.48,-15.75,1
94620,60,144,208,957,6,260,4294967295,25.61,1018.90,25.90,143.09,-15.83,1
95616,60,144,208,957,6,260,4294967295,25.61,1018.91,25.88,143.70,-15.91,1
96612,60,143,208,957,6,263,4294967295,25.61,1018.92,25.87,142.84,-15.91,1
97608,60,144,207,957,6,261,4294967295,25.61,1018.92,25.89,141.28,-15.91,1
98604,59,143,207,956,6,256,4294967295,25.61,1018.92,25.90,140.57,-15.83,1
99600,59,142,206,955,6,258,4294967295,25.61,1018.91,25.90,141.04,-15.83,1
100596,59,142,206,953,6,258,4294967295,25.61,1018.91,25.89,141.52,-15.83,1
101592,59,143,206,953,5,260,4294967295,25.61,1018.91,25.89,141.52,-15.83,1
102588,60,142,207,952,5,258,4294967295,25.61,1018.91,25.90,140.46,-15.83,1
103584,60,142,207,952,5,256,4294967295,25.61,1018.91,25.90,139.52,-15.83,1
104580,60,143,207,954,5,255,4294967295,25.61,1018.91,25.92,138.83,-15.83,1
105576,60,143,207,954,5,234,4294967295,25.61,1018.91,25.93,137.58,-15.83,1
106572,60,143,207,955,5,251,4294967295,25.61,1018.91,25.93,137.02,-15.83,1
107568,59,143,207,955,5,255,4294967295,25.61,1018.91,25.95,134.93,-15.91,1
108564,60,143,207,956,5,261,4294967295,25.61,1018.92,25.98,132.28,-16.00,1
109560,60,143,208,957,5,258,4294967295,25.61,1018.93,26.04,129.23,-16.00,1
110556,60,144,208,958,5,262,4294967295,25.61,1018.93,26.16,126.69,-16.00,1
111552,60,144,208,958,5,260,4294967295,25.61,1018.93,26.24,124.91,-16.00,1
112548,60,143,208,958,5,244,4294967295,25.61,1018.93,26.29,124.72,-16.00,1
113544,60,143,208,957,5,265,4294967295,25.61,1018.93,26.34,125.00,-16.00,1
114540,60,143,209,958,6,265,4294967295,25.61,1018.93,26.32,125.37,-16.00,1
115536,60,144,210,958,6,269,4294967295,25.61,1018.93,26.32,126.50,-16.08,1
116532,61,145,211,960,6,255,4294967295,25.61,1018.94,26.29,127.46,-16.08,1
117528,60,145,211,961,4,267,4294967295,25.61,1018.94,26.26,128.53,-16.08,1
118524,61,145,211,963,5,238,4294967295,25.61,1018.94,26.22,129.93,-16.08,1
119520,61,146,212,964,5,231,4294967295,25.61,1018.94,26.18,131.66,-16.08,1
120516,62,146,212,965,5,258,4294967295,25.61,1018.94,26.13,133.43,-16.00,1
121512,62,146,213,966,5,258,4294967295,25.61,1018.93,26.08,135.15,-16.08,1
122508,62,146,212,967,5,258,4294967295,25.61,1018.94,26.04,135.26,-16.08,1
123504,62,146,211,966,5,254,4294967295,25.61,1018.94,26.00,136.24,-16.08,1
124500,62,146,211,966,5,255,4294967295,25.61,1018.94,25.97,137.36,-16.08,1
125496,62,146,211,966,5,263,4294967295,25.61,1018.94,25.94,138.60,-16.00,1
126492,62,146,212,966,5,254,4294967295,25.61,1018.93,25.89,139.52,-16.08,1
127488,62,146,212,965,5,254,4294967295,25.61,1018.94,25.88,139.99,-16.00,1
128484,62,146,212,965,5,260,4294967295,25.61,1018.93,25.85,140.22,-16.00,1
129480,62,146,212,965,5,257,4294967295,25.61,1018.93,25.85,139.52,-16.00,1
130476,62,146,212,966,5,252,4294967295,25.61,1018.93,25.85,137.92,-16.08,1
131472,62,146,212,966,5,261,4294967295,25.62,1018.94,25.87,136.91,-16.08,1
132468,62,146,212,966,5,259,4294967295,25.62,1018.94,25.88,137.58,-16.08,1
133464,62,145,212,965,5,259,4294967295,25.61,1018.94,25.88,137.92,-16.00,1
134460,62,146,212,965,5,261,4294967295,25.62,1018.93,25.89,138.15,-16.00,1
135456,62,145,212,964,5,256,4294967295,25.62,1018.93,25.87,138.72,-16.08,1
136452,62,145,211,964,5,240,4294967295,25.62,1018.94,25.86,139.52,-16.08,1
137448,62,145,212,964,5,258,4294967295,25.62,1018.94,25.84,140.81,-16.00,1
138444,62,146,212,964,5,261,4294967295,25.62,1018.93,25.83,141.16,-16.00,1
139440,62,145,214,965,4,272,4294967295,25.62,1018.93,25.80,142.24,-15.91,1
140436,62,146,213,965,5,263,4294967295,25.62,1018.92,25.79,143.09,-15.91,1
141432,62,146,214,966,6,265,4294967295,25.62,1018.92,25.76,144.56,-15.91,1
142428,63,147,214,967,5,277,4294967295,25.62,1018.92,25.74,145.31,-15.83,1
143424,63,147,214,966,5,274,4294967295,25.62,1018.91,25.73,145.31,-15.83,1
144420,63,147,214,967,6,262,4294967295,25.62,1018.91,25.73,146.07,-15.83,1
145416,63,147,215,968,5,264,4294967295,25.62,1018.91,25.72,146.58,-15.83,1
146412,63,147,215,969,5,270,4294967295,25.62,1018.91,25.70,147.74,-15.91,1
147408,63,147,215,969,5,268,4294967295,25.62,1018.92,25.70,148.26,-15.91,1
148404,63,148,215,969,5,273,4294967295,25.62,1018.92,25.70,148.91,-15.91,1
149400,63,148,215,969,4,276,4294967295,25.62,1018.92,25.69,148.00,-15.91,1
150396,63,147,215,969,5,275,4294967295,25.62,1018.92,25.69,147.35,-15.91,1
151392,64,147,215,969,5,273,4294967295,25.62,1018.92,25.73,145.18,-16.00,1
152388,63,148,216,969,6,273,4294967295,25.62,1018.93,25.76,144.19,-15.91,1
153384,63,147,215,970,5,277,4294967295,25.62,1018.92,25.81,141.16,-15.91,1
154380,64,147,214,969,4,273,4294967295,25.62,1018.92,25.87,138.72,-15.83,1
155376,63,148,215,969,5,276,4294967295,25.62,1018.91,25.94,137.81,-15.83,1
156372,64,147,215,969,5,277,4294967295,25.62,1018.91,25.98,137.58,-15.91,1
157368,64,148,215,968,5,272,4294967295,25.62,1018.92,26.00,137.69,-15.83,1
158364,64,147,214,968,5,273,4294967295,25.62,1018.91,26.00,138.15,-15.75,1
159360,64,146,214,967,5,316,4294967295,25.62,1018.90,26.00,138.26,-15.83,1
160356,63,146,213,966,5,274,4294967295,25.62,1018.91,26.01,138.37,-15.83,1
161352,63,146,213,965,5,259,4294967295,25.62,1018.91,25.98,138.83,-15.83,1
162348,63,146,213,964,5,272,4294967295,25.62,1018.91,25.97,139.99,-15.83,1
163344,64,146,213,964,4,275,4294967295,25.62,1018.91,25.94,140.34,-15.75,1
164340,64,145,212,963,5,329,4294967295,25.62,1018.90,25.94,139.18,-15.75,1
165336,63,145,211,961,5,279,4294967295,25.62,1018.90,25.97,137.13,-15.75,1
166332,63,144,210,960,4,277,4294967295,25.62,1018.90,26.03,135.26,-15.83,1
167328,63,144,210,959,5,272,4294967295,25.62,1018.91,26.09,133.43,-15.75,1
168324,63,144,210,960,5,272,4294967295,25.62,1018.90,26.14,133.12,-15.83,1
169320,63,144,210,958,5,273,4294967295,25.62,1018.91,26.17,132.28,-15.83,1
170316,63,145,211,958,4,275,4294967295,25.62,1018.91,26.19,132.49,-15.75,1
171312,63,145,211,959,5,279,4294967295,25.62,1018.90,26.19,132.90,-15.75,1
172308,63,144,211,960,4,272,4294967295,25.62,1018.90,26.17,133.54,-15.75,1
173304,64,145,212,960,5,279,4294967295,25.62,1018.90,26.15,133.43,-15.67,1
174300,63,145,212,961,5,280,4294967295,25.62,1018.89,26.16,131.66,-15.67,1
175296,64,145,212,961,5,276,4294967295,25.62,1018.89,26.18,130.23,-15.67,1
176292,63,144,211,960,5,273,4294967295,25.62,1018.89,26.19,129.73,-15.67,1
177288,63,144,212,960,5,269,4294967295,25.62,1018.89,26.20,129.83,-15.67,1
178284,64,145,212,959,5,276,4294967295,25.62,1018.89,26.23,128.93,-15.58,1
179280,63,144,211,959,5,280,4294967295,25.62,1018.88,26.20,129.23,-15.58,1
180276,63,144,211,958,5,279,4294967295,25.62,1018.88,26.21,128.24,-15.67,1
181272,63,144,210,958,4,307,4294967295,25.62,1018.89,26.21,126.31,-15.75,1
182268,63,143,211,958,5,276,4294967295,25.62,1018.90,26.25,125.94,-15.75,1
183264,63,144,210,957,5,279,4294967295,25.62,1018.90,26.24,126.12,-15.83,1
184260,63,144,211,957,5,280,4294967295,25.62,1018.91,26.23,126.79,-15.83,1
185256,63,143,211,958,5,270,4294967295,25.62,1018.91,26.22,125.65,-15.91,1
186252,63,143,211,958,4,276,4294967295,25.62,1018.92,26.22,124.63,-15.83,1
187248,63,143,211,958,4,276,4294967295,25.62,1018.91,26.22,124.81,-15.91,1
188244,63,143,210,958,5,257,4294967295,25.62,1018.92,26.21,124.63,-15.83,1
189240,63,143,209,957,5,282,4294967295,25.62,1018.91,26.20,124.63,-15.83,1
190236,63,143,210,956,5,282,4294967295,25.62,1018.91,26.20,125.19,-15.83,1
191232,63,143,210,956,5,262,4294967295,25.62,1018.91,26.18,126.12,-15.83,1
192228,63,143,210,957,5,282,4294967295,25.62,1018.91,26.17,126.69,-15.83,1
193224,63,143,211,957,5,280,4294967295,25.62,1018.91,26.14,127.08,-15.75,1
194220,63,143,209,957,5,280,4294967295,25.62,1018.90,26.16,126.69,-15.75,1
195216,63,143,209,957,5,243,4294967295,25.62,1018.90,26.15,126.89,-15.75,1
196212,63,143,210,958,5,278,4294967295,25.62,1018.90,26.14,128.05,-15.83,1
197208,63,143,211,959,4,277,4294967295,25.62,1018.91,26.13,128.53,-15.75,1
198204,63,143,211,959,5,277,4294967295,25.62,1018.90,26.12,128.83,-15.83,1
199200,63,144,211,959,5,281,4294967295,25.62,1018.91,26.10,129.13,-15.83,1
200196,63,143,211,959,5,286,4294967295,25.62,1018.91,26.10,129.33,-15.83,1
201192,63,142,211,959,5,334,4294967295,25.62,1018.91,26.10,129.63,-15.91,1
202188,63,143,210,960,5,273,4294967295,25.62,1018.92,26.09,130.63,-15.91,1
203184,63,142,210,960,5,283,4294967295,25.62,1018.92,26.08,130.73,-15.91,1
204180,63,143,210,960,5,284,4294967295,25.62,1018.92,26.07,130.33,-15.91,1
205176,63,143,210,961,5,282,4294967295,25.62,1018.92,26.09,128.63,-16.00,1
206172,63,143,210,961,7,277,4294967295,25.62,1018.93,26.13,125.84,-16.00,1
207168,63,143,211,961,5,281,4294967295,25.62,1018.93,26.19,123.98,-16.00,1
208164,63,144,211,961,5,281,4294967295,25.62,1018.93,26.27,122.99,-16.08,1
209160,63,143,210,962,5,281,4294967295,25.62,1018.94,26.33,121.74,-16.08,1
210156,63,144,212,962,6,282,4294967295,25.63,1018.94,26.40,121.48,-16.08,1
211152,63,144,212,963,5,271,4294967295,25.62,1018.94,26.44,121.92,-16.00,1
212148,63,144,212,962,5,279,4294967295,25.62,1018.93,26.44,122.18,-16.08,1
213144,63,144,210,961,5,282,4294967295,25.63,1018.94,26.44,121.92,-16.08,1
214140,63,143,210,960,5,281,4294967295,25.63,1018.94,26.45,121.39,-15.91,1
215136,63,143,210,959,5,297,4294967295,25.63,1018.92,26.49,121.04,-15.91,1
216132,63,143,211,959,5,275,4294967295,25.62,1018.92,26.50,120.87,-15.91,1
217128,63,143,210,959,5,276,4294967295,25.62,1018.92,26.51,121.65,-15.83,1
218124,63,142,210,958,5,282,4294967295,25.62,1018.91,26.50,121.74,-15.91,1
219120,63,142,209,957,5,279,4294967295,25.62,1018.92,26.46,122.99,-15.91,1
220116,63,141,208,955,5,280,4294967295,25.62,1018.92,26.42,124.26,-15.91,1
221112,62,141,208,954,5,322,4294967295,25.62,1018.92,26.39,123.71,-15.91,1
222108,63,141,207,953,5,309,4294967295,25.62,1018.92,26.39,121.56,-15.91,1
223104,63,141,208,952,5,285,4294967295,25.62,1018.92,26.44,119.24,-15.91,1
224100,62,141,208,952,7,289,4294967295,25.62,1018.92,26.48,117.65,-15.83,1
225096,63,141,208,953,5,281,4294967295,25.62,1018.91,26.50,117.98,-15.83,1
226092,63,141,209,953,5,283,4294967295,25.62,1018.91,26.49,118.15,-15.91,1
227088,62,141,209,955,5,285,4294967295,25.62,1018.92,26.49,117.98,-15.91,1
228084,62,141,208,956,5,281,4294967295,25.62,1018.92,26.48,116.75,-15.83,1
229080,62,141,209,956,5,289,4294967295,25.62,1018.91,26.49,116.43,-15.83,1
230076,62,141,208,956,5,280,4294967295,25.62,1018.91,26.51,116.11,-15.83,1
231072,62,141,208,956,5,282,4294967295,25.62,1018.91,26.52,114.84,-15.91,1
232068,62,141,208,957,5,279,4294967295,25.63,1018.92,26.56,113.60,-15.83,1
233064,63,141,209,957,5,282,4294967295,25.63,1018.91,26.61,112.99,-15.91,1
234060,63,141,209,957,5,278,4294967295,25.62,1018.92,26.63,112.16,-15.91,1
235056,62,142,209,958,5,276,4294967295,25.62,1018.92,26.66,111.41,-15.91,1
236052,62,141,208,958,5,277,4294967295,25.62,1018.92,26.67,111.34,-15.91,1
237048,62,142,209,958,6,276,4294967295,25.62,1018.92,26.67,112.46,-15.83,1
238044,63,141,208,958,5,280,4294967295,25.62,1018.91,26.66,113.06,-15.75,1
239040,63,140,208,956,5,274,4294967295,25.62,1018.90,26.62,112.91,-15.83,1
240036,62,140,207,954,5,279,4294967295,25.62,1018.91,26.63,112.53,-15.83,1
241032,62,140,207,953,5,271,4294967295,25.62,1018.91,26.64,112.23,-15.83,1
242028,62,140,207,953,5,288,4294967295,25.62,1018.91,26.67,112.38,-15.83,1
243024,62,140,207,952,5,275,4294967295,25.62,1018.91,26.66,112.99,-15.75,1
244020,61,139,207,953,5,323,4294967295,25.62,1018.90,26.65,113.37,-15.67,1
245016,62,140,207,952,5,276,4294967295,25.62,1018.89,26.60,114.06,-15.75,1
246012,62,140,208,953,5,272,4294967295,25.62,1018.90,26.57,114.29,-15.75,1
247008,62,140,207,953,5,271,4294967295,25.62,1018.90,26.54,115.00,-15.83,1
248004,62,140,207,953,5,271,4294967295,25.62,1018.91,26.52,115.15,-15.75,1
249000,62,140,207,953,5,272,4294967295,25.62,1018.90,26.52,113.90,-15.75,1
249996,62,140,207,954,5,266,4294967295,25.62,1018.90,26.58,113.37,-15.75,1
250992,62,140,208,954,5,267,4294967295,25.62,1018.90,26.62,113.37,-15.91,1
251988,62,141,207,955,5,262,4294967295,25.62,1018.92,26.64,113.83,-15.75,1
252984,62,140,208,955,4,261,4294967295,25.62,1018.90,26.63,113.37,-15.75,1
253980,62,140,207,955,4,239,4294967295,25.62,1018.90,26.63,113.44,-15.83,1
254976,62,140,208,955,5,282,4294967295,25.62,1018.91,26.63,113.60,-15.83,1
255972,62,140,208,955,5,279,4294967295,25.62,1018.91,26.61,113.21,-15.75,1
256968,62,140,209,955,5,270,4294967295,25.62,1018.90,26.61,112.31,-15.75,1
257964,62,139,209,956,5,375,4294967295,25.62,1018.90,26.62,112.46,-15.75,1
258960,62,140,209,956,5,314,4294967295,25.62,1018.90,26.62,111.93,-15.75,1
259956,62,140,208,956,4,314,4294967295,25.62,1018.90,26.61,112.31,-15.83,1
260952,62,140,208,956,5,329,4294967295,25.62,1018.91,26.60,112.31,-15.83,1
261948,62,139,208,956,5,335,4294967295,25.62,1018.91,26.58,113.06,-15.83,1
262944,62,139,207,955,5,329,4294967295,25.62,1018.91,26.57,112.76,-15.83,1
263940,61,139,207,954,5,341,4294967295,25.62,1018.91,26.56,112.01,-15.91,1
264936,61,138,206,953,5,332,4294967295,25.62,1018.92,26.60,110.90,-15.83,1
265932,62,138,206,952,5,332,4294967295,25.62,1018.91,26.65,110.17,-15.75,1
266928,62,138,205,952,5,343,4294967295,25.62,1018.90,26.64,111.56,-15.83,1
267924,62,138,206,952,5,337,4294967295,25.62,1018.91,26.61,112.91,-15.83,1
268920,61,138,206,952,5,340,4294967295,25.62,1018.91,26.56,114.29,-15.83,1
269916,61,138,206,953,5,342,4294967295,25.62,1018.91,26.53,115.55,-15.83,1
270912,62,138,206,953,5,351,4294967295,25.62,1018.91,26.49,116.59,-15.83,1
271908,62,138,206,952,5,341,4294967295,25.62,1018.91,26.43,118.06,-15.83,1
272904,61,138,206,952,6,348,4294967295,25.62,1018.91,26.39,119.24,-15.91,1
273900,61,138,206,953,5,344,4294967295,25.62,1018.92,26.34,120.61,-15.91,1
274896,61,138,207,953,5,337,4294967295,25.62,1018.92,26.31,121.48,-15.91,1
275892,61,138,207,952,5,344,4294967295,25.62,1018.92,26.28,122.72,-16.00,1
276888,61,138,207,952,5,345,4294967295,25.62,1018.93,26.24,124.08,-16.00,1
277884,62,138,207,952,5,348,4294967295,25.62,1018.93,26.20,125.56,-15.91,1
278880,61,138,206,951,5,343,4294967295,25.62,1018.92,26.17,126.50,-16.00,1
279876,61,138,206,951,5,350,4294967295,25.62,1018.93,26.13,127.95,-16.00,1
280872,61,138,206,951,5,353,4294967295,25.62,1018.93,26.10,129.33,-16.00,1
281868,61,138,207,952,6,333,4294967295,25.62,1018.93,26.07,129.83,-15.91,1
282864,61,138,206,952,5,346,4294967295,25.62,1018.92,26.05,130.43,-15.91,1
283860,62,138,206,954,6,354,4294967295,25.62,1018.92,26.06,130.23,-16.00,1
284856,61,138,207,954,5,350,4294967295,25.62,1018.93,26.04,129.93,-16.00,1
285852,61,138,208,955,5,343,4294967295,25.62,1018.93,26.07,127.85,-16.08,1
286848,61,138,207,954,5,323,4294967295,25.62,1018.94,26.11,126.03,-16.00,1
287844,61,138,207,954,5,349,4294967295,25.62,1018.93,26.20,124.81,-16.00,1
288840,62,138,207,954,5,358,4294967295,25.62,1018.93,26.25,124.63,-16.00,1
289836,61,138,207,954,5,360,4294967295,25.62,1018.93,26.28,124.81,-16.08,1
290832,62,138,207,954,5,348,4294967295,25.62,1018.94,26.28,125.00,-16.00,1
291828,61,138,208,955,5,351,4294967295,25.62,1018.93,26.30,124.54,-16.00,1
292824,61,138,208,955,5,349,4294967295,25.62,1018.93,26.31,124.54,-16.08,1
293820,62,138,208,956,5,348,4294967295,25.62,1018.94,26.30,125.47,-16.00,1
294816,62,138,207,956,5,335,4294967295,25.62,1018.93,26.29,125.65,-16.00,1
295812,62,137,207,956,5,342,4294967295,25.62,1018.93,26.27,126.22,-16.08,1
296808,61,138,207,956,5,354,4294967295,25.62,1018.94,26.25,126.50,-16.08,1
297804,61,138,207,956,5,362,4294967295,25.62,1018.94,26.24,127.27,-16.08,1
298800,61,138,208,956,5,348,4294967295,25.62,1018.94,26.21,127.85,-16.00,1
299796,61,138,208,957,5,354,4294967295,25.62,1018.93,26.19,128.24,-16.00,1
300792,61,139,208,958,5,353,4294967295,25.62,1018.93,26.19,128.44,-16.00,1
301788,61,139,208,958,5,357,4294967295,25.62,1018.93,26.19,127.66,-16.08,1
302784,61,138,207,957,5,339,4294967295,25.62,1018.94,26.19,127.08,-16.00,1
303780,62,137,206,956,5,340,4294967295,25.62,1018.93,26.23,126.22,-16.00,1
304776,61,137,205,955,5,350,4294967295,25.62,1018.93,26.25,125.37,-16.00,1
305772,61,137,205,954,5,337,4294967295,25.62,1018.93,26.29,124.63,-16.08,1
306768,61,137,205,953,5,335,4294967295,25.62,1018.94,26.33,123.71,-16.08,1
307764,61,137,205,953,5,337,4294967295,25.62,1018.94,26.35,123.80,-16.08,1
308760,61,137,205,952,5,343,4294967295,25.62,1018.94,26.37,122.72,-16.16,1
309756,61,137,205,952,5,348,4294967295,25.62,1018.95,26.39,123.17,-16.08,1
310752,62,137,206,953,5,343,4294967295,25.62,1018.94,26.39,123.98,-16.08,1
311748,61,137,206,954,5,343,4294967295,25.62,1018.94,26.35,125.00,-16.08,1
312744,61,137,207,954,4,343,4294967295,25.62,1018.94,26.33,125.65,-16.08,1
313740,62,137,206,954,5,337,4294967295,25.62,1018.94,26.32,125.00,-16.08,1
314736,61,137,205,953,5,355,4294967295,25.62,1018.94,26.32,125.00,-16.08,1
315732,61,137,206,953,5,338,4294967295,25.62,1018.94,26.33,124.81,-16.00,1
316728,61,137,205,952,4,335,4294967295,25.62,1018.93,26.35,125.09,-16.08,1
317724,61,136,204,952,5,335,4294967295,25.62,1018.94,26.33,125.84,-16.08,1
318720,61,136,205,951,5,330,4294967295,25.62,1018.94,26.34,125.28,-16.08,1
319716,60,136,205,952,5,333,4294967295,25.62,1018.94,26.34,126.03,-16.00,1
320712,61,137,206,952,5,330,4294967295,25.62,1018.93,26.34,126.31,-16.00,1
321708,61,137,206,954,5,337,4294967295,25.62,1018.93,26.34,125.75,-16.00,1
322704,61,137,207,955,5,336,4294967295,25.62,1018.93,26.35,125.19,-16.00,1
323700,61,137,207,956,5,338,4294967295,25.62,1018.93,26.35,124.81,-16.08,1
324696,61,137,208,958,5,332,4294967295,25.62,1018.94,26.38,124.35,-16.08,1
325692,62,137,207,958,5,336,4294967295,25.62,1018.94,26.38,124.44,-15.91,1
326688,61,137,207,958,5,341,4294967295,25.62,1018.92,26.36,124.44,-15.91,1
327684,61,137,206,957,5,350,4294967295,25.62,1018.92,26.35,123.62,-15.91,1
328680,61,137,206,958,5,336,4294967295,25.62,1018.92,26.35,122.27,-15.91,1
329676,61,137,205,957,5,417,4294967295,25.62,1018.92,26.39,120.87,-15.91,1
330672,61,136,205,956,5,365,4294967295,25.63,1018.92,26.45,119.24,-15.91,1
331668,61,136,205,955,5,343,4294967295,25.63,1018.92,26.54,117.82,-15.91,1
332664,61,137,205,955,5,344,4294967295,25.63,1018.92,26.61,117.82,-15.91,1
333660,61,136,205,956,5,344,4294967295,25.62,1018.92,26.65,117.98,-15.91,1
334656,61,137,205,956,4,344,4294967295,25.62,1018.92,26.64,118.65,-15.91,1
335652,61,137,206,956,4,339,4294967295,25.62,1018.92,26.61,120.00,-15.91,1
336648,61,137,206,956,5,345,4294967295,25.62,1018.92,26.59,121.04,-16.00,1
337644,61,137,205,956,5,384,4294967295,25.62,1018.93,26.54,121.21,-15.91,1
338640,61,137,206,955,5,350,4294967295,25.62,1018.92,26.51,121.74,-16.00,1
339636,61,137,206,956,5,338,4294967295,25.62,1018.93,26.49,122.45,-16.00,1
340632,61,136,207,956,5,360,4294967295,25.62,1018.93,26.46,124.17,-16.00,1
341628,61,137,206,956,5,350,4294967295,25.62,1018.93,26.41,125.37,-16.00,1
342624,61,137,206,956,5,416,4294967295,25.62,1018.93,26.36,126.41,-16.00,1
343620,61,137,206,956,5,354,4294967295,25.62,1018.93,26.33,126.89,-16.00,1
344616,61,136,206,956,5,347,4294967295,25.62,1018.93,26.31,127.27,-16.08,1
345612,61,136,206,957,4,363,4294967295,25.62,1018.94,26.30,126.89,-16.16,1
346608,61,136,206,957,5,348,4294967295,25.62,1018.95,26.28,126.50,-16.08,1
347604,61,136,206,957,5,362,4294967295,25.62,1018.94,26.28,125.47,-16.08,1
348600,61,135,205,956,5,349,4294967295,25.62,1018.94,26.31,124.08,-16.00,1
349596,61,135,206,955,5,430,4294967295,25.62,1018.93,26.34,123.53,-16.08,1
350592,61,136,207,956,5,330,4294967295,25.62,1018.94,26.37,123.44,-16.08,1
351588,60,136,206,955,5,346,4294967295,25.62,1018.94,26.38,124.35,-16.08,1
352584,61,136,206,956,5,354,4294967295,25.62,1018.94,26.35,125.19,-16.08,1
353580,61,135,206,955,5,356,4294967295,25.62,1018.94,26.33,127.27,-16.08,1
354576,61,135,205,955,4,350,4294967295,25.62,1018.94,26.29,128.05,-16.16,1
355572,61,135,205,954,5,353,4294967295,25.62,1018.95,26.26,129.63,-16.16,1
356568,61,135,204,953,5,335,4294967295,25.62,1018.95,26.23,129.33,-16.16,1
357564,61,135,203,952,5,353,4294967295,25.62,1018.95,26.21,128.63,-16.16,1
358560,60,135,204,952,5,358,4294967295,25.62,1018.95,26.24,128.05,-16.16,1
359556,61,135,205,952,5,350,4294967295,25.62,1018.95,26.25,128.05,-16.16,1
360552,61,135,205,953,5,354,4294967295,25.62,1018.95,26.26,126.03,-16.16,1
361548,61,136,205,955,5,353,4294967295,25.62,1018.95,26.32,124.44,-16.16,1
362544,61,136,206,956,5,348,4294967295,25.62,1018.95,26.37,123.08,-16.08,1
363540,61,136,206,957,5,367,4294967295,25.62,1018.94,26.40,122.99,-16.08,1
364536,61,136,206,958,5,351,4294967295,25.62,1018.94,26.41,123.80,-16.08,1
365532,61,136,205,957,4,358,4294967295,25.62,1018.94,26.39,123.80,-16.08,1
366528,61,136,205,957,5,351,4294967295,25.62,1018.94,26.41,122.09,-16.08,1
367524,61,136,206,957,5,349,4294967295,25.62,1018.94,26.46,121.30,-16.16,1
368520,61,136,206,958,5,349,4294967295,25.62,1018.95,26.49,120.52,-16.16,1
369516,61,136,207,958,5,350,4294967295,25.62,1018.95,26.50,121.04,-16.25,1
370512,61,136,207,959,5,344,4294967295,25.62,1018.96,26.50,120.69,-16.25,1
371508,61,136,207,959,5,348,4294967295,25.62,1018.96,26.51,119.49,-16.16,1
372504,61,136,207,960,5,360,4294967295,25.62,1018.95,26.53,119.49,-16.25,1
373500,62,136,207,960,5,349,4294967295,25.62,1018.96,26.52,120.87,-16.25,1
374496,61,136,207,960,5,362,4294967295,25.62,1018.96,26.50,120.95,-16.25,1
375492,61,137,207,960,5,353,4294967295,25.62,1018.96,26.47,122.01,-16.25,1
376488,61,136,207,960,6,326,4294967295,25.62,1018.96,26.46,121.83,-16.25,1
377484,61,136,206,960,5,348,4294967295,25.62,1018.96,26.41,123.17,-16.16,1
378480,61,136,207,961,5,337,4294967295,25.62,1018.95,26.38,123.53,-16.16,1
379476,61,136,206,960,5,338,4294967295,25.62,1018.95,26.35,124.81,-16.25,1
380472,61,136,206,959,5,342,4294967295,25.62,1018.96,26.31,126.03,-16.25,1
381468,61,136,206,959,5,348,4294967295,25.62,1018.96,26.28,126.31,-16.33,1
382464,61,136,206,958,5,339,4294967295,25.62,1018.97,26.25,127.75,-16.25,1
383460,61,136,206,959,5,345,4294967295,25.62,1018.96,26.22,129.23,-16.25,1
384456,61,136,207,959,5,344,4294967295,25.62,1018.96,26.18,129.83,-16.25,1
385452,61,136,206,960,5,312,4294967295,25.62,1018.96,26.14,131.66,-16.16,1
386448,62,136,207,960,5,370,4294967295,25.62,1018.95,26.11,132.07,-16.16,1
387444,61,137,207,961,5,344,4294967295,25.62,1018.95,26.08,133.43,-16.08,1
388440,62,137,206,961,5,345,4294967295,25.62,1018.94,26.07,133.33,-16.08,1
389436,61,136,206,960,4,343,4294967295,25.62,1018.94,26.06,133.54,-16.08,1
390432,61,136,205,959,5,351,4294967295,25.61,1018.94,26.06,133.22,-16.08,1
391428,61,135,205,958,5,346,4294967295,25.61,1018.94,26.06,134.28,-16.08,1
392424,61,136,205,957,5,351,4294967295,25.61,1018.94,26.04,135.26,-16.08,1
393420,61,136,205,957,5,348,4294967295,25.61,1018.94,26.04,134.93,-16.08,1
394416,61,135,205,957,5,344,4294967295,25.61,1018.94,26.03,135.47,-16.08,1
395412,61,136,205,958,5,350,4294967295,25.62,1018.94,26.03,134.50,-16.08,1
396408,61,136,206,959,5,352,4294967295,25.62,1018.94,26.05,133.75,-16.08,1
397404,61,136,205,960,5,347,4294967295,25.62,1018.94,26.07,132.59,-16.08,1
398400,61,137,206,959,5,388,4294967295,25.62,1018.94,26.10,132.07,-16.08,1
399396,61,137,206,962,5,335,4294967295,25.62,1018.94,26.13,131.04,-16.00,1
400392,61,137,207,962,5,334,4294967295,25.62,1018.93,26.16,131.45,-16.00,1
401388,61,137,207,961,5,315,4294967295,25.62,1018.93,26.15,131.76,-16.00,1
402384,61,137,207,961,5,352,4294967295,25.62,1018.93,26.16,132.69,-16.08,1
403380,61,136,206,960,4,325,4294967295,25.62,1018.94,26.14,133.12,-16.16,1
404376,61,136,206,960,5,332,4294967295,25.62,1018.95,26.12,133.43,-16.16,1
405372,61,136,205,958,5,322,4294967295,25.62,1018.95,26.12,134.39,-16.16,1
406368,61,136,206,959,5,331,4294967295,25.62,1018.95,26.11,135.37,-16.16,1
407364,61,136,206,958,5,328,4294967295,25.62,1018.95,26.10,135.58,-16.16,1
408360,61,136,207,960,5,341,4294967295,25.62,1018.95,26.09,136.13,-16.25,1
409356,61,137,207,960,5,308,4294967295,25.62,1018.96,26.10,136.35,-16.16,1
410352,61,137,207,961,5,322,4294967295,25.62,1018.95,26.09,137.58,-16.25,1
411348,61,137,206,961,5,315,4294967295,25.62,1018.96,26.07,138.03,-16.25,1
412344,62,137,206,961,5,285,4294967295,25.62,1018.96,26.06,138.95,-16.33,1
413340,62,137,206,962,5,315,4294967295,25.62,1018.97,26.05,139.18,-16.33,1
414336,62,137,207,962,5,284,4294967295,25.62,1018.97,26.03,139.99,-16.33,1
415332,61,137,207,963,5,330,4294967295,25.62,1018.97,26.03,140.46,-16.25,1
416328,61,137,207,962,4,303,4294967295,25.62,1018.96,26.03,140.93,-16.33,1
417324,62,137,208,962,5,301,4294967295,25.62,1018.97,26.02,140.46,-16.33,1
418320,61,136,207,962,5,305,4294967295,25.62,1018.97,26.03,138.03,-16.33,1
419316,61,136,206,961,5,325,4294967295,25.62,1018.97,26.12,133.96,-16.33,1
420312,61,136,206,959,5,314,4294967295,25.62,1018.97,26.24,130.03,-16.25,1
421308,61,135,205,958,5,314,4294967295,25.62,1018.96,26.35,127.95,-16.25,1
422304,61,135,205,957,5,320,4294967295,25.62,1018.96,26.46,126.41,-16.25,1
423300,61,135,205,956,5,327,4294967295,25.62,1018.96,26.52,125.00,-16.25,1
424296,61,135,204,955,5,323,4294967295,25.62,1018.96,26.56,124.08,-16.33,1
425292,61,135,204,955,5,313,4294967295,25.62,1018.97,26.58,123.71,-16.33,1
426288,61,135,205,955,5,303,4294967295,25.62,1018.97,26.59,122.45,-16.33,1
427284,61,135,204,955,5,333,4294967295,25.62,1018.97,26.62,121.74,-16.33,1
428280,61,135,205,954,5,318,4294967295,25.62,1018.97,26.66,120.61,-16.41,1
429276,61,135,204,955,5,326,4294967295,25.63,1018.98,26.72,118.65,-16.41,1
430272,61,135,204,954,5,325,4294967295,25.63,1018.98,26.80,117.57,-16.33,1
431268,61,135,204,954,5,322,4294967295,25.63,1018.97,26.84,117.00,-16.33,1
432264,61,134,204,953,4,337,4294967295,25.62,1018.97,26.84,116.75,-16.33,1
433260,61,135,203,953,5,304,4294967295,25.63,1018.97,26.88,115.55,-16.41,1
434256,61,134,203,952,5,332,4294967295,25.63,1018.98,26.91,114.60,-16.41,1
435252,60,134,203,952,5,338,4294967295,25.63,1018.98,26.93,114.21,-16.41,1
436248,61,134,203,952,5,311,4294967295,25.62,1018.98,26.93,114.14,-16.41,1
437244,61,134,203,952,5,334,4294967295,25.62,1018.98,26.92,112.61,-16.49,1
438240,61,134,204,952,5,318,4294967295,25.62,1018.99,26.93,110.39,-16.41,1
439236,61,133,204,952,5,294,4294967295,25.62,1018.98,26.99,109.46,-16.41,1
440232,60,134,203,952,5,384,4294967295,25.63,1018.98,27.01,108.26,-16.49,1
441228,60,134,203,952,4,320,4294967295,25.63,1018.99,27.03,107.84,-16.49,1
442224,60,134,203,951,5,335,4294967295,25.63,1018.99,27.02,108.82,-16.49,1
443220,60,133,203,951,5,285,4294967295,25.62,1018.99,26.99,109.81,-16.41,1
444216,60,133,203,951,5,306,4294967295,25.62,1018.98,26.93,110.53,-16.49,1
445212,60,133,203,951,5,301,4294967295,25.63,1018.99,26.90,109.53,-16.49,1
446208,60,133,203,952,5,318,4294967295,25.63,1018.99,26.89,109.67,-16.49,1
447204,60,133,203,952,5,375,4294967295,25.63,1018.99,26.88,109.74,-16.49,1
448200,61,133,203,953,5,322,4294967295,25.62,1018.99,26.86,111.12,-16.41,1
449196,60,133,203,954,5,333,4294967295,25.62,1018.98,26.82,111.86,-16.41,1
450192,60,134,203,955,6,315,4294967295,25.62,1018.98,26.76,112.76,-16.33,1
451188,60,133,203,955,5,319,4294967295,25.62,1018.97,26.71,113.83,-16.33,1
452184,61,133,203,954,4,325,4294967295,25.62,1018.97,26.66,115.07,-16.33,1
453180,60,133,203,954,5,323,4294967295,25.62,1018.97,26.60,116.19,-16.25,1
454176,60,133,202,953,4,290,4294967295,25.62,1018.96,26.55,117.32,-16.25,1
455172,60,133,203,953,5,318,4294967295,25.62,1018.96,26.52,118.06,-16.16,1
456168,60,133,203,953,5,330,4294967295,25.62,1018.95,26.46,118.98,-16.16,1
457164,60,133,203,954,5,331,4294967295,25.62,1018.95,26.44,119.75,-16.25,1
458160,60,133,204,955,4,332,4294967295,25.62,1018.96,26.41,119.32,-16.25,1
459156,60,134,204,956,5,331,4294967295,25.62,1018.96,26.41,119.15,-16.25,1
460152,61,134,205,957,5,365,4294967295,25.62,1018.96,26.39,119.75,-16.25,1
461148,61,134,205,957,5,335,4294967295,25.62,1018.96,26.39,119.83,-16.25,1
462144,60,134,205,957,5,315,4294967295,25.62,1018.96,26.39,118.40,-16.25,1
463140,61,134,204,957,5,383,4294967295,25.63,1018.96,26.44,115.87,-16.25,1
464136,61,133,204,957,5,342,4294967295,25.63,1018.96,26.51,114.14,-16.33,1
465132,61,133,204,957,5,337,4294967295,25.63,1018.97,26.56,113.90,-16.25,1
466128,60,133,204,957,5,336,4294967295,25.63,1018.96,26.59,114.21,-16.25,1
467124,60,133,204,957,5,336,4294967295,25.62,1018.96,26.60,114.68,-16.25,1
468120,61,133,204,956,5,346,4294967295,25.62,1018.96,26.58,115.63,-16.16,1
469116,60,133,204,956,5,342,4294967295,25.62,1018.95,26.56,116.67,-16.25,1
470112,61,133,203,956,5,430,4294967295,25.62,1018.96,26.54,118.23,-16.33,1
471108,60,134,204,956,5,355,4294967295,25.62,1018.97,26.50,119.07,-16.25,1
472104,61,134,204,958,5,363,4294967295,25.62,1018.96,26.47,120.17,-16.25,1
473100,61,134,205,959,5,335,4294967295,25.62,1018.96,26.44,121.39,-16.33,1
474096,60,134,205,959,5,351,4294967295,25.62,1018.97,26.41,122.18,-16.25,1
475092,60,134,205,960,5,334,4294967295,25.62,1018.96,26.38,122.81,-16.33,1
476088,60,134,206,960,5,365,4294967295,25.62,1018.97,26.37,123.53,-16.41,1
477084,60,134,206,961,5,327,4294967295,25.62,1018.98,26.35,124.17,-16.33,1
478080,60,133,205,961,6,340,4294967295,25.62,1018.97,26.34,123.35,-16.41,1
479076,61,134,206,961,5,327,4294967295,25.62,1018.98,26.35,122.09,-16.41,1
480072,61,133,204,960,5,335,4294967295,25.63,1018.98,26.40,119.83,-16.33,1
481068,60,134,205,961,4,330,4294967295,25.63,1018.97,26.45,119.24,-16.33,1
482064,60,134,205,960,5,382,4294967295,25.63,1018.97,26.48,119.58,-16.33,1
483060,60,133,205,960,5,328,4294967295,25.62,1018.97,26.48,120.35,-16.33,1
484056,61,134,205,960,4,335,4294967295,25.63,1018.97,26.47,120.52,-16.33,1
485052,61,134,206,959,5,416,4294967295,25.63,1018.97,26.46,121.04,-16.33,1
486048,61,134,206,960,4,338,4294967295,25.63,1018.97,26.45,122.01,-16.33,1
487044,61,134,206,959,4,336,4294967295,25.63,1018.97,26.41,122.99,-16.33,1
488040,60,133,205,959,5,332,4294967295,25.63,1018.97,26.40,124.44,-16.25,1
489036,60,133,203,958,5,374,4294967295,25.62,1018.96,26.38,124.44,-16.25,1
490032,60,133,204,957,5,337,4294967295,25.62,1018.96,26.35,125.37,-16.25,1
491028,60,133,203,956,5,325,4294967295,25.62,1018.96,26.34,125.47,-16.25,1
492024,60,133,205,957,5,323,4294967295,25.62,1018.96,26.33,125.75,-16.33,1
493020,60,133,205,958,5,333,4294967295,25.62,1018.97,26.35,125.75,-16.33,1
494016,60,133,205,959,4,334,4294967295,25.62,1018.97,26.34,124.91,-16.33,1
495012,60,133,204,958,4,329,4294967295,25.63,1018.97,26.35,124.17,-16.41,1
496008,61,132,205,958,4,333,4294967295,25.63,1018.98,26.37,124.44,-16.49,1
497004,60,133,205,958,5,332,4294967295,25.63,1018.99,26.36,124.44,-16.41,1
498000,60,133,204,958,5,311,4294967295,25.63,1018.98,26.37,123.89,-16.49,1
498996,60,133,204,957,4,329,4294967295,25.63,1018.99,26.39,122.99,-16.41,1
499992,60,133,204,957,4,332,4294967295,25.63,1018.98,26.45,120.35,-16.49,1
500988,60,133,204,957,5,324,4294967295,25.63,1018.99,26.53,118.31,-16.49,1
501984,60,132,204,957,4,318,4294967295,25.63,1018.99,26.59,116.92,-16.49,1
502980,61,133,204,958,4,323,4294967295,25.63,1018.99,26.65,116.27,-16.58,1
503976,60,133,205,959,5,326,4294967295,25.63,1019.00,26.67,116.03,-16.49,1
504972,60,133,204,958,5,345,4294967295,25.63,1018.99,26.67,116.67,-16.49,1
505968,60,132,204,958,4,318,4294967295,25.63,1018.99,26.63,117.98,-16.49,1
506964,60,132,204,957,4,329,4294967295,25.62,1018.99,26.61,119.07,-16.49,1
507960,60,133,204,957,5,322,4294967295,25.63,1018.99,26.58,119.58,-16.49,1
