timestamp,NO2,C2H50H,VOC,CO,Alcohol,LPG,Benzene,Temperature,Pressure,Humidity,Gas_Resistance,Altitude,State3170.54,1
208164,112,125,227,736,0,4,0,33.59,688.60,100.00,0.00,3170.54,1
209160,111,124,226,736,0,4,0,33.59,688.60,100.00,0.00,3170.54,1
210156,111,124,226,737,0,4,0,33.59,688.60,100.00,0.00,3170.54,1
211152,111,125,226,737,0,4,0,33.59,688.60,100.00,0.00,3170.54,1
212148,110,125,225,736,0,3,0,33.59,688.60,100.00,0.00,3170.54,1
213144,110,124,224,736,0,4,0,33.59,688.60,100.00,0.00,3170.54,1
214140,109,124,223,736,0,4,0,33.59,688.60,100.00,0.00,3170.54,1
215136,109,124,222,737,0,4,0,33.59,688.60,100.00,0.00,3170.54,1
216132,108,124,222,736,0,4,0,33.59,688.60,100.00,0.00,3170.54,1
217128,108,124,222,736,0,3,0,33.59,688.60,100.00,0.00,3170.54,1
218124,108,124,221,736,0,3,0,33.59,688.60,100.00,0.00,3170.54,1
219120,108,124,221,737,0,3,0,33.59,688.60,100.00,0.00,3170.54,1
220116,106,124,221,736,0,3,0,33.59,688.60,100.00,0.00,3170.54,1
221112,107,124,219,736,0,3,0,33.59,688.60,100.00,0.00,3170.54,1
222108,106,124,219,737,0,3,0,33.59,688.60,100.00,0.00,3170.54,1
223104,107,124,219,736,0,3,0,33.59,688.60,100.00,0.00,3170.54,1
224100,106,125,218,737,0,4,0,33.59,688.60,100.00,0.00,3170.54,1
225096,106,124,217,737,0,4,0,33.59,688.60,100.00,0.00,3170.54,1
226092,105,123,217,737,0,4,0,33.59,688.60,100.00,0.00,3170.54,1
227088,106,125,217,737,0,4,0,33.59,688.60,100.00,0.00,3170.54,1
228084,104,124,216,737,0,3,0,33.59,688.60,100.00,0.00,3170.54,1
229080,105,124,215,737,0,3,0,33.59,688.60,100.00,0.00,3170.54,1
230076,104,124,215,737,0,3,0,33.59,688.60,100.00,0.00,3170.54,1
231072,103,124,214,736,0,4,0,33.59,688.60,100.00,0.00,3170.54,1
232068,104,124,214,737,0,3,0,33.59,688.60,100.00,0.00,3170.54,1
233064,103,124,214,736,0,4,0,33.59,688.60,100.00,0.00,3170.54,1
234060,103,124,214,737,0,4,0,33.59,688.60,100.00,0.00,3170.54,1
235056,103,124,213,737,0,3,0,33.59,688.60,100.00,0.00,3170.54,1
236052,103,124,214,737,0,3,0,33.59,688.60,100.00,0.00,3170.54,1
237048,103,124,213,737,0,3,0,33.59,688.60,100.00,0.00,3170.54,1
238044,102,124,212,737,0,4,0,33.59,688.60,100.00,0.00,3170.54,1
239040,103,124,212,737,0,3,0,33.59,688.60,100.00,0.00,3170.54,1
240036,102,124,211,737,0,3,0,33.59,688.60,100.00,0.00,3170.54,1
241032,102,124,212,737,0,3,0,33.59,688.60,100.00,0.00,3170.54,1
242028,102,124,211,737,0,3,0,33.59,688.60,100.00,0.00,3170.54,1
243024,102,123,210,737,0,4,0,33.59,688.60,100.00,0.00,3170.54,1
244020,102,124,210,737,0,3,0,33.59,688.60,100.00,0.00,3170.54,1
245016,102,124,210,738,0,3,0,33.59,688.60,100.00,0.00,3170.54,1
246012,101,124,210,737,0,3,0,33.59,688.60,100.00,0.00,3170.54,1
247008,102,124,209,738,0,3,0,33.59,688.60,100.00,0.00,3170.54,1
248004,101,124,210,738,0,3,0,33.59,688.60,100.00,0.00,3170.54,1
249000,101,124,209,737,0,3,0,33.59,688.60,100.00,0.00,3170.54,1
249996,101,123,209,737,0,3,0,33.59,688.60,100.00,0.00,3170.54,1
250992,101,124,209,737,0,3,0,33.59,688.60,100.00,0.00,3170.54,1
251988,101,124,209,737,0,3,0,33.59,688.60,100.00,0.00,3170.54,1
252984,101,124,208,738,0,4,0,33.59,688.60,100.00,0.00,3170.54,1
253980,101,123,208,738,0,3,0,33.59,688.60,100.00,0.00,3170.54,1
254976,101,124,207,738,0,4,0,33.59,688.60,100.00,0.00,3170.54,1
255972,102,124,209,738,0,4,0,33.59,688.60,100.00,0.00,3170.54,1
256968,101,123,208,739,0,3,0,33.59,688.60,100.00,0.00,3170.54,1
257964,101,124,208,738,0,3,0,33.59,688.60,100.00,0.00,3170.54,1
258960,101,124,207,738,0,4,0,33.59,688.60,100.00,0.00,3170.54,1
259956,101,123,208,738,0,4,0,33.59,688.60,100.00,0.00,3170.54,1
260952,101,124,208,738,0,4,0,33.59,688.60,100.00,0.00,3170.54,1
261948,101,124,207,738,0,4,0,33.59,688.60,100.00,0.00,3170.54,1
262944,102,124,207,738,0,4,0,33.59,688.60,100.00,0.00,3170.54,1
263940,102,124,208,738,0,4,0,33.59,688.60,100.00,0.00,3170.54,1
264936,102,123,208,739,0,3,0,33.59,688.60,100.00,0.00,3170.54,1
265932,102,123,208,738,0,4,0,33.59,688.60,100.00,0.00,3170.54,1
266928,102,124,208,739,0,4,0,33.59,688.60,100.00,0.00,3170.54,1
267924,103,123,208,739,0,4,0,33.59,688.60,100.00,0.00,3170.54,1
268920,102,124,208,738,0,3,0,33.59,688.60,100.00,0.00,3170.54,1
269916,103,124,208,739,0,4,0,33.59,688.60,100.00,0.00,3170.54,1
270912,103,124,208,739,0,3,0,33.59,688.60,100.00,0.00,3170.54,1
271908,103,124,208,739,0,3,0,33.59,688.60,100.00,0.00,3170.54,1
272904,103,123,208,739,0,4,0,33.59,688.60,100.00,0.00,3170.54,1
273900,103,124,208,738,0,3,0,33.59,688.60,100.00,0.00,3170.54,1
274896,104,124,209,739,0,4,0,33.59,688.60,100.00,0.00,3170.54,1
275892,104,124,209,739,0,4,0,33.59,688.60,100.00,0.00,3170.54,1
276888,104,124,209,739,0,4,0,33.59,688.60,100.00,0.00,3170.54,1
277884,104,124,209,739,0,4,0,33.59,688.60,100.00,0.00,3170.54,1
278880,104,124,209,739,0,4,0,33.59,688.60,100.00,0.00,3170.54,1
279876,104,124,209,738,0,4,0,33.59,688.60,100.00,0.00,3170.54,1
280872,104,124,208,738,0,4,0,33.59,688.60,100.00,0.00,3170.54,1
281868,104,124,209,739,0,4,0,33.59,688.60,100.00,0.00,3170.54,1
282864,104,124,209,739,0,4,0,33.59,688.60,100.00,0.00,3170.54,1
283860,105,124,209,739,0,4,0,33.59,688.60,100.00,0.00,3170.54,1
284856,105,124,209,739,0,3,0,33.59,688.60,100.00,0.00,3170.54,1
285852,105,124,210,739,0,4,0,33.59,688.60,100.00,0.00,3170.54,1
286848,105,124,209,739,0,4,0,33.59,688.60,100.00,0.00,3170.54,1
287844,105,124,210,739,0,4,0,33.59,688.60,100.00,0.00,3170.54,1
288840,106,124,210,739,0,4,0,33.59,688.60,100.00,0.00,3170.54,1
289836,105,124,210,739,0,4,0,33.59,688.60,100.00,0.00,3170.54,1
290832,106,124,210,739,0,3,0,33.59,688.60,100.00,0.00,3170.54,1
291828,107,124,210,740,0,3,0,33.59,688.60,100.00,0.00,3170.54,1
292824,106,124,210,739,0,4,0,33.59,688.60,100.00,0.00,3170.54,1
293820,107,124,211,739,0,4,0,33.59,688.60,100.00,0.00,3170.54,1
294816,107,124,211,740,0,3,0,33.59,688.60,100.00,0.00,3170.54,1
295812,107,124,212,740,0,4,0,33.59,688.60,100.00,0.00,3170.54,1
296808,107,124,211,739,0,4,0,33.59,688.60,100.00,0.00,3170.54,1
297804,107,124,211,739,0,4,0,33.59,688.60,100.00,0.00,3170.54,1
298800,108,124,212,739,0,4,0,33.59,688.60,100.00,0.00,3170.54,1
299796,108,124,211,739,0,4,0,33.59,688.60,100.00,0.00,3170.54,1
300792,108,124,213,740,0,4,0,33.59,688.60,100.00,0.00,3170.54,1
301788,108,124,212,740,0,3,0,33.59,688.60,100.00,0.00,3170.54,1
302784,108,125,212,739,0,4,0,33.59,688.60,100.00,0.00,3170.54,1
303780,108,124,212,739,0,4,0,33.59,688.60,100.00,0.00,3170.54,1
304776,108,125,213,740,0,4,0,33.59,688.60,100.00,0.00,3170.54,1
305772,109,124,214,739,0,4,0,33.59,688.60,100.00,0.00,3170.54,1
306768,109,125,214,740,0,4,0,33.59,688.60,100.00,0.00,3170.54,1
307764,109,124,214,740,0,4,0,33.59,688.60,100.00,0.00,3170.54,1
308760,110,125,214,740,0,4,0,33.59,688.60,100.00,0.00,3170.54,1
309756,109,125,214,740,0,4,0,33.59,688.60,100.00,0.00,3170.54,1
310752,110,125,214,740,0,4,0,33.59,688.60,100.00,0.00,3170.54,1
311748,110,124,214,740,0,4,0,33.59,688.60,100.00,0.00,3170.54,1
312744,110,125,215,740,0,4,0,33.59,688.60,100.00,0.00,3170.54,1
313740,110,125,215,740,0,4,0,33.59,688.60,100.00,0.00,3170.54,1
314736,111,124,215,740,0,4,0,33.59,688.60,100.00,0.00,3170.54,1
315732,111,125,215,740,0,4,0,33.59,688.60,100.00,0.00,3170.54,1
316728,111,125,215,740,0,4,0,33.59,688.60,100.00,0.00,3170.54,1
317724,111,125,215,740,0,4,0,33.59,688.60,100.00,0.00,3170.54,1
318720,111,124,215,740,0,4,0,33.59,688.60,100.00,0.00,3170.54,1
319716,111,125,216,740,0,4,0,33.59,688.60,100.00,0.00,3170.54,1
320712,112,125,216,741,0,4,0,33.59,688.60,100.00,0.00,3170.54,1
321708,112,125,217,739,0,4,0,33.59,688.60,100.00,0.00,3170.54,1
322704,112,125,217,740,0,4,0,33.59,688.60,100.00,0.00,3170.54,1
323700,111,125,217,740,0,4,0,33.59,688.60,100.00,0.00,3170.54,1
324696,112,126,217,740,0,4,0,33.59,688.60,100.00,0.00,3170.54,1
325692,113,125,217,740,0,4,0,33.59,688.60,100.00,0.00,3170.54,1
326688,113,125,217,741,0,4,0,33.59,688.60,100.00,0.00,3170.54,1
327684,113,126,217,740,0,4,0,33.59,688.60,100.00,0.00,3170.54,1
328680,113,125,218,740,0,4,0,33.59,688.60,100.00,0.00,3170.54,1
329676,113,125,218,741,0,4,0,33.59,688.60,100.00,0.00,3170.54,1
330672,113,125,218,740,0,4,0,33.59,688.60,100.00,0.00,3170.54,1
331668,113,126,219,741,0,4,0,33.59,688.60,100.00,0.00,3170.54,1
332664,114,126,219,740,0,4,0,33.59,688.60,100.00,0.00,3170.54,1
333660,113,125,218,741,0,4,0,33.59,688.60,100.00,0.00,3170.54,1
334656,114,126,219,741,0,4,0,33.59,688.60,100.00,0.00,3170.54,1
335652,114,126,219,740,0,4,0,33.59,688.60,100.00,0.00,3170.54,1
336648,114,126,219,740,0,4,0,33.59,688.60,100.00,0.00,3170.54,1
337644,114,126,220,740,0,4,0,33.59,688.60,100.00,0.00,3170.54,1
338640,114,126,220,741,0,4,0,33.59,688.60,100.00,0.00,3170.54,1
339636,114,126,220,740,0,4,0,33.59,688.60,100.00,0.00,3170.54,1
340632,115,126,220,740,0,4,0,33.59,688.60,100.00,0.00,3170.54,1
341628,115,126,221,741,0,4,0,33.59,688.60,100.00,0.00,3170.54,1
342624,115,127,220,740,0,4,0,33.59,688.60,100.00,0.00,3170.54,1
343620,115,126,221,741,0,4,0,33.59,688.60,100.00,0.00,3170.54,1
344616,115,126,221,741,0,4,0,33.59,688.60,100.00,0.00,3170.54,1
345612,114,126,221,741,0,4,0,33.59,688.60,100.00,0.00,3170.54,1
346608,115,126,221,741,0,4,0,33.59,688.60,100.00,0.00,3170.54,1
347604,115,126,221,741,0,4,0,33.59,688.60,100.00,0.00,3170.54,1
348600,115,126,221,741,0,4,0,33.59,688.60,100.00,0.00,3170.54,1
349596,115,126,221,740,0,4,0,33.59,688.60,100.00,0.00,3170.54,1
350592,115,126,222,741,0,4,0,33.59,688.60,100.00,0.00,3170.54,1
351588,115,126,222,741,0,4,0,33.59,688.60,100.00,0.00,3170.54,1
352584,115,127,222,741,0,4,0,33.59,688.60,100.00,0.00,3170.54,1
353580,116,127,222,741,0,4,0,33.59,688.60,100.00,0.00,3170.54,1
354576,116,126,222,740,0,4,0,33.59,688.60,100.00,0.00,3170.54,1
355572,115,126,223,741,0,4,0,33.59,688.60,100.00,0.00,3170.54,1
356568,115,126,223,742,0,4,0,33.59,688.60,100.00,0.00,3170.54,1
357564,116,126,223,741,0,4,0,33.59,688.60,100.00,0.00,3170.54,1
358560,116,127,223,741,0,4,0,33.59,688.60,100.00,0.00,3170.54,1
359556,116,127,223,741,0,4,0,33.59,688.60,100.00,0.00,3170.54,1
360552,116,127,224,742,0,4,0,33.59,688.60,100.00,0.00,3170.54,1
361548,116,126,223,741,0,4,0,33.59,688.60,100.00,0.00,3170.54,1
362544,117,128,224,742,0,4,0,33.59,688.60,100.00,0.00,3170.54,1
363540,117,127,224,741,0,4,0,33.59,688.60,100.00,0.00,3170.54,1
364536,117,127,225,741,0,4,0,33.59,688.60,100.00,0.00,3170.54,1
365532,117,127,224,742,0,4,0,33.59,688.60,100.00,0.00,3170.54,1
366528,117,127,225,741,0,4,0,33.59,688.60,100.00,0.00,3170.54,1
367524,118,128,225,742,0,4,0,33.59,688.60,100.00,0.00,3170.54,1
368520,117,127,225,742,0,4,0,33.59,688.60,100.00,0.00,3170.54,1
369516,118,128,225,742,0,4,0,33.59,688.60,100.00,0.00,3170.54,1
370512,118,127,226,742,0,4,0,33.59,688.60,100.00,0.00,3170.54,1
371508,117,128,226,742,0,4,0,33.59,688.60,100.00,0.00,3170.54,1
372504,118,128,226,742,0,4,0,33.59,688.60,100.00,0.00,3170.54,1
373500,119,127,227,742,0,4,0,33.59,688.60,100.00,0.00,3170.54,1
374496,119,128,227,742,0,4,0,33.59,688.60,100.00,0.00,3170.54,1
375492,119,128,226,742,0,4,0,33.59,688.60,100.00,0.00,3170.54,1
376488,119,128,227,741,0,4,0,33.59,688.60,100.00,0.00,3170.54,1
377484,119,128,227,742,0,4,0,33.59,688.60,100.00,0.00,3170.54,1
378480,119,128,228,742,0,4,0,33.59,688.60,100.00,0.00,3170.54,1
379476,119,128,228,742,0,4,0,33.59,688.60,100.00,0.00,3170.54,1
380472,119,128,227,743,0,4,0,33.59,688.60,100.00,0.00,3170.54,1
381468,119,128,229,742,0,4,0,33.59,688.60,100.00,0.00,3170.54,1
382464,119,128,229,742,0,4,0,33.59,688.60,100.00,0.00,3170.54,1
383460,119,129,229,742,0,5,0,33.59,688.60,100.00,0.00,3170.54,1
384456,120,128,229,742,0,4,0,33.59,688.60,100.00,0.00,3170.54,1
385452,121,128,229,742,0,4,0,33.59,688.60,100.00,0.00,3170.54,1
386448,120,128,229,742,0,4,0,33.59,688.60,100.00,0.00,3170.54,1
387444,120,128,231,742,0,4,0,33.59,688.60,100.00,0.00,3170.54,1
388440,121,129,231,743,0,4,0,33.59,688.60,100.00,0.00,3170.54,1
389436,120,129,230,743,0,4,0,33.59,688.60,100.00,0.00,3170.54,1
390432,121,128,230,742,0,4,0,33.59,688.60,100.00,0.00,3170.54,1
391428,121,129,231,743,0,4,0,33.59,688.60,100.00,0.00,3170.54,1
392424,121,129,231,743,0,4,0,33.59,688.60,100.00,0.00,3170.54,1
393420,121,128,231,743,0,4,0,33.59,688.60,100.00,0.00,3170.54,1
394416,121,129,231,743,0,4,0,33.59,688.60,100.00,0.00,3170.54,1
395412,121,129,232,743,0,4,0,33.59,688.60,100.00,0.00,3170.54,1
396408,121,129,231,743,0,4,0,33.59,688.60,100.00,0.00,3170.54,1
397404,121,129,232,743,0,4,0,33.59,688.60,100.00,0.00,3170.54,1
398400,121,129,232,743,0,4,0,33.59,688.60,100.00,0.00,3170.54,1
399396,121,130,232,742,0,4,0,33.59,688.60,100.00,0.00,3170.54,1
400392,122,130,233,743,0,4,0,33.59,688.60,100.00,0.00,3170.54,1
401388,121,129,232,742,0,4,0,33.59,688.60,100.00,0.00,3170.54,1
402384,121,130,232,742,0,4,0,33.59,688.60,100.00,0.00,3170.54,1
403380,122,129,233,742,0,4,0,33.59,688.60,100.00,0.00,3170.54,1
404376,121,130,232,743,0,4,0,33.59,688.60,100.00,0.00,3170.54,1
405372,122,129,232,743,0,4,0,33.59,688.60,100.00,0.00,3170.54,1
406368,122,129,233,743,0,4,0,33.59,688.60,100.00,0.00,3170.54,1
407364,122,130,233,742,0,4,0,33.59,688.60,100.00,0.00,3170.54,1
408360,121,129,233,742,0,4,0,33.59,688.60,100.00,0.00,3170.54,1
409356,122,130,233,743,0,4,0,33.59,688.60,100.00,0.00,3170.54,1
410352,122,130,234,743,0,4,0,33.59,688.60,100.00,0.00,3170.54,1
411348,121,130,234,743,0,4,0,33.59,688.60,100.00,0.00,3170.54,1
412344,122,130,234,743,0,4,0,33.59,688.60,100.00,0.00,3170.54,1
413340,122,130,235,743,0,4,0,33.59,688.60,100.00,0.00,3170.54,1
414336,122,130,234,743,0,4,0,33.59,688.60,100.00,0.00,3170.54,1
415332,122,130,235,743,0,4,0,33.59,688.60,100.00,0.00,3170.54,1
416328,122,130,235,743,0,4,0,33.59,688.60,100.00,0.00,3170.54,1
417324,122,130,235,743,0,4,0,33.59,688.60,100.00,0.00,3170.54,1
418320,123,130,235,743,0,4,0,33.59,688.60,100.00,0.00,3170.54,1
419316,122,131,235,743,0,4,0,33.59,688.60,100.00,0.00,3170.54,1
420312,123,130,235,744,0,4,0,33.59,688.60,100.00,0.00,3170.54,1
421308,123,130,235,743,0,4,0,33.59,688.60,100.00,0.00,3170.54,1
422304,123,130,236,744,0,4,0,33.59,688.60,100.00,0.00,3170.54,1
423300,123,130,235,743,0,4,0,33.59,688.60,100.00,0.00,3170.54,1
424296,123,131,236,743,0,4,0,33.59,688.60,100.00,0.00,3170.54,1
425292,122,130,236,743,0,4,0,33.59,688.60,100.00,0.00,3170.54,1
426288,123,131,235,743,0,4,0,33.59,688.60,100.00,0.00,3170.54,1
427284,123,131,237,744,0,4,0,33.59,688.60,100.00,0.00,3170.54,1
428280,124,131,236,744,0,4,0,33.59,688.60,100.00,0.00,3170.54,1
429276,123,131,237,744,0,4,0,33.59,688.60,100.00,0.00,3170.54,1
430272,124,131,237,744,0,4,0,33.59,688.60,100.00,0.00,3170.54,1
431268,124,131,237,744,0,4,0,33.59,688.60,100.00,0.00,3170.54,1
432264,124,132,237,744,0,4,0,33.59,688.60,100.00,0.00,3170.54,1
433260,125,131,238,744,0,4,0,33.59,688.60,100.00,0.00,3170.54,1
434256,125,131,237,744,0,4,0,33.59,688.60,100.00,0.00,3170.54,1
435252,125,131,238,744,0,4,0,33.59,688.60,100.00,0.00,3170.54,1
436248,125,132,238,744,0,4,0,33.59,688.60,100.00,0.00,3170.54,1
437244,124,131,239,744,0,4,0,33.59,688.60,100.00,0.00,3170.54,1
438240,125,132,239,744,0,4,0,33.59,688.60,100.00,0.00,3170.54,1
439236,125,131,239,744,0,4,0,33.59,688.60,100.00,0.00,3170.54,1
440232,124,132,239,744,0,4,0,33.59,688.60,100.00,0.00,3170.54,1
441228,125,132,239,744,0,4,0,33.59,688.60,100.00,0.00,3170.54,1
442224,125,132,240,745,0,4,0,33.59,688.60,100.00,0.00,3170.54,1
443220,125,132,240,744,0,4,0,33.59,688.60,100.00,0.00,3170.54,1
444216,125,132,240,744,0,4,0,33.59,688.60,100.00,0.00,3170.54,1
445212,125,131,240,745,0,4,0,33.59,688.60,100.00,0.00,3170.54,1
446208,124,132,240,744,0,4,0,33.59,688.60,100.00,0.00,3170.54,1
447204,124,132,240,745,0,4,0,33.59,688.60,100.00,0.00,3170.54,1
448200,125,132,239,745,0,4,0,33.59,688.60,100.00,0.00,3170.54,1
449196,124,133,241,744,0,4,0,33.59,688.60,100.00,0.00,3170.54,1
450192,125,132,241,745,0,4,0,33.59,688.60,100.00,0.00,3170.54,1
451188,125,133,241,744,0,4,0,33.59,688.60,100.00,0.00,3170.54,1
452184,125,133,241,745,0,4,0,33.59,688.60,100.00,0.00,3170.54,1
453180,126,132,241,745,0,4,0,33.59,688.60,100.00,0.00,3170.54,1
454176,125,133,241,745,0,4,0,33.59,688.60,100.00,0.00,3170.54,1
455172,125,133,242,745,0,4,0,33.59,688.60,100.00,0.00,3170.54,1
456168,125,133,241,744,0,4,0,33.59,688.60,100.00,0.00,3170.54,1
457164,125,133,241,744,0,4,0,33.59,688.60,100.00,0.00,3170.54,1
458160,126,133,242,745,0,4,0,33.59,688.60,100.00,0.00,3170.54,1
459156,126,133,242,745,0,4,0,33.59,688.60,100.00,0.00,3170.54,1
460152,125,133,242,744,0,4,0,33.59,688.60,100.00,0.00,3170.54,1
461148,126,133,241,745,0,4,0,33.59,688.60,100.00,0.00,3170.54,1
462144,126,133,241,745,0,4,0,33.59,688.60,100.00,0.00,3170.54,1
463140,125,133,242,744,0,4,0,33.59,688.60,100.00,0.00,3170.54,1
464136,125,133,243,744,0,4,0,33.59,688.60,100.00,0.00,3170.54,1
465132,126,133,242,744,0,4,0,33.59,688.60,100.00,0.00,3170.54,1
466128,126,133,242,744,0,4,0,33.59,688.60,100.00,0.00,3170.54,1
467124,125,133,243,744,0,4,0,33.59,688.60,100.00,0.00,3170.54,1
468120,125,134,243,745,0,4,0,33.59,688.60,100.00,0.00,3170.54,1
469116,125,133,242,744,0,4,0,33.59,688.60,100.00,0.00,3170.54,1
470112,126,134,243,744,0,4,0,33.59,688.60,100.00,0.00,3170.54,1
471108,126,134,243,745,0,4,0,33.59,688.60,100.00,0.00,3170.54,1
472104,126,134,243,745,0,4,0,33.59,688.60,100.00,0.00,3170.54,1
473100,126,134,243,744,0,4,0,33.59,688.60,100.00,0.00,3170.54,1
474096,126,134,243,745,0,4,0,33.59,688.60,100.00,0.00,3170.54,1
475092,126,134,243,745,0,4,0,33.59,688.60,100.00,0.00,3170.54,1
476088,126,134,243,745,0,4,0,33.59,688.60,100.00,0.00,3170.54,1
477084,126,134,244,745,0,4,0,33.59,688.60,100.00,0.00,3170.54,1
478080,126,135,243,744,0,4,0,33.59,688.60,100.00,0.00,3170.54,1
479076,126,134,244,745,0,4,0,33.59,688.60,100.00,0.00,3170.54,1
480072,126,134,243,745,0,4,0,33.59,688.60,100.00,0.00,3170.54,1
481068,126,134,244,744,0,4,0,33.59,688.60,100.00,0.00,3170.54,1
482064,127,134,244,745,0,4,0,33.59,688.60,100.00,0.00,3170.54,1
483060,126,135,245,745,0,4,0,33.59,688.60,100.00,0.00,3170.54,1
484056,126,135,244,745,0,4,0,33.59,688.60,100.00,0.00,3170.54,1
485052,126,135,244,745,0,4,0,33.59,688.60,100.00,0.00,3170.54,1
486048,126,134,245,745,0,4,0,33.59,688.60,100.00,0.00,3170.54,1
487044,127,135,245,745,0,4,0,33.59,688.60,100.00,0.00,3170.54,1
488040,127,135,245,745,0,4,0,33.59,688.60,100.00,0.00,3170.54,1
489036,127,135,245,745,0,4,0,33.59,688.60,100.00,0.00,3170.54,1
490032,127,135,245,745,0,4,0,33.59,688.60,100.00,0.00,3170.54,1
491028,127,135,245,745,0,4,0,33.59,688.60,100.00,0.00,3170.54,1
492024,127,135,245,745,0,4,0,33.59,688.60,100.00,0.00,3170.54,1
493020,127,135,246,745,0,4,0,33.59,688.60,100.00,0.00,3170.54,1
494016,127,136,245,745,0,4,0,33.59,688.60,100.00,0.00,3170.54,1
495012,128,136,246,746,0,4,0,33.59,688.60,100.00,0.00,3170.54,1
496008,127,136,245,746,0,4,0,33.59,688.60,100.00,0.00,3170.54,1
497004,128,135,247,745,0,4,0,33.59,688.60,100.00,0.00,3170.54,1
498000,128,136,247,745,0,4,0,33.59,688.60,100.00,0.00,3170.54,1
498996,128,136,247,746,0,4,0,33.59,688.60,100.00,0.00,3170.54,1
499992,127,135,247,746,0,5,0,33.59,688.60,100.00,0.00,3170.54,1
500988,128,136,246,746,0,4,0,33.59,688.60,100.00,0.00,3170.54,1
501984,128,136,247,746,0,4,0,33.59,688.60,100.00,0.00,3170.54,1
502980,128,136,247,746,0,4,0,33.59,688.60,100.00,0.00,3170.54,1
503976,127,136,247,746,0,4,0,33.59,688.60,100.00,0.00,3170.54,1
504972,127,136,247,746,0,4,0,33.59,688.60,100.00,0.00,3170.54,1
505968,128,137,248,746,0,4,0,33.59,688.60,100.00,0.00,3170.54,1
506964,128,136,247,746,0,4,0,33.59,688.60,100.00,0.00,3170.54,1
507960,128,136,248,746,0,4,0,33.59,688.60,100.00,0.00,3170.54,1
508956,127,136,248,746,0,4,0,33.59,688.60,100.00,0.00,3170.54,1
509952,128,136,248,746,0,4,0,33.59,688.60,100.00,0.00,3170.54,1
510948,128,136,248,746,0,4,0,33.59,688.60,100.00,0.00,3170.54,1
511944,127,136,248,745,0,4,0,33.59,688.60,100.00,0.00,3170.54,1
512940,128,136,248,745,0,4,0,33.59,688.60,100.00,0.00,3170.54,1
513936,128,136,248,746,0,5,0,33.59,688.60,100.00,0.00,3170.54,1
514932,128,137,249,745,0,4,0,33.59,688.60,100.00,0.00,3170.54,1
515928,128,137,248,746,0,4,0,33.59,688.60,100.00,0.00,3170.54,1
516924,128,137,249,746,0,4,0,33.59,688.60,100.00,0.00,3170.54,1
517920,128,137,248,746,0,4,0,33.59,688.60,100.00,0.00,3170.54,1
518916,128,136,249,746,0,4,0,33.59,688.60,100.00,0.00,3170.54,1
519912,129,137,249,746,0,4,0,33.59,688.60,100.00,0.00,3170.54,1
520908,128,137,249,747,0,4,0,33.59,688.60,100.00,0.00,3170.54,1
521904,128,137,249,747,0,4,0,33.59,688.60,100.00,0.00,3170.54,1
522900,129,137,249,746,0,4,0,33.59,688.60,100.00,0.00,3170.54,1
523896,129,137,250,746,0,4,0,33.59,688.60,100.00,0.00,3170.54,1
524892,129,137,249,746,0,4,0,33.59,688.60,100.00,0.00,3170.54,1
525888,128,137,250,747,0,4,0,33.59,688.60,100.00,0.00,3170.54,1
526884,129,137,249,747,0,5,0,33.59,688.60,100.00,0.00,3170.54,1
527880,128,137,250,746,0,4,0,33.59,688.60,100.00,0.00,3170.54,1
528876,129,137,250,747,0,4,0,33.59,688.60,100.00,0.00,3170.54,1
529872,128,138,250,746,0,4,0,33.59,688.60,100.00,0.00,3170.54,1
530868,128,138,250,746,0,4,0,33.59,688.60,100.00,0.00,3170.54,1
531864,129,137,250,747,0,4,0,33.59,688.60,100.00,0.00,3170.54,1
532860,129,138,250,746,0,4,0,33.59,688.60,100.00,0.00,3170.54,1
533856,129,137,251,746,0,4,0,33.59,688.60,100.00,0.00,3170.54,1
534852,129,138,251,746,0,4,0,33.59,688.60,100.00,0.00,3170.54,1
535848,129,138,250,746,0,4,0,33.59,688.60,100.00,0.00,3170.54,1
536844,128,138,251,747,0,4,0,33.59,688.60,100.00,0.00,3170.54,1
537840,129,138,251,747,0,4,0,33.59,688.60,100.00,0.00,3170.54,1
538836,130,138,251,747,0,4,0,33.59,688.60,100.00,0.00,3170.54,1
539832,130,138,252,747,0,4,0,33.59,688.60,100.00,0.00,3170.54,1
540828,130,139,252,747,0,4,0,33.59,688.60,100.00,0.00,3170.54,1
541824,130,138,252,746,0,4,0,33.59,688.60,100.00,0.00,3170.54,1
542820,130,138,251,747,0,4,0,33.59,688.60,100.00,0.00,3170.54,1
543816,131,139,252,748,0,4,0,33.59,688.60,100.00,0.00,3170.54,1
544812,130,138,253,747,0,4,0,33.59,688.60,100.00,0.00,3170.54,1
545808,130,138,252,747,0,5,0,33.59,688.60,100.00,0.00,3170.54,1
546804,131,139,252,747,0,4,0,33.59,688.60,100.00,0.00,3170.54,1
547800,130,138,253,747,0,4,0,33.59,688.60,100.00,0.00,3170.54,1
548796,130,139,253,747,0,4,0,33.59,688.60,100.00,0.00,3170.54,1
549792,130,139,253,747,0,4,0,33.59,688.60,100.00,0.00,3170.54,1
550788,131,139,253,747,0,4,0,33.59,688.60,100.00,0.00,3170.54,1
551784,131,140,254,747,0,4,0,33.59,688.60,100.00,0.00,3170.54,1
552780,131,139,253,747,0,4,0,33.59,688.60,100.00,0.00,3170.54,1
553776,130,140,253,747,0,4,0,33.59,688.60,100.00,0.00,3170.54,1
554772,131,140,254,747,0,4,0,33.59,688.60,100.00,0.00,3170.54,1
555768,131,139,254,747,0,4,0,33.59,688.60,100.00,0.00,3170.54,1
556764,131,140,254,747,0,4,0,33.59,688.60,100.00,0.00,3170.54,1
557760,131,139,254,748,0,4,0,33.59,688.60,100.00,0.00,3170.54,1
558756,131,140,253,748,0,5,0,33.59,688.60,100.00,0.00,3170.54,1
559752,131,140,254,747,0,4,0,33.59,688.60,100.00,0.00,3170.54,1
560748,130,140,254,747,0,5,0,33.59,688.60,100.00,0.00,3170.54,1
561744,131,140,254,748,0,5,0,33.59,688.60,100.00,0.00,3170.54,1
562740,131,140,255,748,0,4,0,33.59,688.60,100.00,0.00,3170.54,1
563736,131,140,254,748,0,4,0,33.59,688.60,100.00,0.00,3170.54,1
564732,131,140,254,748,0,4,0,33.59,688.60,100.00,0.00,3170.54,1
565728,131,140,255,747,0,4,0,33.59,688.60,100.00,0.00,3170.54,1
566724,131,140,255,748,0,4,0,33.59,688.60,100.00,0.00,3170.54,1
567720,131,140,255,747,0,4,0,33.59,688.60,100.00,0.00,3170.54,1
568716,131,140,255,748,0,5,0,33.59,688.60,100.00,0.00,3170.54,1
569712,131,140,255,747,0,5,0,33.59,688.60,100.00,0.00,3170.54,1
570708,131,140,256,748,0,5,0,33.59,688.60,100.00,0.00,3170.54,1
571704,131,141,256,748,0,4,0,33.59,688.60,100.00,0.00,3170.54,1
572700,131,141,256,749,0,5,0,33.59,688.60,100.00,0.00,3170.54,1
573696,131,141,255,747,0,4,0,33.59,688.60,100.00,0.00,3170.54,1
574692,132,140,255,748,0,4,0,33.59,688.60,100.00,0.00,3170.54,1
575688,131,140,256,748,0,4,0,33.59,688.60,100.00,0.00,3170.54,1
576684,132,141,256,748,0,4,0,33.59,688.60,100.00,0.00,3170.54,1
577680,132,141,256,749,0,4,0,33.59,688.60,100.00,0.00,3170.54,1
578676,132,141,256,748,0,5,0,33.59,688.60,100.00,0.00,3170.54,1
579672,132,141,257,749,0,4,0,33.59,688.60,100.00,0.00,3170.54,1
580668,132,141,256,748,0,4,0,33.59,688.60,100.00,0.00,3170.54,1
581664,132,141,257,748,0,4,0,33.59,688.60,100.00,0.00,3170.54,1
582660,132,141,257,748,0,4,0,33.59,688.60,100.00,0.00,3170.54,1
583656,132,141,257,748,0,4,0,33.59,688.60,100.00,0.00,3170.54,1
584652,131,141,257,749,0,4,0,33.59,688.60,100.00,0.00,3170.54,1
585648,132,141,258,748,0,4,0,33.59,688.60,100.00,0.00,3170.54,1
586644,131,142,257,748,0,4,0,33.59,688.60,100.00,0.00,3170.54,1
587640,132,142,258,749,0,4,0,33.59,688.60,100.00,0.00,3170.54,1
588636,132,141,256,749,0,5,0,33.59,688.60,100.00,0.00,3170.54,1
589632,132,141,257,748,0,4,0,33.59,688.60,100.00,0.00,3170.54,1
590628,132,141,257,748,0,4,0,33.59,688.60,100.00,0.00,3170.54,1
591624,132,142,258,748,0,4,0,33.59,688.60,100.00,0.00,3170.54,1
592620,132,142,258,748,0,4,0,33.59,688.60,100.00,0.00,3170.54,1
593616,132,142,258,749,0,4,0,33.59,688.60,100.00,0.00,3170.54,1
594612,131,142,257,749,0,4,0,33.59,688.60,100.00,0.00,3170.54,1
595608,132,142,257,749,0,4,0,33.59,688.60,100.00,0.00,3170.54,1
596604,132,142,257,749,0,4,0,33.59,688.60,100.00,0.00,3170.54,1
597600,132,142,257,748,0,4,0,33.59,688.60,100.00,0.00,3170.54,1
598596,131,142,257,748,0,4,0,33.59,688.60,100.00,0.00,3170.54,1
599592,131,142,258,749,0,4,0,33.59,688.60,100.00,0.00,3170.54,1
0,130,143,258,748,0,4,0,33.59,688.60,100.00,0.00,3170.54,1
996,131,142,257,748,0,4,0,33.59,688.60,100.00,0.00,3170.54,1
1992,131,142,257,750,0,5,0,33.59,688.60,100.00,0.00,3170.54,1
2988,131,142,258,749,0,5,0,33.59,688.60,100.00,0.00,3170.54,1
3984,131,142,257,749,0,4,0,33.59,688.60,100.00,0.00,3170.54,1
4980,131,143,258,749,0,4,0,33.59,688.60,100.00,0.00,3170.54,1
5976,132,142,257,749,0,4,0,33.59,688.60,100.00,0.00,3170.54,1
6972,131,142,258,749,0,4,0,33.59,688.60,100.00,0.00,3170.54,1
7968,131,143,257,749,0,5,0,33.59,688.60,100.00,0.00,3170.54,1
8964,131,143,258,749,0,4,0,33.59,688.60,100.00,0.00,3170.54,1
9960,131,143,257,749,0,4,0,33.59,688.60,100.00,0.00,3170.54,1
10956,131,143,258,749,0,4,0,33.59,688.60,100.00,0.00,3170.54,1
11952,131,144,257,749,0,4,0,33.59,688.60,100.00,0.00,3170.54,1
12948,130,143,257,748,0,4,0,33.59,688.60,100.00,0.00,3170.54,1
13944,130,143,258,749,0,5,0,33.59,688.60,100.00,0.00,3170.54,1
14940,131,143,257,748,0,4,0,33.59,688.60,100.00,0.00,3170.54,1
15936,131,143,256,749,0,4,0,33.59,688.60,100.00,0.00,3170.54,1
16932,131,144,257,748,0,4,0,33.59,688.60,100.00,0.00,3170.54,1
17928,131,144,258,749,0,4,0,33.59,688.60,100.00,0.00,3170.54,1
18924,132,144,257,749,0,4,0,33.59,688.60,100.00,0.00,3170.54,1
19920,131,144,258,749,0,4,0,33.59,688.60,100.00,0.00,3170.54,1
20916,131,143,257,749,0,4,0,33.59,688.60,100.00,0.00,3170.54,1
21912,131,144,257,749,0,4,0,33.59,688.60,100.00,0.00,3170.54,1
22908,131,144,258,750,0,4,0,33.59,688.60,100.00,0.00,3170.54,1
23904,130,144,258,748,0,4,0,33.59,688.60,100.00,0.00,3170.54,1
24900,131,144,258,749,0,4,0,33.59,688.60,100.00,0.00,3170.54,1
25896,132,144,257,749,0,4,0,33.59,688.60,100.00,0.00,3170.54,1
26892,131,144,258,750,0,4,0,33.59,688.60,100.00,0.00,3170.54,1
27888,131,144,258,749,0,4,0,33.59,688.60,100.00,0.00,3170.54,1
28884,131,144,258,750,0,4,0,33.59,688.60,100.00,0.00,3170.54,1
29880,131,144,259,750,0,4,0,33.59,688.60,100.00,0.00,3170.54,1
30876,132,145,259,750,0,4,0,33.59,688.60,100.00,0.00,3170.54,1
31872,131,144,258,750,0,4,0,33.59,688.60,100.00,0.00,3170.54,1
32868,131,144,259,750,0,4,0,33.59,688.60,100.00,0.00,3170.54,1
33864,131,144,259,749,0,4,0,33.59,688.60,100.00,0.00,3170.54,1
34860,132,145,258,749,0,4,0,33.59,688.60,100.00,0.00,3170.54,1
35856,131,144,258,750,0,4,0,33.59,688.60,100.00,0.00,3170.54,1
36852,132,144,259,750,0,4,0,33.59,688.60,100.00,0.00,3170.54,1
37848,131,144,259,750,0,4,0,33.59,688.60,100.00,0.00,3170.54,1
38844,131,145,258,750,0,4,0,33.59,688.60,100.00,0.00,3170.54,1
39840,131,145,259,750,0,4,0,33.59,688.60,100.00,0.00,3170.54,1
40836,131,145,258,749,0,4,0,33.59,688.60,100.00,0.00,3170.54,1
41832,131,145,259,750,0,4,0,33.59,688.60,100.00,0.00,3170.54,1
42828,130,145,259,749,0,4,0,33.59,688.60,100.00,0.00,3170.54,1
43824,131,145,258,749,0,4,0,33.59,688.60,100.00,0.00,3170.54,1
44820,131,145,259,750,0,4,0,33.59,688.60,100.00,0.00,3170.54,1
45816,131,145,259,750,0,4,0,33.59,688.60,100.00,0.00,3170.54,1
46812,131,145,259,750,0,4,0,33.59,688.60,100.00,0.00,3170.54,1
47808,130,145,259,750,0,4,0,33.59,688.60,100.00,0.00,3170.54,1
48804,131,145,258,750,0,4,0,33.59,688.60,100.00,0.00,3170.54,1
49800,132,145,259,750,0,4,0,33.59,688.60,100.00,0.00,3170.54,1
50796,132,145,259,750,0,4,0,33.59,688.60,100.00,0.00,3170.54,1
51792,132,146,259,750,0,4,0,33.59,688.60,100.00,0.00,3170.54,1
52788,131,146,260,750,0,4,0,33.59,688.60,100.00,0.00,3170.54,1
53784,131,145,259,749,0,4,0,33.59,688.60,100.00,0.00,3170.54,1
54780,132,146,259,750,0,4,0,33.59,688.60,100.00,0.00,3170.54,1
55776,132,146,260,750,0,4,0,33.59,688.60,100.00,0.00,3170.54,1
56772,131,145,259,751,0,4,0,33.59,688.60,100.00,0.00,3170.54,1
57768,132,146,260,750,0,4,0,33.59,688.60,100.00,0.00,3170.54,1
58764,132,145,259,750,0,4,0,33.59,688.60,100.00,0.00,3170.54,1
59760,132,146,259,750,0,4,0,33.59,688.60,100.00,0.00,3170.54,1
60756,132,146,260,751,0,4,0,33.59,688.60,100.00,0.00,3170.54,1
61752,132,146,260,750,0,4,0,33.59,688.60,100.00,0.00,3170.54,1
62748,131,146,260,751,0,4,0,33.59,688.60,100.00,0.00,3170.54,1
63744,132,146,260,751,0,4,0,33.59,688.60,100.00,0.00,3170.54,1
64740,132,146,260,751,0,4,0,33.59,688.60,100.00,0.00,3170.54,1
65736,131,146,260,750,0,4,0,33.59,688.60,100.00,0.00,3170.54,1
66732,132,146,260,750,0,4,0,33.59,688.60,100.00,0.00,3170.54,1
67728,132,146,261,750,0,4,0,33.59,688.60,100.00,0.00,3170.54,1
68724,132,146,260,750,0,4,0,33.59,688.60,100.00,0.00,3170.54,1
69720,132,146,260,750,0,4,0,33.59,688.60,100.00,0.00,3170.54,1
70716,132,146,260,751,0,4,0,33.59,688.60,100.00,0.00,3170.54,1
71712,132,147,260,751,0,4,0,33.59,688.60,100.00,0.00,3170.54,1
72708,132,146,261,751,0,4,0,33.59,688.60,100.00,0.00,3170.54,1
73704,132,146,261,751,0,4,0,33.59,688.60,100.00,0.00,3170.54,1
74700,132,147,261,751,0,4,0,33.59,688.60,100.00,0.00,3170.54,1
75696,133,147,262,751,0,4,0,33.59,688.60,100.00,0.00,3170.54,1
76692,133,146,262,751,0,4,0,33.59,688.60,100.00,0.00,3170.54,1
77688,132,147,261,751,0,4,0,33.59,688.60,100.00,0.00,3170.54,1
78684,133,147,262,751,0,4,0,33.59,688.60,100.00,0.00,3170.54,1
79680,133,147,261,751,0,4,0,33.59,688.60,100.00,0.00,3170.54,1
80676,133,147,261,751,0,4,0,33.59,688.60,100.00,0.00,3170.54,1
81672,133,147,262,751,0,4,0,33.59,688.60,100.00,0.00,3170.54,1
82668,133,147,262,751,0,4,0,33.59,688.60,100.00,0.00,3170.54,1
83664,132,147,262,751,0,4,0,33.59,688.60,100.00,0.00,3170.54,1
84660,133,147,262,752,0,4,0,33.59,688.60,100.00,0.00,3170.54,1
85656,133,147,262,751,0,4,0,33.59,688.60,100.00,0.00,3170.54,1
86652,133,148,262,751,0,4,0,33.59,688.60,100.00,0.00,3170.54,1
87648,133,148,262,751,0,4,0,33.59,688.60,100.00,0.00,3170.54,1
88644,132,148,262,751,0,4,0,33.59,688.60,100.00,0.00,3170.54,1
89640,133,147,262,750,0,4,0,33.59,688.60,100.00,0.00,3170.54,1
90636,132,148,262,751,0,4,0,33.59,688.60,100.00,0.00,3170.54,1
91632,133,147,262,751,0,5,0,33.59,688.60,100.00,0.00,3170.54,1
92628,133,148,262,751,0,4,0,33.59,688.60,100.00,0.00,3170.54,1
93624,132,147,262,751,0,4,0,33.59,688.60,100.00,0.00,3170.54,1
94620,133,148,262,751,0,4,0,33.59,688.60,100.00,0.00,3170.54,1
95616,133,148,262,751,0,4,0,33.59,688.60,100.00,0.00,3170.54,1
96612,132,148,262,751,0,4,0,33.59,688.60,100.00,0.00,3170.54,1
97608,133,148,262,751,0,4,0,33.59,688.60,100.00,0.00,3170.54,1
98604,133,148,262,751,0,4,0,33.59,688.60,100.00,0.00,3170.54,1
99600,132,148,262,751,0,5,0,33.59,688.60,100.00,0.00,3170.54,1
100596,131,148,262,752,0,5,0,33.59,688.60,100.00,0.00,3170.54,1
101592,132,149,262,751,0,4,0,33.59,688.60,100.00,0.00,3170.54,1
102588,132,148,261,751,0,5,0,33.59,688.60,100.00,0.00,3170.54,1
103584,132,148,262,751,0,4,0,33.59,688.60,100.00,0.00,3170.54,1
104580,131,148,261,752,0,4,0,33.59,688.60,100.00,0.00,3170.54,1
105576,131,149,261,751,0,4,0,33.59,688.60,100.00,0.00,3170.54,1
106572,131,148,261,751,0,5,0,33.59,688.60,100.00,0.00,3170.54,1
107568,131,148,261,752,0,4,0,33.59,688.60,100.00,0.00,3170.54,1
108564,131,148,261,751,0,4,0,33.59,688.60,100.00,0.00,3170.54,1
109560,130,148,262,751,0,5,0,33.59,688.60,100.00,0.00,3170.54,1
110556,131,148,262,751,0,4,0,33.59,688.60,100.00,0.00,3170.54,1
111552,131,149,262,751,0,4,0,33.59,688.60,100.00,0.00,3170.54,1
112548,130,149,261,751,0,4,0,33.59,688.60,100.00,0.00,3170.54,1
113544,130,149,261,751,0,4,0,33.59,688.60,100.00,0.00,3170.54,1
114540,131,148,260,751,0,4,0,33.59,688.60,100.00,0.00,3170.54,1
115536,130,149,261,752,0,4,0,33.59,688.60,100.00,0.00,3170.54,1
116532,131,149,261,752,0,4,0,33.59,688.60,100.00,0.00,3170.54,1
117528,131,149,261,752,0,5,0,33.59,688.60,100.00,0.00,3170.54,1
118524,131,148,261,751,0,4,0,33.59,688.60,100.00,0.00,3170.54,1
119520,131,149,261,752,0,4,0,33.59,688.60,100.00,0.00,3170.54,1
120516,131,149,261,752,0,5,0,33.59,688.60,100.00,0.00,3170.54,1
121512,131,149,261,751,0,4,0,33.59,688.60,100.00,0.00,3170.54,1
122508,131,150,261,751,0,4,0,33.59,688.60,100.00,0.00,3170.54,1
123504,131,149,261,751,0,4,0,33.59,688.60,100.00,0.00,3170.54,1
124500,130,149,262,752,0,4,0,33.59,688.60,100.00,0.00,3170.54,1
125496,131,149,261,752,0,4,0,33.59,688.60,100.00,0.00,3170.54,1
126492,131,150,261,752,0,5,0,33.59,688.60,100.00,0.00,3170.54,1
127488,131,149,261,752,0,4,0,33.59,688.60,100.00,0.00,3170.54,1
128484,131,149,261,753,0,4,0,33.59,688.60,100.00,0.00,3170.54,1
129480,131,149,261,752,0,4,0,33.59,688.60,100.00,0.00,3170.54,1
130476,131,150,261,752,0,4,0,33.59,688.60,100.00,0.00,3170.54,1
131472,130,149,261,751,0,4,0,33.59,688.60,100.00,0.00,3170.54,1
132468,130,149,261,752,0,4,0,33.59,688.60,100.00,0.00,3170.54,1
133464,131,149,260,752,0,4,0,33.59,688.60,100.00,0.00,3170.54,1
134460,130,150,261,752,0,5,0,33.59,688.60,100.00,0.00,3170.54,1
135456,130,150,261,751,0,4,0,33.59,688.60,100.00,0.00,3170.54,1
136452,131,150,260,751,0,4,0,33.59,688.60,100.00,0.00,3170.54,1
137448,131,150,260,752,0,4,0,33.59,688.60,100.00,0.00,3170.54,1
138444,130,150,260,751,0,4,0,33.59,688.60,100.00,0.00,3170.54,1
139440,131,149,260,752,0,4,0,33.59,688.60,100.00,0.00,3170.54,1
140436,130,150,260,752,0,4,0,33.59,688.60,100.00,0.00,3170.54,1
141432,130,150,260,751,0,5,0,33.59,688.60,100.00,0.00,3170.54,1
142428,130,150,260,752,0,5,0,33.59,688.60,100.00,0.00,3170.54,1
143424,130,150,260,752,0,4,0,33.59,688.60,100.00,0.00,3170.54,1
144420,130,150,260,752,0,4,0,33.59,688.60,100.00,0.00,3170.54,1
145416,131,150,260,752,0,4,0,33.59,688.60,100.00,0.00,3170.54,1
146412,130,150,260,752,0,5,0,33.59,688.60,100.00,0.00,3170.54,1
147408,130,150,261,752,0,4,0,33.59,688.60,100.00,0.00,3170.54,1
148404,130,150,260,752,0,5,0,33.59,688.60,100.00,0.00,3170.54,1
149400,130,150,260,751,0,4,0,33.59,688.60,100.00,0.00,3170.54,1
150396,130,150,260,753,0,4,0,33.59,688.60,100.00,0.00,3170.54,1
151392,130,151,260,752,0,4,0,33.59,688.60,100.00,0.00,3170.54,1
152388,130,150,261,752,0,4,0,33.59,688.60,100.00,0.00,3170.54,1
153384,130,150,260,753,0,5,0,33.59,688.60,100.00,0.00,3170.54,1
154380,130,151,260,752,0,5,0,33.59,688.60,100.00,0.00,3170.54,1
155376,130,150,261,752,0,5,0,33.59,688.60,100.00,0.00,3170.54,1
156372,130,151,260,753,0,4,0,33.59,688.60,100.00,0.00,3170.54,1
157368,130,151,260,753,0,5,0,33.59,688.60,100.00,0.00,3170.54,1
158364,130,151,260,752,0,5,0,33.59,688.60,100.00,0.00,3170.54,1
159360,130,151,261,753,0,5,0,33.59,688.60,100.00,0.00,3170.54,1
160356,130,151,260,753,0,4,0,33.59,688.60,100.00,0.00,3170.54,1
161352,130,150,261,752,0,4,0,33.59,688.60,100.00,0.00,3170.54,1
162348,130,150,260,752,0,4,0,33.59,688.60,100.00,0.00,3170.54,1
163344,130,151,260,753,0,4,0,33.59,688.60,100.00,0.00,3170.54,1
164340,130,151,261,753,0,5,0,33.59,688.60,100.00,0.00,3170.54,1
165336,130,151,261,752,0,4,0,33.59,688.60,100.00,0.00,3170.54,1
166332,130,151,260,752,0,4,0,33.59,688.60,100.00,0.00,3170.54,1
167328,130,151,260,752,0,4,0,33.59,688.60,100.00,0.00,3170.54,1
168324,130,151,260,752,0,5,0,33.59,688.60,100.00,0.00,3170.54,1
169320,130,151,261,753,0,4,0,33.59,688.60,100.00,0.00,3170.54,1
170316,130,151,260,753,0,4,0,33.59,688.60,100.00,0.00,3170.54,1
171312,129,151,260,752,0,5,0,33.59,688.60,100.00,0.00,3170.54,1
172308,130,151,260,753,0,4,0,33.59,688.60,100.00,0.00,3170.54,1
173304,130,151,260,753,0,4,0,33.59,688.60,100.00,0.00,3170.54,1
174300,130,151,260,752,0,4,0,33.59,688.60,100.00,0.00,3170.54,1
175296,130,151,261,752,0,5,0,33.59,688.60,100.00,0.00,3170.54,1
176292,130,151,260,752,0,5,0,33.59,688.60,100.00,0.00,3170.54,1
177288,130,151,260,752,0,4,0,33.59,688.60,100.00,0.00,3170.54,1
178284,130,151,261,753,0,5,0,33.59,688.60,100.00,0.00,3170.54,1
179280,130,151,260,753,0,5,0,33.59,688.60,100.00,0.00,3170.54,1
180276,130,151,261,752,0,5,0,33.59,688.60,100.00,0.00,3170.54,1
181272,130,151,261,753,0,4,0,33.59,688.60,100.00,0.00,3170.54,1
182268,130,151,261,753,0,4,0,33.59,688.60,100.00,0.00,3170.54,1
183264,130,151,261,753,0,5,0,33.59,688.60,100.00,0.00,3170.54,1
184260,130,152,261,753,0,4,0,33.59,688.60,100.00,0.00,3170.54,1
185256,130,152,261,753,0,5,0,33.59,688.60,100.00,0.00,3170.54,1
186252,130,152,261,754,0,5,0,33.59,688.60,100.00,0.00,3170.54,1
187248,130,152,261,753,0,4,0,33.59,688.60,100.00,0.00,3170.54,1
188244,131,151,262,754,0,5,0,33.59,688.60,100.00,0.00,3170.54,1
189240,130,152,261,753,0,4,0,33.59,688.60,100.00,0.00,3170.54,1
190236,130,152,262,754,0,4,0,33.59,688.60,100.00,0.00,3170.54,1
191232,131,152,261,754,0,4,0,33.59,688.60,100.00,0.00,3170.54,1
192228,130,152,262,753,0,5,0,33.59,688.60,100.00,0.00,3170.54,1
193224,130,151,262,753,0,5,0,33.59,688.60,100.00,0.00,3170.54,1
194220,131,152,261,753,0,4,0,33.59,688.60,100.00,0.00,3170.54,1
195216,130,152,262,754,0,5,0,33.59,688.60,100.00,0.00,3170.54,1
196212,131,152,262,753,0,5,0,33.59,688.60,100.00,0.00,3170.54,1
197208,131,152,262,753,0,5,0,33.59,688.60,100.00,0.00,3170.54,1
198204,131,152,262,753,0,5,0,33.59,688.60,100.00,0.00,3170.54,1
199200,130,152,262,753,0,4,0,33.59,688.60,100.00,0.00,3170.54,1
200196,131,152,262,753,0,5,0,33.59,688.60,100.00,0.00,3170.54,1
201192,131,152,263,754,0,5,0,33.59,688.60,100.00,0.00,3170.54,1
202188,130,152,262,753,0,4,0,33.59,688.60,100.00,0.00,3170.54,1
203184,130,152,262,753,0,5,0,33.59,688.60,100.00,0.00,3170.54,1
204180,131,152,262,753,0,5,0,33.59,688.60,100.00,0.00,3170.54,1
205176,131,152,262,753,0,5,0,33.59,688.60,100.00,0.00,3170.54,1
