timestamp,NO2,C2H50H,VOC,CO,Alcohol,LPG,Benzene,Temperature,Pressure,Humidity,Gas_Resistance,Altitude,State422304,29,64,67,799,2,20,0,25.51,1015.91,38.84,201.13,9.05,1
423300,29,64,66,799,2,20,0,25.51,1015.91,38.92,201.13,9.05,1
424296,29,64,67,800,2,21,0,25.51,1015.91,38.99,200.89,8.96,1
425292,28,65,67,800,2,20,0,25.51,1015.92,39.07,200.40,8.88,1
426288,29,64,67,801,2,20,0,25.51,1015.93,39.13,200.89,8.88,1
427284,29,64,67,800,2,20,0,25.51,1015.93,39.19,201.01,8.88,1
428280,29,64,67,801,2,22,0,25.51,1015.93,39.26,200.52,8.88,1
429276,29,65,66,802,2,20,0,25.51,1015.93,39.29,199.92,8.88,1
430272,29,65,66,803,2,20,0,25.52,1015.93,39.33,199.80,8.88,1
431268,29,64,66,803,2,19,0,25.51,1015.93,39.39,200.16,8.88,1
432264,29,64,66,804,2,19,0,25.52,1015.93,39.43,199.56,8.88,1
433260,29,65,67,806,2,20,0,25.52,1015.93,39.51,200.28,8.80,1
434256,30,65,67,807,2,19,0,25.52,1015.94,39.60,200.28,8.71,1
435252,29,65,67,808,2,20,0,25.52,1015.95,39.68,198.84,8.71,1
436248,29,65,67,810,2,20,0,25.52,1015.95,39.72,198.48,8.71,1
437244,30,65,67,810,2,19,0,25.52,1015.95,39.76,198.48,8.80,1
438240,29,65,68,812,2,20,0,25.52,1015.94,39.79,198.24,8.80,1
439236,29,65,68,813,2,19,0,25.52,1015.94,39.79,198.36,8.80,1
440232,29,65,68,814,2,20,0,25.52,1015.94,39.80,198.24,8.71,1
441228,29,66,68,815,2,20,0,25.52,1015.95,39.81,199.43,8.71,1
442224,29,66,68,816,2,18,0,25.52,1015.95,39.84,199.68,8.71,1
443220,29,66,69,816,2,20,0,25.52,1015.95,39.89,197.88,8.71,1
444216,29,66,68,817,2,20,0,25.52,1015.95,39.90,199.07,8.71,1
445212,29,66,68,817,2,19,0,25.52,1015.95,39.95,196.94,8.80,1
446208,29,66,68,818,2,19,0,25.52,1015.94,39.99,198.71,8.80,1
447204,29,66,69,818,2,19,0,25.52,1015.94,40.01,196.59,8.80,1
448200,29,66,69,819,2,20,0,25.52,1015.94,40.00,196.82,8.71,1
449196,29,66,69,819,2,20,0,25.52,1015.95,40.01,197.17,8.71,1
450192,29,66,69,820,2,21,0,25.52,1015.95,40.00,197.29,8.71,1
451188,30,66,69,820,2,19,0,25.52,1015.95,39.96,197.29,8.80,1
452184,28,66,69,820,2,20,0,25.52,1015.94,39.95,198.84,8.71,1
453180,29,66,69,820,2,20,0,25.52,1015.95,39.89,197.88,8.80,1
454176,30,67,68,821,2,19,0,25.52,1015.94,39.88,196.94,8.80,1
455172,30,66,69,821,2,20,0,25.52,1015.94,39.86,198.48,8.88,1
456168,29,66,68,822,2,21,0,25.52,1015.93,39.86,197.76,8.80,1
457164,30,66,69,821,2,20,0,25.52,1015.94,39.88,197.41,8.80,1
458160,29,66,68,822,2,20,0,25.52,1015.94,39.87,198.48,8.88,1
459156,29,66,68,823,2,20,0,25.52,1015.93,39.90,197.88,8.88,1
460152,30,66,68,822,2,20,0,25.52,1015.93,39.93,198.24,8.88,1
461148,29,66,69,823,2,20,0,25.52,1015.93,39.94,196.82,8.88,1
462144,29,67,68,822,2,20,0,25.52,1015.93,39.95,197.06,8.88,1
463140,29,67,69,824,2,20,0,25.52,1015.93,39.98,196.82,8.80,1
464136,29,66,69,824,2,20,0,25.52,1015.94,39.99,196.71,8.80,1
465132,30,67,69,824,2,20,0,25.52,1015.94,39.99,198.36,8.80,1
466128,29,67,69,824,3,20,0,25.52,1015.94,40.00,197.29,8.80,1
467124,30,67,69,825,2,20,0,25.52,1015.94,39.98,195.89,8.80,1
468120,30,67,68,825,2,20,0,25.52,1015.94,39.94,197.29,8.80,1
469116,29,66,69,825,2,20,0,25.52,1015.94,39.91,198.00,8.71,1
470112,29,67,69,825,2,21,0,25.52,1015.95,39.88,198.00,8.80,1
471108,29,67,68,825,2,20,0,25.52,1015.94,39.87,197.41,8.80,1
472104,30,67,69,826,2,20,0,25.52,1015.94,39.88,197.29,8.80,1
473100,29,67,69,826,2,20,0,25.52,1015.94,39.89,196.94,8.80,1
474096,30,67,70,827,2,20,0,25.52,1015.94,39.89,197.76,8.71,1
475092,29,67,69,827,2,19,0,25.52,1015.95,39.87,197.29,8.71,1
476088,29,67,69,827,2,20,0,25.52,1015.95,39.87,198.36,8.80,1
477084,29,67,69,828,2,21,0,25.52,1015.94,39.85,198.00,8.71,1
478080,29,67,69,827,2,20,0,25.52,1015.95,39.84,197.53,8.80,1
479076,30,67,69,828,2,20,0,25.52,1015.94,39.82,197.65,8.71,1
480072,30,67,69,828,2,20,0,25.52,1015.95,39.81,198.95,8.80,1
481068,29,67,70,828,2,20,0,25.52,1015.94,39.85,197.53,8.80,1
482064,29,67,69,828,1,20,0,25.52,1015.94,39.87,198.00,8.80,1
483060,29,67,69,829,2,20,0,25.51,1015.94,39.93,197.17,8.80,1
484056,30,67,69,828,2,20,0,25.51,1015.94,39.99,196.47,8.71,1
485052,30,68,69,829,2,20,0,25.52,1015.95,40.03,196.59,8.71,1
486048,30,67,69,828,2,20,0,25.52,1015.95,40.05,196.82,8.63,1
487044,29,67,69,828,2,20,0,25.52,1015.96,40.09,196.71,8.63,1
488040,29,67,69,827,2,20,0,25.52,1015.96,40.10,196.00,8.63,1
489036,30,67,69,828,2,21,0,25.52,1015.96,40.10,196.35,8.55,1
490032,29,67,69,828,2,20,0,25.52,1015.97,40.07,196.35,8.63,1
491028,29,67,69,828,2,20,0,25.52,1015.96,40.07,196.24,8.63,1
492024,29,67,69,829,2,20,0,25.52,1015.96,40.06,196.59,8.63,1
493020,30,66,69,829,2,20,0,25.52,1015.96,40.04,197.88,8.63,1
494016,30,67,69,829,2,19,0,25.52,1015.96,40.01,197.65,8.55,1
495012,30,67,70,829,2,20,0,25.52,1015.97,40.00,196.47,8.55,1
496008,30,67,69,829,3,20,0,25.52,1015.97,39.98,196.82,8.55,1
497004,29,67,69,829,2,20,0,25.52,1015.97,39.96,198.36,8.63,1
498000,29,67,70,829,2,20,0,25.52,1015.96,39.96,196.59,8.63,1
498996,30,67,70,830,2,20,0,25.52,1015.96,39.94,197.17,8.71,1
499992,29,67,69,829,2,20,0,25.51,1015.95,39.94,198.12,8.63,1
500988,29,67,69,830,2,20,0,25.51,1015.96,39.94,196.59,8.63,1
501984,29,67,69,830,2,20,0,25.51,1015.96,39.94,198.84,8.63,1
502980,29,67,69,830,2,22,0,25.51,1015.96,39.95,197.88,8.55,1
503976,29,67,70,830,2,20,0,25.51,1015.97,39.95,198.71,8.55,1
504972,30,67,70,829,2,20,0,25.51,1015.97,39.95,197.65,8.55,1
505968,30,67,70,830,2,21,0,25.51,1015.97,39.94,196.94,8.55,1
506964,29,66,69,830,2,21,0,25.51,1015.97,39.94,197.53,8.55,1
507960,29,67,69,829,2,20,0,25.52,1015.97,39.93,196.71,8.55,1
508956,29,67,70,830,2,20,0,25.52,1015.97,39.93,197.53,8.55,1
509952,29,67,69,829,2,21,0,25.52,1015.97,39.93,198.95,8.63,1
510948,30,67,69,829,2,20,0,25.52,1015.96,39.91,198.71,8.63,1
511944,30,67,70,830,2,21,0,25.52,1015.96,39.90,198.00,8.63,1
512940,30,67,70,830,2,21,0,25.52,1015.96,39.92,198.24,8.63,1
513936,30,67,69,831,2,20,0,25.52,1015.96,39.94,198.60,8.63,1
514932,29,67,69,830,2,20,0,25.52,1015.96,39.94,197.88,8.71,1
515928,30,68,69,831,2,21,0,25.52,1015.95,39.92,198.12,8.63,1
516924,29,67,70,831,2,21,0,25.52,1015.96,39.91,198.36,8.63,1
517920,30,67,69,830,2,21,0,25.52,1015.96,39.90,198.48,8.63,1
518916,29,67,70,831,2,21,0,25.52,1015.96,39.91,197.76,8.63,1
519912,30,67,69,832,2,21,0,25.52,1015.96,39.93,197.76,8.71,1
520908,29,67,70,831,2,21,0,25.52,1015.95,39.98,197.17,8.71,1
521904,30,67,70,830,2,22,0,25.52,1015.95,40.01,197.29,8.71,1
522900,29,67,69,831,2,21,0,25.52,1015.95,40.04,197.29,8.63,1
523896,29,67,69,831,2,21,0,25.52,1015.96,40.10,196.94,8.63,1
524892,29,67,70,830,2,21,0,25.52,1015.96,40.15,196.47,8.63,1
525888,29,67,70,831,2,21,0,25.52,1015.96,40.17,196.47,8.55,1
526884,30,67,70,831,2,22,0,25.52,1015.97,40.19,197.17,8.63,1
527880,30,67,70,832,2,22,0,25.52,1015.96,40.17,196.71,8.63,1
528876,29,67,70,831,2,22,0,25.52,1015.96,40.14,197.17,8.55,1
529872,29,67,70,831,2,21,0,25.52,1015.97,40.15,196.82,8.55,1
530868,29,67,70,831,3,21,0,25.52,1015.97,40.17,197.76,8.55,1
531864,30,67,69,830,2,21,0,25.52,1015.97,40.21,196.24,8.55,1
532860,29,67,70,830,2,21,0,25.52,1015.97,40.27,196.24,8.55,1
533856,29,67,70,829,2,21,0,25.52,1015.97,40.30,195.77,8.46,1
534852,29,67,70,829,2,21,0,25.52,1015.98,40.33,197.53,8.46,1
535848,30,67,69,829,2,21,0,25.52,1015.98,40.34,197.53,8.55,1
536844,29,67,69,830,2,21,0,25.52,1015.97,40.32,195.19,8.55,1
537840,30,67,70,830,2,21,0,25.52,1015.97,40.30,196.12,8.55,1
538836,29,67,70,831,2,21,0,25.52,1015.97,40.28,196.12,8.55,1
539832,29,67,70,831,2,21,0,25.51,1015.97,40.25,196.47,8.55,1
540828,29,67,70,831,2,22,0,25.52,1015.97,40.20,195.89,8.55,1
541824,29,67,70,831,2,21,0,25.52,1015.97,40.17,198.48,8.46,1
542820,29,67,70,831,3,21,0,25.52,1015.98,40.12,197.53,8.46,1
543816,30,68,70,831,2,21,0,25.52,1015.98,40.07,197.06,8.55,1
544812,29,67,70,831,2,21,0,25.52,1015.97,40.04,197.41,8.55,1
545808,29,67,69,832,2,21,0,25.52,1015.97,40.01,197.29,8.55,1
546804,30,67,70,831,2,21,0,25.52,1015.97,40.01,196.94,8.55,1
547800,30,67,70,831,2,21,0,25.52,1015.97,39.99,198.84,8.55,1
548796,29,67,70,832,2,22,0,25.52,1015.97,39.98,199.19,8.46,1
549792,30,67,70,831,2,21,0,25.52,1015.98,39.95,197.53,8.46,1
550788,30,67,69,831,2,21,0,25.52,1015.98,39.91,198.00,8.38,1
551784,30,68,70,832,2,21,0,25.52,1015.99,39.91,198.00,8.46,1
552780,30,68,70,832,2,21,0,25.52,1015.98,39.89,197.53,8.46,1
553776,29,68,70,832,2,21,0,25.52,1015.98,39.88,198.48,8.46,1
554772,30,68,70,832,3,21,0,25.52,1015.98,39.93,197.29,8.46,1
555768,30,67,69,832,2,21,0,25.52,1015.98,40.00,197.29,8.46,1
556764,30,67,70,833,2,21,0,25.51,1015.98,40.08,197.65,8.46,1
557760,29,68,70,832,2,21,0,25.51,1015.98,40.14,197.53,8.46,1
558756,30,68,70,833,2,22,0,25.51,1015.98,40.15,198.00,8.46,1
559752,29,68,70,832,2,21,0,25.51,1015.98,40.16,198.95,8.55,1
560748,29,67,70,832,2,21,0,25.51,1015.97,40.15,198.36,8.55,1
561744,30,67,70,833,2,22,0,25.51,1015.97,40.16,197.17,8.55,1
562740,30,67,70,832,2,21,0,25.51,1015.97,40.16,198.24,8.55,1
563736,30,67,70,833,2,21,0,25.51,1015.97,40.16,196.94,8.55,1
564732,29,67,70,833,2,20,0,25.51,1015.97,40.14,197.06,8.55,1
565728,30,68,70,832,2,21,0,25.51,1015.97,40.13,198.95,8.55,1
566724,30,68,70,833,2,21,0,25.51,1015.97,40.11,196.82,8.46,1
567720,30,68,70,832,2,21,0,25.51,1015.98,40.11,198.48,8.46,1
568716,29,68,70,833,2,21,0,25.52,1015.98,40.10,198.84,8.55,1
569712,30,68,71,833,2,22,0,25.51,1015.97,40.11,196.82,8.55,1
570708,30,68,71,833,2,22,0,25.51,1015.97,40.11,196.94,8.63,1
571704,30,68,71,834,2,21,0,25.52,1015.96,40.12,197.06,8.63,1
572700,30,68,70,834,2,22,0,25.51,1015.96,40.17,196.71,8.63,1
573696,30,68,70,834,2,22,0,25.52,1015.96,40.26,195.08,8.55,1
574692,30,68,71,834,2,21,0,25.52,1015.97,40.36,195.66,8.55,1
575688,30,68,71,834,2,21,0,25.52,1015.97,40.48,194.96,8.55,1
576684,29,68,70,834,2,22,0,25.52,1015.97,40.58,196.71,8.55,1
577680,29,68,70,835,2,21,0,25.52,1015.97,40.63,194.74,8.55,1
578676,30,68,70,834,2,21,0,25.52,1015.97,40.69,194.62,8.55,1
579672,30,68,71,834,2,21,0,25.52,1015.97,40.74,194.28,8.38,1
580668,30,68,70,834,2,22,0,25.52,1015.99,40.78,194.28,8.38,1
581664,30,68,71,835,2,22,0,25.52,1015.99,40.79,194.85,8.38,1
582660,30,68,70,835,2,22,0,25.52,1015.99,40.78,194.62,8.38,1
583656,30,68,71,835,2,21,0,25.52,1015.99,40.77,194.16,8.46,1
584652,29,67,71,835,3,21,0,25.52,1015.98,40.76,194.96,8.46,1
585648,30,68,70,835,2,21,0,25.52,1015.98,40.73,193.82,8.38,1
586644,30,68,70,834,2,20,0,25.52,1015.99,40.67,194.51,8.46,1
587640,30,68,70,833,2,22,0,25.52,1015.98,40.61,195.31,8.46,1
588636,30,67,70,834,2,22,0,25.52,1015.98,40.55,195.31,8.46,1
589632,30,68,71,834,2,22,0,25.52,1015.98,40.50,194.39,8.46,1
590628,30,68,71,833,2,22,0,25.52,1015.98,40.43,194.85,8.46,1
591624,30,67,70,833,2,21,0,25.52,1015.98,40.40,194.74,8.38,1
592620,30,68,71,833,2,22,0,25.52,1015.99,40.42,194.05,8.38,1
593616,29,68,70,832,2,21,0,25.52,1015.99,40.43,194.39,8.38,1
594612,30,67,71,832,2,23,0,25.52,1015.99,40.46,194.51,8.46,1
595608,30,67,70,833,2,22,0,25.52,1015.98,40.46,195.77,8.46,1
596604,30,68,70,833,2,22,0,25.52,1015.98,40.43,194.96,8.38,1
597600,30,67,71,833,2,22,0,25.52,1015.99,40.38,194.74,8.46,1
598596,30,68,70,833,2,21,0,25.51,1015.98,40.34,195.08,8.46,1
599592,30,68,71,833,2,22,0,25.51,1015.98,40.31,196.94,8.38,1
0,29,68,71,835,2,22,0,25.51,1015.99,40.27,197.17,8.46,1
996,30,68,70,834,2,23,0,25.44,1015.98,40.31,190.47,8.46,1
1992,30,68,71,835,2,22,0,25.43,1015.98,40.39,190.36,8.46,1
2988,30,68,71,835,2,21,0,25.44,1015.98,40.42,190.58,8.46,1
3984,30,68,71,835,2,22,0,25.45,1015.98,40.43,189.06,8.46,1
4980,30,68,71,835,2,22,0,25.46,1015.98,40.43,191.57,8.38,1
5976,30,68,71,835,2,22,0,25.46,1015.99,40.40,190.80,8.46,1
6972,30,68,71,835,2,23,0,25.47,1015.98,40.35,191.13,8.46,1
7968,30,68,71,835,2,22,0,25.48,1015.98,40.30,191.02,8.38,1
8964,30,67,71,835,2,22,0,25.48,1015.99,40.28,193.82,8.38,1
9960,30,68,71,834,2,23,0,25.49,1015.99,40.23,193.14,8.38,1
10956,30,68,71,834,2,22,0,25.49,1015.99,40.20,192.36,8.38,1
11952,30,68,71,835,2,23,0,25.49,1015.99,40.17,195.19,8.38,1
12948,30,68,70,834,2,22,0,25.50,1015.99,40.15,192.92,8.38,1
13944,30,68,71,834,1,22,0,25.50,1015.99,40.14,194.39,8.38,1
14940,30,68,71,834,2,21,0,25.50,1015.99,40.15,192.69,8.38,1
15936,30,68,70,834,2,22,0,25.50,1015.99,40.18,194.96,8.38,1
16932,30,68,71,834,2,22,0,25.50,1015.99,40.20,193.25,8.46,1
17928,30,68,70,834,2,21,0,25.50,1015.98,40.22,194.74,8.38,1
18924,30,67,70,833,2,21,0,25.50,1015.99,40.22,193.71,8.38,1
19920,30,67,71,833,2,22,0,25.50,1015.99,40.23,193.59,8.46,1
20916,30,68,70,833,3,22,0,25.50,1015.98,40.23,193.71,8.38,1
21912,30,68,70,833,2,22,0,25.51,1015.99,40.22,194.74,8.38,1
22908,30,68,70,833,2,22,0,25.51,1015.99,40.20,195.89,8.38,1
23904,30,68,71,833,2,21,0,25.51,1015.99,40.20,195.66,8.38,1
24900,30,67,71,833,2,22,0,25.51,1015.99,40.20,195.89,8.38,1
25896,30,67,70,833,2,22,0,25.51,1015.99,40.23,193.82,8.46,1
26892,30,68,70,833,2,22,0,25.51,1015.98,40.27,193.71,8.46,1
27888,29,68,71,832,2,22,0,25.51,1015.98,40.33,195.19,8.46,1
28884,30,67,71,833,2,23,0,25.51,1015.98,40.35,193.59,8.38,1
29880,30,67,71,833,3,22,0,25.51,1015.99,40.37,194.96,8.38,1
30876,30,67,70,832,2,21,0,25.51,1015.99,40.34,194.51,8.38,1
31872,30,68,71,833,2,22,0,25.51,1015.99,40.31,195.89,8.30,1
32868,30,68,71,833,2,23,0,25.51,1016.00,40.30,195.89,8.30,1
33864,30,68,71,833,2,22,0,25.51,1016.00,40.27,195.54,8.30,1
34860,30,68,71,833,2,22,0,25.51,1016.00,40.26,196.12,8.30,1
35856,30,68,71,833,2,23,0,25.51,1016.00,40.24,195.19,8.38,1
36852,30,67,71,832,2,22,0,25.51,1015.99,40.22,195.89,8.30,1
37848,30,68,71,833,2,22,0,25.51,1016.00,40.20,195.54,8.30,1
38844,30,68,70,834,2,23,0,25.51,1016.00,40.23,196.00,8.38,1
39840,30,67,71,833,2,23,0,25.51,1015.99,40.27,194.74,8.30,1
40836,30,68,70,833,2,22,0,25.51,1016.00,40.32,196.35,8.30,1
41832,31,68,71,833,2,22,0,25.51,1016.00,40.34,195.89,8.30,1
42828,30,68,71,833,2,23,0,25.51,1016.00,40.34,194.39,8.30,1
43824,30,68,71,833,2,21,0,25.51,1016.00,40.34,195.89,8.38,1
44820,30,68,70,834,2,22,0,25.51,1015.99,40.38,194.51,8.38,1
45816,30,68,71,833,2,22,0,25.51,1015.99,40.44,195.77,8.38,1
46812,30,68,71,833,2,23,0,25.51,1015.99,40.46,194.05,8.38,1
47808,30,68,71,833,2,22,0,25.51,1015.99,40.48,195.19,8.38,1
48804,30,67,71,833,2,23,0,25.51,1015.99,40.47,195.31,8.38,1
49800,30,68,71,833,2,22,0,25.51,1015.99,40.46,194.16,8.30,1
50796,30,68,71,832,2,23,0,25.51,1016.00,40.46,195.08,8.30,1
51792,30,68,71,832,2,23,0,25.51,1016.00,40.45,196.24,8.38,1
52788,30,68,71,832,2,22,0,25.51,1015.99,40.45,195.43,8.30,1
53784,31,67,70,832,2,22,0,25.51,1016.00,40.45,193.37,8.38,1
54780,30,68,70,831,2,23,0,25.51,1015.99,40.46,193.71,8.30,1
55776,30,67,71,832,2,22,0,25.51,1016.00,40.49,195.89,8.30,1
56772,30,68,71,831,2,22,0,25.51,1016.00,40.50,195.43,8.38,1
57768,30,67,71,832,2,22,0,25.51,1015.99,40.47,196.00,8.38,1
58764,31,68,70,831,2,23,0,25.51,1015.99,40.47,195.54,8.38,1
59760,30,67,70,832,2,22,0,25.51,1015.99,40.46,194.62,8.38,1
60756,30,67,71,831,2,22,0,25.51,1015.99,40.50,195.66,8.46,1
61752,30,67,71,832,2,24,0,25.51,1015.98,40.54,193.48,8.46,1
62748,30,68,71,832,2,23,0,25.51,1015.98,40.56,194.05,8.46,1
63744,31,67,71,832,2,22,0,25.51,1015.98,40.54,194.85,8.38,1
64740,30,68,71,833,2,23,0,25.51,1015.99,40.53,193.93,8.38,1
65736,30,68,72,834,2,23,0,25.51,1015.99,40.49,194.62,8.38,1
66732,30,68,71,833,2,22,0,25.51,1015.99,40.44,195.19,8.38,1
67728,30,68,71,832,2,22,0,25.51,1015.99,40.43,194.51,8.38,1
68724,30,68,71,832,2,21,0,25.51,1015.99,40.44,196.47,8.38,1
69720,31,68,70,833,2,22,0,25.51,1015.99,40.43,196.12,8.46,1
70716,30,67,70,832,2,22,0,25.51,1015.98,40.44,195.08,8.46,1
71712,30,68,70,832,2,22,0,25.51,1015.98,40.43,195.54,8.46,1
72708,31,68,71,832,2,22,0,25.51,1015.98,40.41,195.08,8.46,1
73704,30,68,71,832,2,22,0,25.51,1015.98,40.41,196.00,8.38,1
74700,30,68,71,833,2,21,0,25.51,1015.99,40.40,195.89,8.38,1
75696,30,68,71,833,2,22,0,25.51,1015.99,40.45,194.28,8.38,1
76692,30,68,71,833,2,22,0,25.51,1015.99,40.54,193.37,8.38,1
77688,30,68,71,833,2,22,0,25.51,1015.99,40.64,194.85,8.38,1
78684,31,68,71,832,2,21,0,25.51,1015.99,40.72,193.25,8.38,1
79680,31,68,71,833,2,22,0,25.51,1015.99,40.78,193.82,8.38,1
80676,31,68,70,832,2,23,0,25.51,1015.99,40.80,192.47,8.38,1
81672,31,68,71,833,2,23,0,25.51,1015.99,40.80,192.58,8.38,1
82668,31,68,71,832,2,21,0,25.51,1015.99,40.77,194.39,8.30,1
83664,31,68,71,833,2,22,0,25.51,1016.00,40.75,193.48,8.30,1
84660,30,67,71,832,2,22,0,25.51,1016.00,40.71,193.93,8.30,1
85656,30,68,71,832,2,22,0,25.51,1016.00,40.70,192.80,8.30,1
86652,30,68,71,832,2,22,0,25.51,1016.00,40.69,194.51,8.30,1
87648,30,68,71,832,2,23,0,25.51,1016.00,40.67,194.39,8.22,1
88644,30,67,71,832,2,23,0,25.50,1016.01,40.63,194.51,8.22,1
89640,30,67,71,832,2,22,0,25.50,1016.01,40.59,195.19,8.30,1
90636,30,67,71,832,2,23,0,25.50,1016.00,40.55,194.74,8.30,1
91632,30,68,70,832,2,22,0,25.50,1016.00,40.50,194.51,8.22,1
92628,30,68,71,832,2,22,0,25.50,1016.01,40.48,194.16,8.30,1
93624,31,68,71,833,2,23,0,25.50,1016.00,40.47,194.05,8.30,1
94620,30,68,70,833,2,22,0,25.50,1016.00,40.48,194.96,8.30,1
95616,31,68,71,832,2,23,0,25.50,1016.00,40.52,194.28,8.30,1
96612,30,68,71,832,2,23,0,25.50,1016.00,40.53,194.51,8.30,1
97608,31,68,71,832,2,22,0,25.50,1016.00,40.53,193.71,8.30,1
98604,30,68,71,832,2,22,0,25.50,1016.00,40.53,194.62,8.30,1
99600,30,68,71,832,2,22,0,25.50,1016.00,40.53,194.39,8.30,1
100596,30,68,71,833,2,23,0,25.50,1016.00,40.51,193.93,8.38,1
101592,31,68,72,834,2,21,0,25.50,1015.99,40.51,195.19,8.38,1
102588,30,68,71,832,2,23,0,25.50,1015.99,40.51,195.77,8.30,1
103584,30,68,71,833,2,22,0,25.50,1016.00,40.52,194.74,8.38,1
104580,31,68,72,833,2,23,0,25.50,1015.99,40.53,193.71,8.38,1
105576,31,68,71,833,2,23,0,25.50,1015.99,40.53,194.96,8.38,1
106572,30,68,72,833,2,22,0,25.50,1015.99,40.50,193.71,8.38,1
107568,30,68,72,833,2,23,0,25.50,1015.99,40.50,193.71,8.38,1
108564,30,68,71,832,2,23,0,25.50,1015.99,40.50,193.93,8.38,1
109560,31,68,71,832,2,23,0,25.50,1015.99,40.51,194.39,8.38,1
110556,30,68,71,832,2,22,0,25.50,1015.99,40.52,194.39,8.38,1
111552,30,68,71,832,2,22,0,25.50,1015.99,40.51,194.05,8.38,1
112548,31,68,71,832,2,22,0,25.50,1015.99,40.51,194.28,8.46,1
113544,31,68,72,833,2,23,0,25.50,1015.98,40.51,193.82,8.46,1
114540,31,68,72,832,2,22,0,25.50,1015.98,40.53,195.19,8.55,1
115536,31,68,71,833,2,22,0,25.50,1015.97,40.51,194.39,8.46,1
116532,31,68,71,833,2,22,0,25.50,1015.98,40.50,194.05,8.46,1
117528,31,68,72,833,2,22,0,25.50,1015.98,40.48,195.08,8.46,1
118524,30,68,72,834,2,22,0,25.50,1015.98,40.48,193.59,8.55,1
119520,31,68,71,834,2,22,0,25.50,1015.97,40.47,194.16,8.46,1
120516,31,68,72,834,2,23,0,25.50,1015.98,40.49,193.82,8.46,1
121512,31,68,72,833,2,23,0,25.50,1015.98,40.51,193.59,8.46,1
122508,31,68,71,833,3,21,0,25.50,1015.98,40.54,193.59,8.46,1
123504,31,68,72,834,2,23,0,25.50,1015.98,40.56,195.31,8.46,1
124500,31,68,72,833,2,23,0,25.50,1015.98,40.59,195.43,8.46,1
125496,31,68,71,833,2,22,0,25.50,1015.98,40.60,194.16,8.46,1
126492,31,68,71,833,2,23,0,25.50,1015.98,40.63,194.96,8.46,1
127488,31,68,71,833,2,23,0,25.50,1015.98,40.61,193.71,8.46,1
128484,30,68,72,833,2,22,0,25.50,1015.98,40.58,193.71,8.38,1
129480,30,68,71,833,2,22,0,25.50,1015.99,40.57,195.54,8.46,1
130476,31,68,71,832,2,22,0,25.50,1015.98,40.56,195.08,8.46,1
131472,31,68,72,833,2,23,0,25.50,1015.98,40.56,195.19,8.46,1
132468,31,69,71,834,2,23,0,25.50,1015.98,40.56,193.48,8.46,1
133464,30,68,72,834,2,22,0,25.50,1015.98,40.56,194.85,8.46,1
134460,30,68,71,834,2,23,0,25.50,1015.98,40.61,194.05,8.38,1
135456,30,68,71,833,2,22,0,25.50,1015.99,40.68,193.03,8.38,1
136452,30,68,71,834,2,23,0,25.50,1015.99,40.75,194.39,8.46,1
137448,30,68,72,834,2,23,0,25.50,1015.98,40.84,192.47,8.38,1
138444,31,68,72,834,2,23,0,25.50,1015.99,40.91,192.47,8.46,1
139440,31,68,72,834,2,22,0,25.50,1015.98,40.98,193.14,8.46,1
140436,30,69,71,834,2,23,0,25.50,1015.98,41.01,192.02,8.46,1
141432,31,68,71,834,2,23,0,25.50,1015.98,41.00,192.02,8.38,1
142428,31,68,72,834,2,23,0,25.50,1015.99,40.95,193.48,8.38,1
143424,30,69,71,834,2,23,0,25.50,1015.99,40.89,193.37,8.38,1
144420,31,69,72,835,2,23,0,25.50,1015.99,40.80,193.25,8.38,1
145416,30,69,72,835,2,23,0,25.50,1015.99,40.76,192.92,8.38,1
146412,31,69,72,835,2,22,0,25.50,1015.99,40.74,193.48,8.46,1
147408,31,69,72,835,2,23,0,25.50,1015.98,40.77,193.37,8.46,1
148404,30,69,72,835,2,23,0,25.50,1015.98,40.85,192.58,8.38,1
149400,30,68,72,836,2,22,0,25.50,1015.99,40.93,191.57,8.38,1
150396,31,69,72,836,2,23,0,25.50,1015.99,40.99,192.80,8.30,1
151392,31,69,72,836,2,23,0,25.50,1016.00,41.02,191.24,8.30,1
152388,30,69,72,836,2,24,0,25.50,1016.00,41.04,192.13,8.38,1
153384,30,69,72,835,2,24,0,25.50,1015.99,41.03,191.02,8.46,1
154380,31,68,72,835,2,22,0,25.50,1015.98,41.03,192.47,8.46,1
155376,30,69,71,835,2,24,0,25.49,1015.98,41.02,192.47,8.55,1
156372,31,69,72,835,2,22,0,25.49,1015.97,41.02,192.36,8.55,1
157368,31,68,72,836,2,23,0,25.49,1015.97,41.01,191.35,8.46,1
158364,31,69,72,835,2,24,0,25.49,1015.98,41.02,192.69,8.46,1
159360,31,68,72,836,2,23,0,25.50,1015.98,41.02,192.13,8.46,1
160356,30,68,72,835,2,23,0,25.50,1015.98,41.02,191.02,8.38,1
161352,31,68,72,835,2,24,0,25.49,1015.99,41.00,192.13,8.46,1
162348,31,69,72,835,2,24,0,25.49,1015.98,41.00,191.02,8.46,1
163344,31,68,72,834,2,23,0,25.49,1015.98,41.00,191.02,8.46,1
164340,30,68,72,834,2,23,0,25.49,1015.98,40.97,190.91,8.46,1
165336,31,68,72,835,2,23,0,25.49,1015.98,40.93,192.69,8.46,1
166332,31,68,72,833,2,24,0,25.50,1015.98,40.87,192.02,8.46,1
167328,31,68,72,834,2,24,0,25.49,1015.98,40.87,191.35,8.55,1
168324,31,68,72,834,2,24,0,25.49,1015.97,40.84,191.57,8.46,1
169320,31,68,72,834,2,23,0,25.49,1015.98,40.82,192.92,8.46,1
170316,31,69,72,833,2,24,0,25.49,1015.98,40.83,191.35,8.46,1
171312,31,68,72,834,2,24,0,25.49,1015.98,40.89,191.35,8.46,1
172308,31,68,72,834,2,24,0,25.49,1015.98,40.97,191.91,8.46,1
173304,30,69,72,834,2,23,0,25.49,1015.98,41.06,190.03,8.46,1
174300,31,68,72,834,2,26,0,25.49,1015.98,41.09,190.36,8.38,1
175296,30,69,72,834,2,23,0,25.49,1015.99,41.12,191.80,8.38,1
176292,30,69,72,834,2,24,0,25.49,1015.99,41.08,191.91,8.38,1
177288,30,68,72,834,2,25,0,25.49,1015.99,41.01,191.13,8.38,1
178284,31,69,72,834,2,23,0,25.49,1015.99,40.95,190.80,8.46,1
179280,31,69,72,834,2,23,0,25.49,1015.98,40.91,192.92,8.46,1
180276,31,69,72,834,2,24,0,25.49,1015.98,40.89,192.13,8.38,1
181272,31,68,72,835,2,24,0,25.49,1015.99,40.90,191.57,8.46,1
182268,31,68,72,835,2,24,0,25.49,1015.98,40.91,190.91,8.46,1
183264,30,69,72,834,2,24,0,25.49,1015.98,40.95,191.57,8.46,1
184260,31,69,73,835,2,24,0,25.49,1015.98,41.00,191.35,8.46,1
185256,31,69,73,834,2,23,0,25.49,1015.98,41.05,190.58,8.38,1
186252,31,69,72,835,2,25,0,25.49,1015.99,41.08,190.91,8.38,1
187248,31,69,72,835,2,24,0,25.49,1015.99,41.04,190.25,8.38,1
188244,31,69,73,836,2,24,0,25.49,1015.99,41.01,190.25,8.38,1
189240,31,68,72,835,2,24,0,25.49,1015.99,40.99,192.36,8.46,1
190236,31,69,72,835,2,24,0,25.49,1015.98,40.95,192.24,8.46,1
191232,31,68,72,835,2,24,0,25.49,1015.98,40.95,190.69,8.55,1
192228,31,69,73,835,2,23,0,25.49,1015.97,40.95,190.80,8.46,1
193224,31,69,73,835,2,22,0,25.49,1015.98,40.95,192.24,8.46,1
194220,31,69,72,835,2,24,0,25.49,1015.98,40.93,191.57,8.46,1
195216,31,69,72,835,2,24,0,25.49,1015.98,40.91,192.02,8.46,1
196212,31,70,72,836,2,22,0,25.49,1015.98,40.86,192.24,8.46,1
197208,31,69,73,836,2,24,0,25.49,1015.98,40.81,192.47,8.46,1
198204,31,70,72,836,2,25,0,25.49,1015.98,40.78,191.69,8.46,1
199200,31,69,72,836,1,24,0,25.49,1015.98,40.73,193.37,8.46,1
200196,30,69,72,835,2,26,0,25.49,1015.98,40.67,191.80,8.55,1
201192,31,69,72,835,2,23,0,25.49,1015.97,40.64,191.91,8.46,1
202188,30,69,72,835,2,23,0,25.49,1015.98,40.63,192.24,8.46,1
203184,30,69,73,835,2,22,0,25.49,1015.98,40.66,193.03,8.46,1
204180,31,69,72,836,2,23,0,25.49,1015.98,40.68,192.69,8.46,1
205176,31,69,72,836,2,23,0,25.49,1015.98,40.74,192.69,8.46,1
206172,31,69,72,836,2,23,0,25.49,1015.98,40.82,191.91,8.46,1
207168,31,69,73,836,2,23,0,25.49,1015.98,40.90,190.69,8.46,1
208164,31,69,72,835,2,23,0,25.49,1015.98,40.92,192.69,8.46,1
209160,31,69,73,836,2,24,0,25.49,1015.98,40.90,191.91,8.46,1
210156,31,69,72,835,2,22,0,25.49,1015.98,40.89,192.69,8.46,1
211152,31,69,72,836,2,24,0,25.49,1015.98,40.84,192.47,8.46,1
212148,31,69,72,835,2,26,0,25.49,1015.98,40.81,191.35,8.46,1
213144,31,69,73,835,2,25,0,25.49,1015.98,40.78,191.46,8.46,1
214140,31,69,72,835,2,23,0,25.49,1015.98,40.73,192.92,8.46,1
215136,31,68,72,834,2,22,0,25.49,1015.98,40.69,192.47,8.55,1
216132,31,69,72,836,3,21,0,25.49,1015.97,40.69,192.13,8.55,1
217128,31,69,72,835,2,22,0,25.49,1015.97,40.70,193.59,8.46,1
218124,31,69,73,835,3,23,0,25.49,1015.98,40.72,192.13,8.55,1
219120,31,68,72,835,2,22,0,25.49,1015.97,40.71,192.69,8.46,1
220116,31,68,72,835,2,20,0,25.49,1015.98,40.68,193.37,8.46,1
221112,31,69,72,834,2,22,0,25.49,1015.98,40.68,193.37,8.46,1
222108,30,69,73,835,3,22,0,25.49,1015.98,40.68,192.47,8.46,1
223104,32,69,72,834,2,21,0,25.49,1015.98,40.73,193.14,8.46,1
224100,31,68,72,834,2,22,0,25.49,1015.98,40.77,191.80,8.46,1
225096,31,69,72,834,2,22,0,25.49,1015.98,40.77,191.69,8.46,1
226092,31,68,72,834,2,21,0,25.49,1015.98,40.74,191.91,8.46,1
227088,30,69,72,835,2,22,0,25.49,1015.98,40.73,193.59,8.46,1
228084,31,69,72,834,2,22,0,25.49,1015.98,40.74,193.25,8.55,1
229080,31,69,72,833,2,22,0,25.49,1015.97,40.75,192.02,8.46,1
230076,31,69,72,833,2,22,0,25.49,1015.98,40.78,193.37,8.46,1
231072,31,68,72,833,2,25,0,25.49,1015.98,40.79,193.03,8.46,1
232068,31,69,72,832,2,23,0,25.49,1015.98,40.77,193.71,8.46,1
233064,32,68,72,833,2,23,0,25.49,1015.98,40.74,193.59,8.46,1
234060,31,68,73,832,2,23,0,25.49,1015.98,40.70,194.51,8.38,1
235056,31,68,73,833,2,22,0,25.49,1015.99,40.65,192.80,8.38,1
236052,31,68,72,833,2,22,0,25.49,1015.99,40.66,193.82,8.38,1
237048,31,68,72,832,2,23,0,25.49,1015.99,40.67,193.48,8.38,1
238044,31,68,72,832,2,23,0,25.49,1015.99,40.66,193.82,8.46,1
239040,31,68,72,832,2,22,0,25.49,1015.98,40.68,194.51,8.46,1
240036,32,69,72,832,2,22,0,25.49,1015.98,40.71,193.82,8.38,1
241032,31,69,72,832,2,21,0,25.49,1015.99,40.75,193.71,8.38,1
242028,31,68,72,833,2,22,0,25.49,1015.99,40.77,192.47,8.38,1
243024,31,69,72,832,1,22,0,25.49,1015.99,40.79,192.69,8.38,1
244020,31,68,72,833,2,23,0,25.49,1015.99,40.77,194.39,8.38,1
245016,31,68,72,833,2,23,0,25.49,1015.99,40.76,193.37,8.38,1
246012,31,68,72,833,1,24,0,25.49,1015.99,40.70,194.16,8.38,1
247008,31,69,73,833,2,23,0,25.49,1015.99,40.67,194.05,8.38,1
248004,31,69,73,834,2,22,0,25.49,1015.99,40.68,194.16,8.38,1
249000,31,69,72,833,2,23,0,25.49,1015.99,40.71,194.05,8.38,1
249996,31,69,73,834,2,22,0,25.49,1015.99,40.71,193.48,8.38,1
250992,30,69,72,834,2,22,0,25.49,1015.99,40.68,192.69,8.46,1
251988,31,68,73,835,2,23,0,25.49,1015.98,40.63,193.59,8.38,1
252984,32,68,73,834,2,21,0,25.49,1015.99,40.62,194.05,8.38,1
253980,31,69,73,834,2,22,0,25.49,1015.99,40.66,192.80,8.38,1
254976,31,68,73,834,2,22,0,25.49,1015.99,40.67,193.59,8.38,1
255972,31,69,73,834,2,23,0,25.49,1015.99,40.70,194.05,8.38,1
256968,31,68,72,834,2,25,0,25.49,1015.99,40.72,194.51,8.38,1
257964,32,69,73,834,2,23,0,25.49,1015.99,40.73,194.05,8.30,1
258960,32,69,73,834,2,22,0,25.49,1016.00,40.71,193.59,8.38,1
259956,31,69,73,835,2,23,0,25.49,1015.99,40.69,194.16,8.38,1
260952,31,69,73,835,2,21,0,25.49,1015.99,40.70,193.59,8.38,1
261948,32,69,73,835,2,23,0,25.49,1015.99,40.69,192.92,8.30,1
262944,31,69,72,835,2,22,0,25.49,1016.00,40.68,194.51,8.38,1
263940,31,69,73,835,2,23,0,25.49,1015.99,40.69,193.48,8.38,1
264936,31,69,73,835,2,23,0,25.48,1015.99,40.71,193.14,8.30,1
265932,31,69,73,834,3,23,0,25.48,1016.00,40.71,193.37,8.38,1
266928,31,68,73,835,2,23,0,25.48,1015.99,40.74,193.48,8.38,1
267924,31,68,73,835,2,23,0,25.48,1015.99,40.77,193.82,8.38,1
268920,31,69,73,835,2,23,0,25.48,1015.99,40.79,194.51,8.38,1
269916,31,69,72,835,2,24,0,25.48,1015.99,40.78,193.14,8.46,1
270912,31,68,73,834,2,23,0,25.48,1015.98,40.75,194.28,8.46,1
271908,31,69,72,834,2,25,0,25.48,1015.98,40.68,193.25,8.46,1
272904,32,69,73,834,2,24,0,25.48,1015.98,40.63,194.28,8.46,1
273900,31,68,73,834,2,23,0,25.48,1015.98,40.60,193.71,8.46,1
274896,32,69,73,834,2,22,0,25.48,1015.98,40.54,195.43,8.38,1
275892,31,69,73,834,2,23,0,25.48,1015.99,40.49,195.54,8.38,1
276888,31,68,73,834,2,22,0,25.48,1015.99,40.44,194.28,8.38,1
277884,31,69,73,834,2,24,0,25.48,1015.99,40.39,196.59,8.38,1
278880,31,69,73,835,2,24,0,25.48,1015.99,40.41,196.00,8.30,1
279876,32,69,72,835,2,22,0,25.48,1016.00,40.45,194.28,8.30,1
280872,31,69,73,835,2,23,0,25.48,1016.00,40.52,194.28,8.38,1
281868,32,69,73,835,2,23,0,25.48,1015.99,40.57,195.43,8.38,1
282864,31,69,73,836,2,23,0,25.48,1015.99,40.58,194.96,8.38,1
283860,32,69,73,835,2,24,0,25.48,1015.99,40.58,194.96,8.38,1
284856,31,69,73,835,2,23,0,25.48,1015.99,40.59,195.31,8.46,1
285852,31,69,73,835,2,23,0,25.48,1015.98,40.62,195.43,8.46,1
286848,31,69,73,835,2,23,0,25.48,1015.98,40.64,194.74,8.46,1
287844,32,69,73,834,2,24,0,25.48,1015.98,40.69,195.19,8.38,1
288840,32,69,73,834,2,23,0,25.48,1015.99,40.73,195.89,8.30,1
289836,31,68,73,834,2,22,0,25.48,1016.00,40.75,195.19,8.38,1
290832,31,69,73,834,2,23,0,25.48,1015.99,40.76,194.85,8.30,1
291828,32,69,73,834,2,23,0,25.48,1016.00,40.80,194.28,8.38,1
292824,31,69,73,835,2,23,0,25.48,1015.99,40.89,193.37,8.38,1
293820,32,69,73,834,2,23,0,25.48,1015.99,40.98,193.48,8.46,1
294816,31,69,73,834,2,23,0,25.48,1015.98,41.07,192.36,8.38,1
295812,31,69,73,835,2,23,0,25.48,1015.99,41.18,191.91,8.38,1
296808,32,69,73,835,2,22,0,25.48,1015.99,41.24,192.80,8.38,1
297804,32,69,73,835,2,23,0,25.48,1015.99,41.28,192.92,8.38,1
298800,32,69,73,835,2,23,0,25.48,1015.99,41.24,191.13,8.38,1
299796,32,69,73,835,2,23,0,25.48,1015.99,41.19,191.57,8.46,1
300792,32,69,73,835,2,24,0,25.48,1015.98,41.13,193.03,8.46,1
301788,32,69,73,834,2,23,0,25.48,1015.98,41.06,191.80,8.46,1
302784,31,69,73,835,2,23,0,25.48,1015.98,41.00,193.59,8.38,1
303780,31,69,73,834,2,22,0,25.48,1015.99,40.95,192.02,8.46,1
304776,31,69,73,834,1,23,0,25.48,1015.98,40.93,193.14,8.46,1
305772,31,69,72,834,2,23,0,25.48,1015.98,40.93,193.14,8.46,1
306768,31,69,73,834,2,23,0,25.48,1015.98,40.92,193.25,8.38,1
307764,31,69,73,835,2,22,0,25.48,1015.99,40.94,193.59,8.38,1
308760,32,69,73,835,2,23,0,25.48,1015.99,40.96,193.03,8.46,1
309756,31,69,73,835,3,23,0,25.48,1015.98,40.96,192.47,8.46,1
310752,32,70,73,834,2,23,0,25.48,1015.98,40.94,192.02,8.46,1
311748,32,69,73,835,2,25,0,25.48,1015.98,40.93,192.69,8.46,1
312744,32,69,73,835,2,23,0,25.48,1015.98,40.89,193.25,8.46,1
313740,32,69,73,835,2,23,0,25.48,1015.98,40.86,193.93,8.38,1
314736,31,69,73,836,2,22,0,25.48,1015.99,40.81,193.48,8.38,1
315732,31,70,73,836,2,22,0,25.48,1015.99,40.78,194.05,8.38,1
316728,31,70,73,836,2,22,0,25.48,1015.99,40.83,193.37,8.38,1
317724,31,70,73,835,2,21,0,25.48,1015.99,40.89,193.48,8.46,1
318720,32,70,74,836,2,22,0,25.48,1015.98,40.93,194.62,8.38,1
319716,32,70,73,837,2,24,0,25.48,1015.99,40.95,191.91,8.38,1
320712,32,70,74,837,2,23,0,25.48,1015.99,40.97,191.69,8.38,1
321708,32,69,73,836,2,24,0,25.48,1015.99,40.99,191.69,8.38,1
322704,32,69,73,836,2,23,0,25.48,1015.99,41.00,193.37,8.38,1
323700,32,70,73,835,2,23,0,25.48,1015.99,41.00,193.14,8.38,1
324696,31,70,73,834,2,23,0,25.48,1015.99,41.03,192.02,8.38,1
325692,31,69,73,835,2,23,0,25.48,1015.99,41.00,193.14,8.38,1
326688,31,69,72,834,2,23,0,25.48,1015.99,40.98,193.37,8.38,1
327684,31,69,73,835,2,24,0,25.48,1015.99,40.96,191.91,8.38,1
328680,31,69,73,833,2,24,0,25.48,1015.99,40.94,193.59,8.38,1
329676,31,69,72,834,2,23,0,25.48,1015.99,40.95,193.03,8.30,1
330672,32,69,73,834,2,23,0,25.48,1016.00,40.93,191.91,8.38,1
331668,31,70,73,835,2,23,0,25.48,1015.99,40.93,193.48,8.38,1
332664,32,70,72,834,2,23,0,25.48,1015.99,40.92,193.25,8.30,1
333660,32,69,73,834,3,23,0,25.48,1016.00,40.93,191.80,8.38,1
334656,32,69,73,834,2,23,0,25.48,1015.99,40.97,192.69,8.30,1
335652,32,69,73,834,2,23,0,25.48,1016.00,41.00,192.80,8.30,1
336648,32,69,73,834,2,23,0,25.48,1016.00,41.02,193.14,8.30,1
337644,31,69,73,835,2,26,0,25.48,1016.00,41.03,191.46,8.30,1
338640,31,69,73,835,2,23,0,25.48,1016.00,41.00,193.37,8.30,1
339636,32,70,73,835,2,23,0,25.48,1016.00,40.97,193.37,8.30,1
340632,31,69,73,836,2,24,0,25.48,1016.00,40.97,192.92,8.38,1
341628,31,69,73,835,2,23,0,25.48,1015.99,41.04,192.47,8.38,1
342624,31,69,74,835,2,22,0,25.48,1015.99,41.11,191.80,8.46,1
343620,31,69,73,835,2,23,0,25.48,1015.98,41.19,191.13,8.46,1
344616,31,69,74,835,2,24,0,25.48,1015.98,41.22,190.80,8.38,1
345612,32,70,73,835,2,23,0,25.48,1015.99,41.24,192.36,8.38,1
346608,31,69,73,835,2,23,0,25.48,1015.99,41.22,192.13,8.38,1
347604,31,69,73,835,2,23,0,25.48,1015.99,41.17,192.13,8.38,1
348600,32,70,73,835,2,23,0,25.48,1015.99,41.12,192.47,8.38,1
349596,31,69,72,835,2,24,0,25.48,1015.99,41.05,192.13,8.38,1
350592,31,69,73,835,2,23,0,25.48,1015.99,41.00,192.58,8.38,1
351588,32,69,73,834,2,23,0,25.48,1015.99,40.96,192.69,8.46,1
352584,32,69,73,834,2,22,0,25.48,1015.98,40.92,192.02,8.46,1
353580,32,70,72,833,2,24,0,25.48,1015.98,40.90,191.80,8.46,1
354576,31,69,73,834,2,23,0,25.48,1015.98,40.93,191.69,8.46,1
355572,31,69,73,833,2,23,0,25.48,1015.98,40.96,192.92,8.38,1
356568,31,69,73,833,2,24,0,25.48,1015.99,40.96,192.69,8.46,1
357564,31,69,73,833,2,23,0,25.48,1015.98,40.93,192.47,8.38,1
358560,31,69,73,834,2,24,0,25.48,1015.99,40.89,191.91,8.46,1
359556,31,69,73,834,2,23,0,25.48,1015.98,40.84,193.14,8.46,1
360552,31,69,73,834,2,22,0,25.48,1015.98,40.78,192.47,8.46,1
361548,32,69,74,834,2,24,0,25.48,1015.98,40.75,192.24,8.46,1
362544,32,69,73,833,2,23,0,25.48,1015.98,40.73,193.59,8.46,1
363540,32,70,72,834,2,25,0,25.48,1015.98,40.74,192.58,8.38,1
364536,31,69,73,834,2,24,0,25.48,1015.99,40.78,192.47,8.38,1
365532,31,68,73,834,2,23,0,25.48,1015.99,40.84,193.59,8.38,1
366528,31,68,72,833,2,26,0,25.48,1015.99,40.89,192.47,8.38,1
367524,32,69,73,833,2,24,0,25.48,1015.99,40.93,192.13,8.38,1
368520,32,69,73,834,2,23,0,25.48,1015.99,40.97,193.03,8.38,1
369516,31,69,73,834,2,23,0,25.48,1015.99,41.05,192.02,8.38,1
370512,31,70,73,834,2,23,0,25.48,1015.99,41.13,191.57,8.38,1
371508,31,70,73,834,2,22,0,25.48,1015.99,41.24,190.03,8.38,1
372504,32,70,74,835,2,22,0,25.48,1015.99,41.28,191.02,8.46,1
373500,32,69,73,835,2,23,0,25.48,1015.98,41.32,190.58,8.46,1
374496,32,69,74,834,2,23,0,25.48,1015.98,41.32,191.24,8.46,1
375492,32,70,74,834,2,23,0,25.48,1015.98,41.31,191.80,8.46,1
376488,31,69,73,834,1,23,0,25.48,1015.98,41.25,192.24,8.46,1
377484,32,69,73,833,2,25,0,25.48,1015.98,41.21,190.47,8.46,1
378480,32,69,73,833,2,23,0,25.48,1015.98,41.16,192.24,8.46,1
379476,31,69,73,832,2,22,0,25.48,1015.98,41.12,191.46,8.46,1
380472,31,69,73,833,2,21,0,25.48,1015.98,41.06,192.47,8.46,1
381468,32,69,73,833,2,24,0,25.48,1015.98,41.01,192.36,8.46,1
382464,32,69,73,833,2,22,0,25.48,1015.98,41.02,192.24,8.46,1
383460,31,69,73,833,2,24,0,25.48,1015.98,41.09,190.91,8.55,1
384456,31,70,73,833,2,22,0,25.48,1015.97,41.19,192.02,8.55,1
385452,31,70,73,834,2,22,0,25.48,1015.97,41.29,191.35,8.55,1
386448,31,70,73,834,2,21,0,25.48,1015.97,41.38,189.81,8.55,1
387444,32,70,74,834,2,22,0,25.48,1015.97,41.45,189.38,8.55,1
388440,31,70,74,835,2,22,0,25.48,1015.97,41.52,189.06,8.55,1
389436,32,70,74,835,2,22,0,25.48,1015.97,41.56,188.62,8.55,1
390432,32,70,73,835,2,23,0,25.48,1015.97,41.59,190.03,8.46,1
391428,31,69,73,834,2,22,0,25.48,1015.98,41.59,190.25,8.46,1
392424,32,70,74,834,1,22,0,25.48,1015.98,41.59,189.16,8.38,1
393420,32,69,73,834,2,22,0,25.48,1015.99,41.63,188.73,8.46,1
394416,32,70,73,835,2,23,0,25.48,1015.98,41.65,189.06,8.38,1
395412,32,70,73,835,2,23,0,25.48,1015.99,41.65,189.92,8.38,1
396408,31,70,73,835,2,22,0,25.48,1015.99,41.62,187.55,8.38,1
397404,32,70,74,836,2,23,0,25.48,1015.99,41.64,187.66,8.46,1
398400,31,70,73,836,2,22,0,25.48,1015.98,41.70,187.87,8.46,1
399396,32,70,74,835,2,23,0,25.48,1015.98,41.78,188.52,8.46,1
400392,32,70,74,836,2,22,0,25.48,1015.98,41.89,187.98,8.46,1
401388,32,70,74,836,2,22,0,25.48,1015.98,41.93,186.60,8.46,1
402384,32,70,74,836,2,22,0,25.48,1015.98,41.94,186.60,8.46,1
403380,31,70,74,836,2,23,0,25.48,1015.98,41.95,186.60,8.46,1
404376,32,70,73,836,2,23,0,25.48,1015.98,41.94,186.60,8.46,1
405372,32,70,74,836,2,23,0,25.48,1015.98,41.94,186.92,8.46,1
406368,31,70,74,835,2,22,0,25.48,1015.98,41.98,186.18,8.46,1
407364,31,69,74,835,2,23,0,25.48,1015.98,42.02,186.28,8.46,1
408360,32,70,74,836,2,23,0,25.48,1015.98,42.07,186.39,8.55,1
409356,31,70,74,836,2,22,0,25.48,1015.97,42.06,187.01,8.55,1
410352,31,70,74,835,2,22,0,25.48,1015.97,42.07,186.18,8.46,1
411348,31,70,73,836,2,23,0,25.48,1015.98,42.05,186.39,8.55,1
412344,32,70,73,835,2,23,0,25.48,1015.97,42.04,186.60,8.55,1
413340,32,70,74,835,2,23,0,25.48,1015.97,42.03,185.45,8.55,1
414336,32,70,73,836,2,22,0,25.48,1015.97,41.97,185.24,8.46,1
415332,32,70,74,836,2,22,0,25.48,1015.98,41.91,186.28,8.55,1
416328,32,69,74,835,2,23,0,25.48,1015.97,41.84,185.24,8.46,1
417324,32,70,74,835,2,22,0,25.48,1015.98,41.77,186.92,8.46,1
418320,32,70,74,835,2,23,0,25.48,1015.98,41.71,185.76,8.46,1
419316,32,70,74,836,2,23,0,25.48,1015.98,41.62,187.34,8.46,1
420312,31,70,74,835,2,22,0,25.48,1015.98,41.55,186.60,8.38,1
